tool,document_id,object_id,type,overlapping_other_types,note
pymupdf,D01,DIA_001,diagram,"[{""type"": ""image"", ""id"": ""p9_image_9""}]",geometry_only_not_correctness
pymupdf,D01,MATH_001,math_formula,"[{""type"": ""text"", ""id"": ""p17_text_11""}, {""type"": ""text"", ""id"": ""p17_text_12""}, {""type"": ""text"", ""id"": ""p17_text_13""}, {""type"": ""text"", ""id"": ""p17_text_14""}, {""type"": ""text"", ""id"": ""p17_text_16""}, {""type"": ""text"", ""id"": ""p17_text_17""}, {""type"": ""text"", ""id"": ""p17_text_18""}, {""type"": ""text"", ""id"": ""p17_text_19""}, {""type"": ""text"", ""id"": ""p17_text_20""}, {""type"": ""text"", ""id"": ""p17_text_21""}, {""type"": ""text"", ""id"": ""p17_text_22""}, {""type"": ""text"", ""id"": ""p17_text_23""}, {""type"": ""text"", ""id"": ""p17_text_24""}, {""type"": ""text"", ""id"": ""p17_text_25""}]",geometry_only_not_correctness
pymupdf,D01,DIA_002,diagram,"[{""type"": ""image"", ""id"": ""p39_image_1""}]",geometry_only_not_correctness
pymupdf,D02,CHEM_003,chemical_structure,"[{""type"": ""table"", ""id"": ""p2_table_1""}, {""type"": ""image"", ""id"": ""p2_image_15""}]",geometry_only_not_correctness
pymupdf,D02,CHEM_004,chemical_structure,"[{""type"": ""table"", ""id"": ""p2_table_1""}, {""type"": ""image"", ""id"": ""p2_image_21""}]",geometry_only_not_correctness
pymupdf,D02,CHEM_005,chemical_structure,"[{""type"": ""table"", ""id"": ""p2_table_1""}, {""type"": ""image"", ""id"": ""p2_image_28""}]",geometry_only_not_correctness
pymupdf,D02,CHEM_006,chemical_structure,"[{""type"": ""table"", ""id"": ""p2_table_1""}, {""type"": ""image"", ""id"": ""p2_image_33""}]",geometry_only_not_correctness
pymupdf,D02,CHEM_001,chemical_formula,"[{""type"": ""text"", ""id"": ""p3_text_4""}]",geometry_only_not_correctness
pymupdf,D02,CHEM_002,chemical_formula,"[{""type"": ""text"", ""id"": ""p3_text_4""}]",geometry_only_not_correctness
pymupdf,D02,DIA_003,diagram,"[{""type"": ""image"", ""id"": ""p4_image_13""}]",geometry_only_not_correctness
pymupdf,D03,DIA_004,diagram,"[{""type"": ""image"", ""id"": ""p5_image_7""}]",geometry_only_not_correctness
pymupdf,D03,DIA_005,diagram,"[{""type"": ""image"", ""id"": ""p9_image_3""}]",geometry_only_not_correctness
pymupdf,D04,MATH_002,math_formula,"[{""type"": ""text"", ""id"": ""p1_text_14""}, {""type"": ""text"", ""id"": ""p1_text_15""}, {""type"": ""text"", ""id"": ""p1_text_18""}, {""type"": ""text"", ""id"": ""p1_text_19""}, {""type"": ""text"", ""id"": ""p1_text_20""}, {""type"": ""text"", ""id"": ""p1_text_21""}, {""type"": ""text"", ""id"": ""p1_text_22""}, {""type"": ""image"", ""id"": ""p1_image_16""}, {""type"": ""image"", ""id"": ""p1_image_17""}]",geometry_only_not_correctness
pymupdf,D04,MATH_003,math_formula,"[{""type"": ""text"", ""id"": ""p2_text_3""}, {""type"": ""text"", ""id"": ""p2_text_4""}, {""type"": ""text"", ""id"": ""p2_text_5""}, {""type"": ""text"", ""id"": ""p2_text_9""}, {""type"": ""text"", ""id"": ""p2_text_10""}, {""type"": ""text"", ""id"": ""p2_text_11""}, {""type"": ""text"", ""id"": ""p2_text_12""}, {""type"": ""text"", ""id"": ""p2_text_13""}, {""type"": ""image"", ""id"": ""p2_image_6""}, {""type"": ""image"", ""id"": ""p2_image_7""}, {""type"": ""image"", ""id"": ""p2_image_8""}]",geometry_only_not_correctness
pymupdf,D04,MATH_004,math_formula,"[{""type"": ""text"", ""id"": ""p3_text_3""}, {""type"": ""text"", ""id"": ""p3_text_4""}, {""type"": ""text"", ""id"": ""p3_text_5""}, {""type"": ""text"", ""id"": ""p3_text_6""}, {""type"": ""text"", ""id"": ""p3_text_7""}]",geometry_only_not_correctness
pymupdf,D04,MATH_005,math_formula,"[{""type"": ""text"", ""id"": ""p6_text_7""}, {""type"": ""text"", ""id"": ""p6_text_8""}, {""type"": ""text"", ""id"": ""p6_text_10""}, {""type"": ""text"", ""id"": ""p6_text_11""}, {""type"": ""text"", ""id"": ""p6_text_12""}, {""type"": ""text"", ""id"": ""p6_text_13""}, {""type"": ""text"", ""id"": ""p6_text_14""}, {""type"": ""text"", ""id"": ""p6_text_15""}, {""type"": ""text"", ""id"": ""p6_text_16""}, {""type"": ""text"", ""id"": ""p6_text_17""}, {""type"": ""image"", ""id"": ""p6_image_9""}]",geometry_only_not_correctness
pymupdf,D04,TAB_006,table,"[{""type"": ""text"", ""id"": ""p8_text_2""}, {""type"": ""text"", ""id"": ""p8_text_4""}, {""type"": ""text"", ""id"": ""p8_text_5""}, {""type"": ""text"", ""id"": ""p8_text_14""}, {""type"": ""text"", ""id"": ""p8_text_15""}, {""type"": ""text"", ""id"": ""p8_text_16""}, {""type"": ""text"", ""id"": ""p8_text_17""}, {""type"": ""text"", ""id"": ""p8_text_18""}, {""type"": ""text"", ""id"": ""p8_text_34""}, {""type"": ""text"", ""id"": ""p8_text_35""}, {""type"": ""text"", ""id"": ""p8_text_36""}, {""type"": ""text"", ""id"": ""p8_text_37""}, {""type"": ""text"", ""id"": ""p8_text_38""}, {""type"": ""text"", ""id"": ""p8_text_39""}, {""type"": ""text"", ""id"": ""p8_text_47""}, {""type"": ""text"", ""id"": ""p8_text_48""}, {""type"": ""text"", ""id"": ""p8_text_49""}, {""type"": ""text"", ""id"": ""p8_text_50""}, {""type"": ""text"", ""id"": ""p8_text_51""}, {""type"": ""text"", ""id"": ""p8_text_59""}, {""type"": ""text"", ""id"": ""p8_text_60""}, {""type"": ""text"", ""id"": ""p8_text_61""}, {""type"": ""text"", ""id"": ""p8_text_62""}, {""type"": ""text"", ""id"": ""p8_text_63""}, {""type"": ""text"", ""id"": ""p8_text_64""}, {""type"": ""text"", ""id"": ""p8_text_65""}, {""type"": ""text"", ""id"": ""p8_text_66""}, {""type"": ""text"", ""id"": ""p8_text_67""}, {""type"": ""text"", ""id"": ""p8_text_68""}, {""type"": ""text"", ""id"": ""p8_text_77""}, {""type"": ""text"", ""id"": ""p8_text_85""}, {""type"": ""text"", ""id"": ""p8_text_86""}, {""type"": ""text"", ""id"": ""p8_text_87""}, {""type"": ""text"", ""id"": ""p8_text_95""}, {""type"": ""text"", ""id"": ""p8_text_96""}, {""type"": ""text"", ""id"": ""p8_text_97""}, {""type"": ""text"", ""id"": ""p8_text_105""}, {""type"": ""text"", ""id"": ""p8_text_106""}, {""type"": ""text"", ""id"": ""p8_text_107""}, {""type"": ""text"", ""id"": ""p8_text_108""}, {""type"": ""text"", ""id"": ""p8_text_109""}, {""type"": ""text"", ""id"": ""p8_text_110""}, {""type"": ""text"", ""id"": ""p8_text_126""}, {""type"": ""text"", ""id"": ""p8_text_127""}, {""type"": ""text"", ""id"": ""p8_text_128""}, {""type"": ""text"", ""id"": ""p8_text_129""}, {""type"": ""text"", ""id"": ""p8_text_137""}, {""type"": ""text"", ""id"": ""p8_text_138""}, {""type"": ""text"", ""id"": ""p8_text_139""}, {""type"": ""text"", ""id"": ""p8_text_147""}, {""type"": ""text"", ""id"": ""p8_text_148""}, {""type"": ""text"", ""id"": ""p8_text_149""}, {""type"": ""text"", ""id"": ""p8_text_150""}, {""type"": ""text"", ""id"": ""p8_text_151""}, {""type"": ""text"", ""id"": ""p8_text_152""}, {""type"": ""text"", ""id"": ""p8_text_161""}, {""type"": ""text"", ""id"": ""p8_text_169""}, {""type"": ""text"", ""id"": ""p8_text_170""}, {""type"": ""text"", ""id"": ""p8_text_171""}, {""type"": ""text"", ""id"": ""p8_text_172""}, {""type"": ""text"", ""id"": ""p8_text_173""}, {""type"": ""text"", ""id"": ""p8_text_174""}, {""type"": ""text"", ""id"": ""p8_text_182""}, {""type"": ""text"", ""id"": ""p8_text_183""}, {""type"": ""text"", ""id"": ""p8_text_184""}, {""type"": ""text"", ""id"": ""p8_text_185""}, {""type"": ""text"", ""id"": ""p8_text_193""}, {""type"": ""text"", ""id"": ""p8_text_194""}, {""type"": ""text"", ""id"": ""p8_text_195""}, {""type"": ""text"", ""id"": ""p8_text_196""}, {""type"": ""text"", ""id"": ""p8_text_197""}, {""type"": ""text"", ""id"": ""p8_text_198""}, {""type"": ""text"", ""id"": ""p8_text_199""}, {""type"": ""text"", ""id"": ""p8_text_200""}, {""type"": ""text"", ""id"": ""p8_text_201""}, {""type"": ""text"", ""id"": ""p8_text_202""}, {""type"": ""text"", ""id"": ""p8_text_218""}, {""type"": ""text"", ""id"": ""p8_text_219""}, {""type"": ""text"", ""id"": ""p8_text_220""}, {""type"": ""text"", ""id"": ""p8_text_221""}, {""type"": ""text"", ""id"": ""p8_text_229""}, {""type"": ""text"", ""id"": ""p8_text_230""}, {""type"": ""text"", ""id"": ""p8_text_231""}, {""type"": ""text"", ""id"": ""p8_text_239""}, {""type"": ""text"", ""id"": ""p8_text_240""}, {""type"": ""text"", ""id"": ""p8_text_241""}, {""type"": ""text"", ""id"": ""p8_text_242""}, {""type"": ""text"", ""id"": ""p8_text_243""}, {""type"": ""text"", ""id"": ""p8_text_244""}, {""type"": ""text"", ""id"": ""p8_text_260""}, {""type"": ""text"", ""id"": ""p8_text_261""}, {""type"": ""text"", ""id"": ""p8_text_262""}, {""type"": ""text"", ""id"": ""p8_text_263""}, {""type"": ""text"", ""id"": ""p8_text_264""}, {""type"": ""text"", ""id"": ""p8_text_272""}, {""type"": ""text"", ""id"": ""p8_text_273""}, {""type"": ""text"", ""id"": ""p8_text_281""}, {""type"": ""text"", ""id"": ""p8_text_282""}, {""type"": ""text"", ""id"": ""p8_text_283""}, {""type"": ""text"", ""id"": ""p8_text_284""}, {""type"": ""text"", ""id"": ""p8_text_285""}, {""type"": ""text"", ""id"": ""p8_text_286""}, {""type"": ""image"", ""id"": ""p8_image_3""}, {""type"": ""image"", ""id"": ""p8_image_6""}, {""type"": ""image"", ""id"": ""p8_image_7""}, {""type"": ""image"", ""id"": ""p8_image_8""}, {""type"": ""image"", ""id"": ""p8_image_9""}, {""type"": ""image"", ""id"": ""p8_image_10""}, {""type"": ""image"", ""id"": ""p8_image_11""}, {""type"": ""image"", ""id"": ""p8_image_12""}, {""type"": ""image"", ""id"": ""p8_image_13""}, {""type"": ""image"", ""id"": ""p8_image_19""}, {""type"": ""image"", ""id"": ""p8_image_20""}, {""type"": ""image"", ""id"": ""p8_image_21""}, {""type"": ""image"", ""id"": ""p8_image_22""}, {""type"": ""image"", ""id"": ""p8_image_23""}, {""type"": ""image"", ""id"": ""p8_image_24""}, {""type"": ""image"", ""id"": ""p8_image_25""}, {""type"": ""image"", ""id"": ""p8_image_26""}, {""type"": ""image"", ""id"": ""p8_image_27""}, {""type"": ""image"", ""id"": ""p8_image_28""}, {""type"": ""image"", ""id"": ""p8_image_29""}, {""type"": ""image"", ""id"": ""p8_image_30""}, {""type"": ""image"", ""id"": ""p8_image_31""}, {""type"": ""image"", ""id"": ""p8_image_32""}, {""type"": ""image"", ""id"": ""p8_image_33""}, {""type"": ""image"", ""id"": ""p8_image_40""}, {""type"": ""image"", ""id"": ""p8_image_41""}, {""type"": ""image"", ""id"": ""p8_image_42""}, {""type"": ""image"", ""id"": ""p8_image_43""}, {""type"": ""image"", ""id"": ""p8_image_44""}, {""type"": ""image"", ""id"": ""p8_image_45""}, {""type"": ""image"", ""id"": ""p8_image_46""}, {""type"": ""image"", ""id"": ""p8_image_52""}, {""type"": ""image"", ""id"": ""p8_image_53""}, {""type"": ""image"", ""id"": ""p8_image_54""}, {""type"": ""image"", ""id"": ""p8_image_55""}, {""type"": ""image"", ""id"": ""p8_image_56""}, {""type"": ""image"", ""id"": ""p8_image_57""}, {""type"": ""image"", ""id"": ""p8_image_58""}, {""type"": ""image"", ""id"": ""p8_image_69""}, {""type"": ""image"", ""id"": ""p8_image_70""}, {""type"": ""image"", ""id"": ""p8_image_71""}, {""type"": ""image"", ""id"": ""p8_image_72""}, {""type"": ""image"", ""id"": ""p8_image_73""}, {""type"": ""image"", ""id"": ""p8_image_74""}, {""type"": ""image"", ""id"": ""p8_image_75""}, {""type"": ""image"", ""id"": ""p8_image_76""}, {""type"": ""image"", ""id"": ""p8_image_78""}, {""type"": ""image"", ""id"": ""p8_image_79""}, {""type"": ""image"", ""id"": ""p8_image_80""}, {""type"": ""image"", ""id"": ""p8_image_81""}, {""type"": ""image"", ""id"": ""p8_image_82""}, {""type"": ""image"", ""id"": ""p8_image_83""}, {""type"": ""image"", ""id"": ""p8_image_84""}, {""type"": ""image"", ""id"": ""p8_image_88""}, {""type"": ""image"", ""id"": ""p8_image_89""}, {""type"": ""image"", ""id"": ""p8_image_90""}, {""type"": ""image"", ""id"": ""p8_image_91""}, {""type"": ""image"", ""id"": ""p8_image_92""}, {""type"": ""image"", ""id"": ""p8_image_93""}, {""type"": ""image"", ""id"": ""p8_image_94""}, {""type"": ""image"", ""id"": ""p8_image_98""}, {""type"": ""image"", ""id"": ""p8_image_99""}, {""type"": ""image"", ""id"": ""p8_image_100""}, {""type"": ""image"", ""id"": ""p8_image_101""}, {""type"": ""image"", ""id"": ""p8_image_102""}, {""type"": ""image"", ""id"": ""p8_image_103""}, {""type"": ""image"", ""id"": ""p8_image_104""}, {""type"": ""image"", ""id"": ""p8_image_111""}, {""type"": ""image"", ""id"": ""p8_image_112""}, {""type"": ""image"", ""id"": ""p8_image_113""}, {""type"": ""image"", ""id"": ""p8_image_114""}, {""type"": ""image"", ""id"": ""p8_image_115""}, {""type"": ""image"", ""id"": ""p8_image_116""}, {""type"": ""image"", ""id"": ""p8_image_117""}, {""type"": ""image"", ""id"": ""p8_image_118""}, {""type"": ""image"", ""id"": ""p8_image_119""}, {""type"": ""image"", ""id"": ""p8_image_120""}, {""type"": ""image"", ""id"": ""p8_image_121""}, {""type"": ""image"", ""id"": ""p8_image_122""}, {""type"": ""image"", ""id"": ""p8_image_123""}, {""type"": ""image"", ""id"": ""p8_image_124""}, {""type"": ""image"", ""id"": ""p8_image_125""}, {""type"": ""image"", ""id"": ""p8_image_130""}, {""type"": ""image"", ""id"": ""p8_image_131""}, {""type"": ""image"", ""id"": ""p8_image_132""}, {""type"": ""image"", ""id"": ""p8_image_133""}, {""type"": ""image"", ""id"": ""p8_image_134""}, {""type"": ""image"", ""id"": ""p8_image_135""}, {""type"": ""image"", ""id"": ""p8_image_136""}, {""type"": ""image"", ""id"": ""p8_image_140""}, {""type"": ""image"", ""id"": ""p8_image_141""}, {""type"": ""image"", ""id"": ""p8_image_142""}, {""type"": ""image"", ""id"": ""p8_image_143""}, {""type"": ""image"", ""id"": ""p8_image_144""}, {""type"": ""image"", ""id"": ""p8_image_145""}, {""type"": ""image"", ""id"": ""p8_image_146""}, {""type"": ""image"", ""id"": ""p8_image_153""}, {""type"": ""image"", ""id"": ""p8_image_154""}, {""type"": ""image"", ""id"": ""p8_image_155""}, {""type"": ""image"", ""id"": ""p8_image_156""}, {""type"": ""image"", ""id"": ""p8_image_157""}, {""type"": ""image"", ""id"": ""p8_image_158""}, {""type"": ""image"", ""id"": ""p8_image_159""}, {""type"": ""image"", ""id"": ""p8_image_160""}, {""type"": ""image"", ""id"": ""p8_image_162""}, {""type"": ""image"", ""id"": ""p8_image_163""}, {""type"": ""image"", ""id"": ""p8_image_164""}, {""type"": ""image"", ""id"": ""p8_image_165""}, {""type"": ""image"", ""id"": ""p8_image_166""}, {""type"": ""image"", ""id"": ""p8_image_167""}, {""type"": ""image"", ""id"": ""p8_image_168""}, {""type"": ""image"", ""id"": ""p8_image_175""}, {""type"": ""image"", ""id"": ""p8_image_176""}, {""type"": ""image"", ""id"": ""p8_image_177""}, {""type"": ""image"", ""id"": ""p8_image_178""}, {""type"": ""image"", ""id"": ""p8_image_179""}, {""type"": ""image"", ""id"": ""p8_image_180""}, {""type"": ""image"", ""id"": ""p8_image_181""}, {""type"": ""image"", ""id"": ""p8_image_186""}, {""type"": ""image"", ""id"": ""p8_image_187""}, {""type"": ""image"", ""id"": ""p8_image_188""}, {""type"": ""image"", ""id"": ""p8_image_189""}, {""type"": ""image"", ""id"": ""p8_image_190""}, {""type"": ""image"", ""id"": ""p8_image_191""}, {""type"": ""image"", ""id"": ""p8_image_192""}, {""type"": ""image"", ""id"": ""p8_image_203""}, {""type"": ""image"", ""id"": ""p8_image_204""}, {""type"": ""image"", ""id"": ""p8_image_205""}, {""type"": ""image"", ""id"": ""p8_image_206""}, {""type"": ""image"", ""id"": ""p8_image_207""}, {""type"": ""image"", ""id"": ""p8_image_208""}, {""type"": ""image"", ""id"": ""p8_image_209""}, {""type"": ""image"", ""id"": ""p8_image_210""}, {""type"": ""image"", ""id"": ""p8_image_211""}, {""type"": ""image"", ""id"": ""p8_image_212""}, {""type"": ""image"", ""id"": ""p8_image_213""}, {""type"": ""image"", ""id"": ""p8_image_214""}, {""type"": ""image"", ""id"": ""p8_image_215""}, {""type"": ""image"", ""id"": ""p8_image_216""}, {""type"": ""image"", ""id"": ""p8_image_217""}, {""type"": ""image"", ""id"": ""p8_image_222""}, {""type"": ""image"", ""id"": ""p8_image_223""}, {""type"": ""image"", ""id"": ""p8_image_224""}, {""type"": ""image"", ""id"": ""p8_image_225""}, {""type"": ""image"", ""id"": ""p8_image_226""}, {""type"": ""image"", ""id"": ""p8_image_227""}, {""type"": ""image"", ""id"": ""p8_image_228""}, {""type"": ""image"", ""id"": ""p8_image_232""}, {""type"": ""image"", ""id"": ""p8_image_233""}, {""type"": ""image"", ""id"": ""p8_image_234""}, {""type"": ""image"", ""id"": ""p8_image_235""}, {""type"": ""image"", ""id"": ""p8_image_236""}, {""type"": ""image"", ""id"": ""p8_image_237""}, {""type"": ""image"", ""id"": ""p8_image_238""}, {""type"": ""image"", ""id"": ""p8_image_245""}, {""type"": ""image"", ""id"": ""p8_image_246""}, {""type"": ""image"", ""id"": ""p8_image_247""}, {""type"": ""image"", ""id"": ""p8_image_248""}, {""type"": ""image"", ""id"": ""p8_image_249""}, {""type"": ""image"", ""id"": ""p8_image_250""}, {""type"": ""image"", ""id"": ""p8_image_251""}, {""type"": ""image"", ""id"": ""p8_image_252""}, {""type"": ""image"", ""id"": ""p8_image_253""}, {""type"": ""image"", ""id"": ""p8_image_254""}, {""type"": ""image"", ""id"": ""p8_image_255""}, {""type"": ""image"", ""id"": ""p8_image_256""}, {""type"": ""image"", ""id"": ""p8_image_257""}, {""type"": ""image"", ""id"": ""p8_image_258""}, {""type"": ""image"", ""id"": ""p8_image_259""}, {""type"": ""image"", ""id"": ""p8_image_265""}, {""type"": ""image"", ""id"": ""p8_image_266""}, {""type"": ""image"", ""id"": ""p8_image_267""}, {""type"": ""image"", ""id"": ""p8_image_268""}, {""type"": ""image"", ""id"": ""p8_image_269""}, {""type"": ""image"", ""id"": ""p8_image_270""}, {""type"": ""image"", ""id"": ""p8_image_271""}, {""type"": ""image"", ""id"": ""p8_image_274""}, {""type"": ""image"", ""id"": ""p8_image_275""}, {""type"": ""image"", ""id"": ""p8_image_276""}, {""type"": ""image"", ""id"": ""p8_image_277""}, {""type"": ""image"", ""id"": ""p8_image_278""}, {""type"": ""image"", ""id"": ""p8_image_279""}, {""type"": ""image"", ""id"": ""p8_image_280""}, {""type"": ""image"", ""id"": ""p8_image_287""}, {""type"": ""image"", ""id"": ""p8_image_288""}, {""type"": ""image"", ""id"": ""p8_image_289""}, {""type"": ""image"", ""id"": ""p8_image_290""}, {""type"": ""image"", ""id"": ""p8_image_291""}, {""type"": ""image"", ""id"": ""p8_image_292""}, {""type"": ""image"", ""id"": ""p8_image_293""}, {""type"": ""image"", ""id"": ""p8_image_294""}]",geometry_only_not_correctness
pymupdf,D04,DIA_006,diagram,"[{""type"": ""image"", ""id"": ""p10_image_2""}]",geometry_only_not_correctness
pymupdf,D05,IMG_004,image,[],geometry_only_not_correctness
pymupdf,D05,DIA_007,diagram,"[{""type"": ""image"", ""id"": ""p8_image_22""}]",geometry_only_not_correctness
pymupdf,D05,MATH_006,math_formula,"[{""type"": ""text"", ""id"": ""p19_text_5""}, {""type"": ""text"", ""id"": ""p19_text_6""}, {""type"": ""text"", ""id"": ""p19_text_7""}, {""type"": ""text"", ""id"": ""p19_text_8""}, {""type"": ""text"", ""id"": ""p19_text_9""}, {""type"": ""text"", ""id"": ""p19_text_11""}, {""type"": ""text"", ""id"": ""p19_text_12""}, {""type"": ""text"", ""id"": ""p19_text_13""}, {""type"": ""text"", ""id"": ""p19_text_14""}, {""type"": ""text"", ""id"": ""p19_text_15""}, {""type"": ""text"", ""id"": ""p19_text_16""}, {""type"": ""text"", ""id"": ""p19_text_17""}, {""type"": ""text"", ""id"": ""p19_text_18""}, {""type"": ""image"", ""id"": ""p19_image_41""}]",geometry_only_not_correctness
pymupdf,D05,TAB_007,table,"[{""type"": ""text"", ""id"": ""p21_text_1""}, {""type"": ""text"", ""id"": ""p21_text_2""}, {""type"": ""text"", ""id"": ""p21_text_3""}, {""type"": ""text"", ""id"": ""p21_text_4""}, {""type"": ""text"", ""id"": ""p21_text_5""}, {""type"": ""text"", ""id"": ""p21_text_6""}, {""type"": ""text"", ""id"": ""p21_text_7""}, {""type"": ""text"", ""id"": ""p21_text_8""}, {""type"": ""text"", ""id"": ""p21_text_9""}, {""type"": ""text"", ""id"": ""p21_text_10""}, {""type"": ""text"", ""id"": ""p21_text_11""}, {""type"": ""text"", ""id"": ""p21_text_12""}, {""type"": ""text"", ""id"": ""p21_text_13""}, {""type"": ""text"", ""id"": ""p21_text_14""}, {""type"": ""text"", ""id"": ""p21_text_15""}, {""type"": ""text"", ""id"": ""p21_text_16""}, {""type"": ""text"", ""id"": ""p21_text_17""}, {""type"": ""text"", ""id"": ""p21_text_18""}, {""type"": ""text"", ""id"": ""p21_text_19""}, {""type"": ""text"", ""id"": ""p21_text_20""}, {""type"": ""text"", ""id"": ""p21_text_21""}, {""type"": ""text"", ""id"": ""p21_text_22""}, {""type"": ""text"", ""id"": ""p21_text_23""}, {""type"": ""text"", ""id"": ""p21_text_24""}, {""type"": ""text"", ""id"": ""p21_text_25""}, {""type"": ""text"", ""id"": ""p21_text_26""}, {""type"": ""text"", ""id"": ""p21_text_27""}, {""type"": ""text"", ""id"": ""p21_text_28""}, {""type"": ""text"", ""id"": ""p21_text_29""}, {""type"": ""text"", ""id"": ""p21_text_30""}, {""type"": ""text"", ""id"": ""p21_text_31""}, {""type"": ""text"", ""id"": ""p21_text_32""}, {""type"": ""text"", ""id"": ""p21_text_33""}, {""type"": ""text"", ""id"": ""p21_text_34""}, {""type"": ""text"", ""id"": ""p21_text_35""}, {""type"": ""image"", ""id"": ""p21_image_44""}]",geometry_only_not_correctness
pdfplumber,D01,DIA_001,diagram,"[{""type"": ""image"", ""id"": ""p9_image_1""}]",geometry_only_not_correctness
pdfplumber,D01,MATH_001,math_formula,"[{""type"": ""text"", ""id"": ""p17_word_50""}, {""type"": ""text"", ""id"": ""p17_word_51""}, {""type"": ""text"", ""id"": ""p17_word_52""}, {""type"": ""text"", ""id"": ""p17_word_53""}, {""type"": ""text"", ""id"": ""p17_word_54""}, {""type"": ""text"", ""id"": ""p17_word_55""}, {""type"": ""text"", ""id"": ""p17_word_56""}, {""type"": ""text"", ""id"": ""p17_word_57""}, {""type"": ""text"", ""id"": ""p17_word_58""}, {""type"": ""text"", ""id"": ""p17_word_59""}, {""type"": ""text"", ""id"": ""p17_word_60""}, {""type"": ""text"", ""id"": ""p17_word_61""}, {""type"": ""text"", ""id"": ""p17_word_62""}, {""type"": ""text"", ""id"": ""p17_word_63""}, {""type"": ""text"", ""id"": ""p17_word_64""}, {""type"": ""text"", ""id"": ""p17_word_65""}, {""type"": ""text"", ""id"": ""p17_word_66""}, {""type"": ""text"", ""id"": ""p17_word_67""}, {""type"": ""text"", ""id"": ""p17_word_68""}, {""type"": ""text"", ""id"": ""p17_word_69""}, {""type"": ""text"", ""id"": ""p17_word_70""}, {""type"": ""text"", ""id"": ""p17_word_71""}, {""type"": ""text"", ""id"": ""p17_word_72""}, {""type"": ""text"", ""id"": ""p17_word_73""}, {""type"": ""text"", ""id"": ""p17_word_74""}]",geometry_only_not_correctness
pdfplumber,D01,DIA_002,diagram,"[{""type"": ""image"", ""id"": ""p39_image_0""}]",geometry_only_not_correctness
pdfplumber,D02,CHEM_003,chemical_structure,"[{""type"": ""table"", ""id"": ""p2_table_1""}, {""type"": ""image"", ""id"": ""p2_image_0""}]",geometry_only_not_correctness
pdfplumber,D02,CHEM_004,chemical_structure,"[{""type"": ""table"", ""id"": ""p2_table_1""}, {""type"": ""image"", ""id"": ""p2_image_1""}]",geometry_only_not_correctness
pdfplumber,D02,CHEM_005,chemical_structure,"[{""type"": ""table"", ""id"": ""p2_table_1""}, {""type"": ""image"", ""id"": ""p2_image_2""}]",geometry_only_not_correctness
pdfplumber,D02,CHEM_006,chemical_structure,"[{""type"": ""table"", ""id"": ""p2_table_1""}, {""type"": ""image"", ""id"": ""p2_image_3""}]",geometry_only_not_correctness
pdfplumber,D02,CHEM_001,chemical_formula,"[{""type"": ""text"", ""id"": ""p3_word_86""}, {""type"": ""text"", ""id"": ""p3_word_87""}, {""type"": ""text"", ""id"": ""p3_word_97""}, {""type"": ""text"", ""id"": ""p3_word_98""}]",geometry_only_not_correctness
pdfplumber,D02,CHEM_002,chemical_formula,"[{""type"": ""text"", ""id"": ""p3_word_97""}, {""type"": ""text"", ""id"": ""p3_word_98""}, {""type"": ""text"", ""id"": ""p3_word_105""}, {""type"": ""text"", ""id"": ""p3_word_106""}, {""type"": ""text"", ""id"": ""p3_word_107""}, {""type"": ""text"", ""id"": ""p3_word_108""}, {""type"": ""text"", ""id"": ""p3_word_109""}, {""type"": ""text"", ""id"": ""p3_word_110""}, {""type"": ""text"", ""id"": ""p3_word_115""}, {""type"": ""text"", ""id"": ""p3_word_116""}, {""type"": ""text"", ""id"": ""p3_word_117""}, {""type"": ""text"", ""id"": ""p3_word_118""}, {""type"": ""text"", ""id"": ""p3_word_119""}]",geometry_only_not_correctness
pdfplumber,D02,DIA_003,diagram,"[{""type"": ""image"", ""id"": ""p4_image_0""}]",geometry_only_not_correctness
pdfplumber,D03,DIA_004,diagram,"[{""type"": ""image"", ""id"": ""p5_image_1""}]",geometry_only_not_correctness
pdfplumber,D03,DIA_005,diagram,"[{""type"": ""image"", ""id"": ""p9_image_0""}]",geometry_only_not_correctness
pdfplumber,D04,MATH_002,math_formula,"[{""type"": ""text"", ""id"": ""p1_word_247""}, {""type"": ""text"", ""id"": ""p1_word_248""}, {""type"": ""text"", ""id"": ""p1_word_249""}, {""type"": ""text"", ""id"": ""p1_word_250""}, {""type"": ""text"", ""id"": ""p1_word_251""}, {""type"": ""text"", ""id"": ""p1_word_252""}, {""type"": ""text"", ""id"": ""p1_word_253""}, {""type"": ""text"", ""id"": ""p1_word_254""}, {""type"": ""text"", ""id"": ""p1_word_255""}, {""type"": ""text"", ""id"": ""p1_word_256""}, {""type"": ""text"", ""id"": ""p1_word_257""}, {""type"": ""text"", ""id"": ""p1_word_258""}, {""type"": ""text"", ""id"": ""p1_word_259""}, {""type"": ""text"", ""id"": ""p1_word_260""}, {""type"": ""text"", ""id"": ""p1_word_261""}, {""type"": ""text"", ""id"": ""p1_word_262""}, {""type"": ""text"", ""id"": ""p1_word_263""}, {""type"": ""image"", ""id"": ""p1_image_1""}, {""type"": ""image"", ""id"": ""p1_image_2""}]",geometry_only_not_correctness
pdfplumber,D04,MATH_003,math_formula,"[{""type"": ""text"", ""id"": ""p2_word_23""}, {""type"": ""text"", ""id"": ""p2_word_24""}, {""type"": ""text"", ""id"": ""p2_word_25""}, {""type"": ""text"", ""id"": ""p2_word_26""}, {""type"": ""text"", ""id"": ""p2_word_27""}, {""type"": ""text"", ""id"": ""p2_word_28""}, {""type"": ""text"", ""id"": ""p2_word_29""}, {""type"": ""text"", ""id"": ""p2_word_30""}, {""type"": ""text"", ""id"": ""p2_word_31""}, {""type"": ""text"", ""id"": ""p2_word_32""}, {""type"": ""text"", ""id"": ""p2_word_33""}, {""type"": ""text"", ""id"": ""p2_word_34""}, {""type"": ""text"", ""id"": ""p2_word_35""}, {""type"": ""text"", ""id"": ""p2_word_36""}, {""type"": ""image"", ""id"": ""p2_image_1""}, {""type"": ""image"", ""id"": ""p2_image_2""}, {""type"": ""image"", ""id"": ""p2_image_3""}]",geometry_only_not_correctness
pdfplumber,D04,MATH_004,math_formula,"[{""type"": ""text"", ""id"": ""p3_word_27""}, {""type"": ""text"", ""id"": ""p3_word_28""}, {""type"": ""text"", ""id"": ""p3_word_29""}, {""type"": ""text"", ""id"": ""p3_word_30""}, {""type"": ""text"", ""id"": ""p3_word_31""}, {""type"": ""text"", ""id"": ""p3_word_32""}, {""type"": ""text"", ""id"": ""p3_word_33""}, {""type"": ""text"", ""id"": ""p3_word_34""}, {""type"": ""text"", ""id"": ""p3_word_35""}, {""type"": ""text"", ""id"": ""p3_word_36""}, {""type"": ""text"", ""id"": ""p3_word_37""}, {""type"": ""text"", ""id"": ""p3_word_38""}, {""type"": ""text"", ""id"": ""p3_word_39""}, {""type"": ""text"", ""id"": ""p3_word_40""}]",geometry_only_not_correctness
pdfplumber,D04,MATH_005,math_formula,"[{""type"": ""text"", ""id"": ""p6_word_141""}, {""type"": ""text"", ""id"": ""p6_word_142""}, {""type"": ""text"", ""id"": ""p6_word_143""}, {""type"": ""text"", ""id"": ""p6_word_144""}, {""type"": ""text"", ""id"": ""p6_word_145""}, {""type"": ""text"", ""id"": ""p6_word_146""}, {""type"": ""text"", ""id"": ""p6_word_147""}, {""type"": ""text"", ""id"": ""p6_word_148""}, {""type"": ""text"", ""id"": ""p6_word_150""}, {""type"": ""text"", ""id"": ""p6_word_151""}, {""type"": ""text"", ""id"": ""p6_word_152""}, {""type"": ""text"", ""id"": ""p6_word_153""}, {""type"": ""text"", ""id"": ""p6_word_154""}, {""type"": ""text"", ""id"": ""p6_word_155""}, {""type"": ""text"", ""id"": ""p6_word_156""}, {""type"": ""text"", ""id"": ""p6_word_157""}, {""type"": ""text"", ""id"": ""p6_word_158""}, {""type"": ""text"", ""id"": ""p6_word_159""}, {""type"": ""text"", ""id"": ""p6_word_160""}, {""type"": ""text"", ""id"": ""p6_word_161""}, {""type"": ""text"", ""id"": ""p6_word_162""}, {""type"": ""text"", ""id"": ""p6_word_163""}, {""type"": ""text"", ""id"": ""p6_word_164""}, {""type"": ""text"", ""id"": ""p6_word_165""}, {""type"": ""text"", ""id"": ""p6_word_166""}, {""type"": ""text"", ""id"": ""p6_word_167""}, {""type"": ""text"", ""id"": ""p6_word_168""}, {""type"": ""text"", ""id"": ""p6_word_169""}, {""type"": ""text"", ""id"": ""p6_word_170""}, {""type"": ""text"", ""id"": ""p6_word_171""}, {""type"": ""image"", ""id"": ""p6_image_2""}]",geometry_only_not_correctness
pdfplumber,D04,TAB_006,table,"[{""type"": ""text"", ""id"": ""p8_word_10""}, {""type"": ""text"", ""id"": ""p8_word_11""}, {""type"": ""text"", ""id"": ""p8_word_12""}, {""type"": ""text"", ""id"": ""p8_word_13""}, {""type"": ""text"", ""id"": ""p8_word_14""}, {""type"": ""text"", ""id"": ""p8_word_15""}, {""type"": ""text"", ""id"": ""p8_word_16""}, {""type"": ""text"", ""id"": ""p8_word_17""}, {""type"": ""text"", ""id"": ""p8_word_18""}, {""type"": ""text"", ""id"": ""p8_word_19""}, {""type"": ""text"", ""id"": ""p8_word_20""}, {""type"": ""text"", ""id"": ""p8_word_21""}, {""type"": ""text"", ""id"": ""p8_word_22""}, {""type"": ""text"", ""id"": ""p8_word_23""}, {""type"": ""text"", ""id"": ""p8_word_24""}, {""type"": ""text"", ""id"": ""p8_word_25""}, {""type"": ""text"", ""id"": ""p8_word_26""}, {""type"": ""text"", ""id"": ""p8_word_27""}, {""type"": ""text"", ""id"": ""p8_word_28""}, {""type"": ""text"", ""id"": ""p8_word_29""}, {""type"": ""text"", ""id"": ""p8_word_30""}, {""type"": ""text"", ""id"": ""p8_word_31""}, {""type"": ""text"", ""id"": ""p8_word_32""}, {""type"": ""text"", ""id"": ""p8_word_33""}, {""type"": ""text"", ""id"": ""p8_word_34""}, {""type"": ""text"", ""id"": ""p8_word_35""}, {""type"": ""text"", ""id"": ""p8_word_36""}, {""type"": ""text"", ""id"": ""p8_word_37""}, {""type"": ""text"", ""id"": ""p8_word_38""}, {""type"": ""text"", ""id"": ""p8_word_39""}, {""type"": ""text"", ""id"": ""p8_word_40""}, {""type"": ""text"", ""id"": ""p8_word_41""}, {""type"": ""text"", ""id"": ""p8_word_42""}, {""type"": ""text"", ""id"": ""p8_word_43""}, {""type"": ""text"", ""id"": ""p8_word_44""}, {""type"": ""text"", ""id"": ""p8_word_45""}, {""type"": ""text"", ""id"": ""p8_word_46""}, {""type"": ""text"", ""id"": ""p8_word_47""}, {""type"": ""text"", ""id"": ""p8_word_48""}, {""type"": ""text"", ""id"": ""p8_word_49""}, {""type"": ""text"", ""id"": ""p8_word_50""}, {""type"": ""text"", ""id"": ""p8_word_51""}, {""type"": ""text"", ""id"": ""p8_word_52""}, {""type"": ""text"", ""id"": ""p8_word_53""}, {""type"": ""text"", ""id"": ""p8_word_54""}, {""type"": ""text"", ""id"": ""p8_word_55""}, {""type"": ""text"", ""id"": ""p8_word_56""}, {""type"": ""text"", ""id"": ""p8_word_57""}, {""type"": ""text"", ""id"": ""p8_word_58""}, {""type"": ""text"", ""id"": ""p8_word_59""}, {""type"": ""text"", ""id"": ""p8_word_60""}, {""type"": ""text"", ""id"": ""p8_word_61""}, {""type"": ""text"", ""id"": ""p8_word_62""}, {""type"": ""text"", ""id"": ""p8_word_63""}, {""type"": ""text"", ""id"": ""p8_word_64""}, {""type"": ""text"", ""id"": ""p8_word_65""}, {""type"": ""text"", ""id"": ""p8_word_66""}, {""type"": ""text"", ""id"": ""p8_word_67""}, {""type"": ""text"", ""id"": ""p8_word_68""}, {""type"": ""text"", ""id"": ""p8_word_69""}, {""type"": ""text"", ""id"": ""p8_word_70""}, {""type"": ""text"", ""id"": ""p8_word_71""}, {""type"": ""text"", ""id"": ""p8_word_72""}, {""type"": ""text"", ""id"": ""p8_word_73""}, {""type"": ""text"", ""id"": ""p8_word_74""}, {""type"": ""text"", ""id"": ""p8_word_75""}, {""type"": ""text"", ""id"": ""p8_word_76""}, {""type"": ""text"", ""id"": ""p8_word_77""}, {""type"": ""text"", ""id"": ""p8_word_78""}, {""type"": ""text"", ""id"": ""p8_word_79""}, {""type"": ""text"", ""id"": ""p8_word_80""}, {""type"": ""text"", ""id"": ""p8_word_81""}, {""type"": ""text"", ""id"": ""p8_word_82""}, {""type"": ""text"", ""id"": ""p8_word_83""}, {""type"": ""text"", ""id"": ""p8_word_84""}, {""type"": ""text"", ""id"": ""p8_word_85""}, {""type"": ""text"", ""id"": ""p8_word_86""}, {""type"": ""text"", ""id"": ""p8_word_87""}, {""type"": ""text"", ""id"": ""p8_word_88""}, {""type"": ""text"", ""id"": ""p8_word_89""}, {""type"": ""text"", ""id"": ""p8_word_90""}, {""type"": ""text"", ""id"": ""p8_word_91""}, {""type"": ""text"", ""id"": ""p8_word_92""}, {""type"": ""text"", ""id"": ""p8_word_93""}, {""type"": ""text"", ""id"": ""p8_word_94""}, {""type"": ""text"", ""id"": ""p8_word_95""}, {""type"": ""text"", ""id"": ""p8_word_96""}, {""type"": ""text"", ""id"": ""p8_word_97""}, {""type"": ""text"", ""id"": ""p8_word_98""}, {""type"": ""text"", ""id"": ""p8_word_99""}, {""type"": ""text"", ""id"": ""p8_word_100""}, {""type"": ""text"", ""id"": ""p8_word_101""}, {""type"": ""text"", ""id"": ""p8_word_102""}, {""type"": ""text"", ""id"": ""p8_word_103""}, {""type"": ""text"", ""id"": ""p8_word_104""}, {""type"": ""text"", ""id"": ""p8_word_105""}, {""type"": ""text"", ""id"": ""p8_word_106""}, {""type"": ""text"", ""id"": ""p8_word_107""}, {""type"": ""text"", ""id"": ""p8_word_108""}, {""type"": ""text"", ""id"": ""p8_word_109""}, {""type"": ""text"", ""id"": ""p8_word_110""}, {""type"": ""text"", ""id"": ""p8_word_111""}, {""type"": ""text"", ""id"": ""p8_word_112""}, {""type"": ""text"", ""id"": ""p8_word_113""}, {""type"": ""text"", ""id"": ""p8_word_114""}, {""type"": ""text"", ""id"": ""p8_word_115""}, {""type"": ""text"", ""id"": ""p8_word_116""}, {""type"": ""text"", ""id"": ""p8_word_117""}, {""type"": ""text"", ""id"": ""p8_word_118""}, {""type"": ""text"", ""id"": ""p8_word_119""}, {""type"": ""text"", ""id"": ""p8_word_120""}, {""type"": ""text"", ""id"": ""p8_word_121""}, {""type"": ""text"", ""id"": ""p8_word_122""}, {""type"": ""text"", ""id"": ""p8_word_123""}, {""type"": ""text"", ""id"": ""p8_word_124""}, {""type"": ""text"", ""id"": ""p8_word_125""}, {""type"": ""text"", ""id"": ""p8_word_126""}, {""type"": ""text"", ""id"": ""p8_word_127""}, {""type"": ""text"", ""id"": ""p8_word_128""}, {""type"": ""text"", ""id"": ""p8_word_129""}, {""type"": ""text"", ""id"": ""p8_word_130""}, {""type"": ""text"", ""id"": ""p8_word_131""}, {""type"": ""text"", ""id"": ""p8_word_132""}, {""type"": ""text"", ""id"": ""p8_word_133""}, {""type"": ""text"", ""id"": ""p8_word_134""}, {""type"": ""text"", ""id"": ""p8_word_135""}, {""type"": ""text"", ""id"": ""p8_word_136""}, {""type"": ""text"", ""id"": ""p8_word_137""}, {""type"": ""text"", ""id"": ""p8_word_138""}, {""type"": ""text"", ""id"": ""p8_word_139""}, {""type"": ""text"", ""id"": ""p8_word_140""}, {""type"": ""text"", ""id"": ""p8_word_141""}, {""type"": ""text"", ""id"": ""p8_word_142""}, {""type"": ""text"", ""id"": ""p8_word_143""}, {""type"": ""text"", ""id"": ""p8_word_144""}, {""type"": ""text"", ""id"": ""p8_word_145""}, {""type"": ""text"", ""id"": ""p8_word_146""}, {""type"": ""text"", ""id"": ""p8_word_147""}, {""type"": ""text"", ""id"": ""p8_word_148""}, {""type"": ""text"", ""id"": ""p8_word_149""}, {""type"": ""text"", ""id"": ""p8_word_150""}, {""type"": ""text"", ""id"": ""p8_word_151""}, {""type"": ""text"", ""id"": ""p8_word_152""}, {""type"": ""text"", ""id"": ""p8_word_153""}, {""type"": ""text"", ""id"": ""p8_word_154""}, {""type"": ""text"", ""id"": ""p8_word_155""}, {""type"": ""text"", ""id"": ""p8_word_156""}, {""type"": ""text"", ""id"": ""p8_word_157""}, {""type"": ""text"", ""id"": ""p8_word_158""}, {""type"": ""text"", ""id"": ""p8_word_159""}, {""type"": ""text"", ""id"": ""p8_word_160""}, {""type"": ""text"", ""id"": ""p8_word_161""}, {""type"": ""text"", ""id"": ""p8_word_162""}, {""type"": ""text"", ""id"": ""p8_word_163""}, {""type"": ""image"", ""id"": ""p8_image_1""}, {""type"": ""image"", ""id"": ""p8_image_2""}, {""type"": ""image"", ""id"": ""p8_image_3""}, {""type"": ""image"", ""id"": ""p8_image_4""}, {""type"": ""image"", ""id"": ""p8_image_5""}, {""type"": ""image"", ""id"": ""p8_image_6""}, {""type"": ""image"", ""id"": ""p8_image_7""}, {""type"": ""image"", ""id"": ""p8_image_8""}, {""type"": ""image"", ""id"": ""p8_image_9""}, {""type"": ""image"", ""id"": ""p8_image_10""}, {""type"": ""image"", ""id"": ""p8_image_11""}, {""type"": ""image"", ""id"": ""p8_image_12""}, {""type"": ""image"", ""id"": ""p8_image_13""}, {""type"": ""image"", ""id"": ""p8_image_14""}, {""type"": ""image"", ""id"": ""p8_image_15""}, {""type"": ""image"", ""id"": ""p8_image_16""}, {""type"": ""image"", ""id"": ""p8_image_17""}, {""type"": ""image"", ""id"": ""p8_image_18""}, {""type"": ""image"", ""id"": ""p8_image_19""}, {""type"": ""image"", ""id"": ""p8_image_20""}, {""type"": ""image"", ""id"": ""p8_image_21""}, {""type"": ""image"", ""id"": ""p8_image_22""}, {""type"": ""image"", ""id"": ""p8_image_23""}, {""type"": ""image"", ""id"": ""p8_image_24""}, {""type"": ""image"", ""id"": ""p8_image_25""}, {""type"": ""image"", ""id"": ""p8_image_26""}, {""type"": ""image"", ""id"": ""p8_image_27""}, {""type"": ""image"", ""id"": ""p8_image_28""}, {""type"": ""image"", ""id"": ""p8_image_29""}, {""type"": ""image"", ""id"": ""p8_image_30""}, {""type"": ""image"", ""id"": ""p8_image_31""}, {""type"": ""image"", ""id"": ""p8_image_32""}, {""type"": ""image"", ""id"": ""p8_image_33""}, {""type"": ""image"", ""id"": ""p8_image_34""}, {""type"": ""image"", ""id"": ""p8_image_35""}, {""type"": ""image"", ""id"": ""p8_image_36""}, {""type"": ""image"", ""id"": ""p8_image_37""}, {""type"": ""image"", ""id"": ""p8_image_38""}, {""type"": ""image"", ""id"": ""p8_image_39""}, {""type"": ""image"", ""id"": ""p8_image_40""}, {""type"": ""image"", ""id"": ""p8_image_41""}, {""type"": ""image"", ""id"": ""p8_image_42""}, {""type"": ""image"", ""id"": ""p8_image_43""}, {""type"": ""image"", ""id"": ""p8_image_44""}, {""type"": ""image"", ""id"": ""p8_image_45""}, {""type"": ""image"", ""id"": ""p8_image_46""}, {""type"": ""image"", ""id"": ""p8_image_47""}, {""type"": ""image"", ""id"": ""p8_image_48""}, {""type"": ""image"", ""id"": ""p8_image_49""}, {""type"": ""image"", ""id"": ""p8_image_50""}, {""type"": ""image"", ""id"": ""p8_image_51""}, {""type"": ""image"", ""id"": ""p8_image_52""}, {""type"": ""image"", ""id"": ""p8_image_53""}, {""type"": ""image"", ""id"": ""p8_image_54""}, {""type"": ""image"", ""id"": ""p8_image_55""}, {""type"": ""image"", ""id"": ""p8_image_56""}, {""type"": ""image"", ""id"": ""p8_image_57""}, {""type"": ""image"", ""id"": ""p8_image_58""}, {""type"": ""image"", ""id"": ""p8_image_59""}, {""type"": ""image"", ""id"": ""p8_image_60""}, {""type"": ""image"", ""id"": ""p8_image_61""}, {""type"": ""image"", ""id"": ""p8_image_62""}, {""type"": ""image"", ""id"": ""p8_image_63""}, {""type"": ""image"", ""id"": ""p8_image_64""}, {""type"": ""image"", ""id"": ""p8_image_65""}, {""type"": ""image"", ""id"": ""p8_image_66""}, {""type"": ""image"", ""id"": ""p8_image_67""}, {""type"": ""image"", ""id"": ""p8_image_68""}, {""type"": ""image"", ""id"": ""p8_image_69""}, {""type"": ""image"", ""id"": ""p8_image_70""}, {""type"": ""image"", ""id"": ""p8_image_71""}, {""type"": ""image"", ""id"": ""p8_image_72""}, {""type"": ""image"", ""id"": ""p8_image_73""}, {""type"": ""image"", ""id"": ""p8_image_74""}, {""type"": ""image"", ""id"": ""p8_image_75""}, {""type"": ""image"", ""id"": ""p8_image_76""}, {""type"": ""image"", ""id"": ""p8_image_77""}, {""type"": ""image"", ""id"": ""p8_image_78""}, {""type"": ""image"", ""id"": ""p8_image_79""}, {""type"": ""image"", ""id"": ""p8_image_80""}, {""type"": ""image"", ""id"": ""p8_image_81""}, {""type"": ""image"", ""id"": ""p8_image_82""}, {""type"": ""image"", ""id"": ""p8_image_83""}, {""type"": ""image"", ""id"": ""p8_image_84""}, {""type"": ""image"", ""id"": ""p8_image_85""}, {""type"": ""image"", ""id"": ""p8_image_86""}, {""type"": ""image"", ""id"": ""p8_image_87""}, {""type"": ""image"", ""id"": ""p8_image_88""}, {""type"": ""image"", ""id"": ""p8_image_89""}, {""type"": ""image"", ""id"": ""p8_image_90""}, {""type"": ""image"", ""id"": ""p8_image_91""}, {""type"": ""image"", ""id"": ""p8_image_92""}, {""type"": ""image"", ""id"": ""p8_image_93""}, {""type"": ""image"", ""id"": ""p8_image_94""}, {""type"": ""image"", ""id"": ""p8_image_95""}, {""type"": ""image"", ""id"": ""p8_image_96""}, {""type"": ""image"", ""id"": ""p8_image_97""}, {""type"": ""image"", ""id"": ""p8_image_98""}, {""type"": ""image"", ""id"": ""p8_image_99""}, {""type"": ""image"", ""id"": ""p8_image_100""}, {""type"": ""image"", ""id"": ""p8_image_101""}, {""type"": ""image"", ""id"": ""p8_image_102""}, {""type"": ""image"", ""id"": ""p8_image_103""}, {""type"": ""image"", ""id"": ""p8_image_104""}, {""type"": ""image"", ""id"": ""p8_image_105""}, {""type"": ""image"", ""id"": ""p8_image_106""}, {""type"": ""image"", ""id"": ""p8_image_107""}, {""type"": ""image"", ""id"": ""p8_image_108""}, {""type"": ""image"", ""id"": ""p8_image_109""}, {""type"": ""image"", ""id"": ""p8_image_110""}, {""type"": ""image"", ""id"": ""p8_image_111""}, {""type"": ""image"", ""id"": ""p8_image_112""}, {""type"": ""image"", ""id"": ""p8_image_113""}, {""type"": ""image"", ""id"": ""p8_image_114""}, {""type"": ""image"", ""id"": ""p8_image_115""}, {""type"": ""image"", ""id"": ""p8_image_116""}, {""type"": ""image"", ""id"": ""p8_image_117""}, {""type"": ""image"", ""id"": ""p8_image_118""}, {""type"": ""image"", ""id"": ""p8_image_119""}, {""type"": ""image"", ""id"": ""p8_image_120""}, {""type"": ""image"", ""id"": ""p8_image_121""}, {""type"": ""image"", ""id"": ""p8_image_122""}, {""type"": ""image"", ""id"": ""p8_image_123""}, {""type"": ""image"", ""id"": ""p8_image_124""}, {""type"": ""image"", ""id"": ""p8_image_125""}, {""type"": ""image"", ""id"": ""p8_image_126""}, {""type"": ""image"", ""id"": ""p8_image_127""}, {""type"": ""image"", ""id"": ""p8_image_128""}, {""type"": ""image"", ""id"": ""p8_image_129""}, {""type"": ""image"", ""id"": ""p8_image_130""}, {""type"": ""image"", ""id"": ""p8_image_131""}, {""type"": ""image"", ""id"": ""p8_image_132""}, {""type"": ""image"", ""id"": ""p8_image_133""}, {""type"": ""image"", ""id"": ""p8_image_134""}, {""type"": ""image"", ""id"": ""p8_image_135""}, {""type"": ""image"", ""id"": ""p8_image_136""}, {""type"": ""image"", ""id"": ""p8_image_137""}, {""type"": ""image"", ""id"": ""p8_image_138""}, {""type"": ""image"", ""id"": ""p8_image_139""}, {""type"": ""image"", ""id"": ""p8_image_140""}, {""type"": ""image"", ""id"": ""p8_image_141""}, {""type"": ""image"", ""id"": ""p8_image_142""}, {""type"": ""image"", ""id"": ""p8_image_143""}, {""type"": ""image"", ""id"": ""p8_image_144""}, {""type"": ""image"", ""id"": ""p8_image_145""}, {""type"": ""image"", ""id"": ""p8_image_146""}, {""type"": ""image"", ""id"": ""p8_image_147""}, {""type"": ""image"", ""id"": ""p8_image_148""}, {""type"": ""image"", ""id"": ""p8_image_149""}, {""type"": ""image"", ""id"": ""p8_image_150""}, {""type"": ""image"", ""id"": ""p8_image_151""}, {""type"": ""image"", ""id"": ""p8_image_152""}, {""type"": ""image"", ""id"": ""p8_image_153""}, {""type"": ""image"", ""id"": ""p8_image_154""}, {""type"": ""image"", ""id"": ""p8_image_155""}, {""type"": ""image"", ""id"": ""p8_image_156""}, {""type"": ""image"", ""id"": ""p8_image_157""}, {""type"": ""image"", ""id"": ""p8_image_158""}, {""type"": ""image"", ""id"": ""p8_image_159""}, {""type"": ""image"", ""id"": ""p8_image_160""}, {""type"": ""image"", ""id"": ""p8_image_161""}, {""type"": ""image"", ""id"": ""p8_image_162""}, {""type"": ""image"", ""id"": ""p8_image_163""}, {""type"": ""image"", ""id"": ""p8_image_164""}, {""type"": ""image"", ""id"": ""p8_image_165""}, {""type"": ""image"", ""id"": ""p8_image_166""}, {""type"": ""image"", ""id"": ""p8_image_167""}, {""type"": ""image"", ""id"": ""p8_image_168""}, {""type"": ""image"", ""id"": ""p8_image_169""}, {""type"": ""image"", ""id"": ""p8_image_170""}, {""type"": ""image"", ""id"": ""p8_image_171""}, {""type"": ""image"", ""id"": ""p8_image_172""}, {""type"": ""image"", ""id"": ""p8_image_173""}, {""type"": ""image"", ""id"": ""p8_image_174""}, {""type"": ""image"", ""id"": ""p8_image_175""}, {""type"": ""image"", ""id"": ""p8_image_176""}, {""type"": ""image"", ""id"": ""p8_image_177""}, {""type"": ""image"", ""id"": ""p8_image_178""}, {""type"": ""image"", ""id"": ""p8_image_179""}, {""type"": ""image"", ""id"": ""p8_image_180""}, {""type"": ""image"", ""id"": ""p8_image_181""}, {""type"": ""image"", ""id"": ""p8_image_182""}, {""type"": ""image"", ""id"": ""p8_image_183""}, {""type"": ""image"", ""id"": ""p8_image_184""}, {""type"": ""image"", ""id"": ""p8_image_185""}, {""type"": ""image"", ""id"": ""p8_image_186""}, {""type"": ""image"", ""id"": ""p8_image_187""}, {""type"": ""image"", ""id"": ""p8_image_188""}, {""type"": ""image"", ""id"": ""p8_image_189""}, {""type"": ""image"", ""id"": ""p8_image_190""}, {""type"": ""image"", ""id"": ""p8_image_191""}]",geometry_only_not_correctness
pdfplumber,D04,DIA_006,diagram,"[{""type"": ""image"", ""id"": ""p10_image_1""}]",geometry_only_not_correctness
pdfplumber,D05,IMG_004,image,[],geometry_only_not_correctness
pdfplumber,D05,DIA_007,diagram,"[{""type"": ""image"", ""id"": ""p8_image_0""}]",geometry_only_not_correctness
pdfplumber,D05,MATH_006,math_formula,"[{""type"": ""text"", ""id"": ""p19_word_151""}, {""type"": ""text"", ""id"": ""p19_word_152""}, {""type"": ""text"", ""id"": ""p19_word_153""}, {""type"": ""text"", ""id"": ""p19_word_154""}, {""type"": ""text"", ""id"": ""p19_word_164""}, {""type"": ""text"", ""id"": ""p19_word_165""}, {""type"": ""text"", ""id"": ""p19_word_166""}, {""type"": ""text"", ""id"": ""p19_word_167""}, {""type"": ""text"", ""id"": ""p19_word_176""}, {""type"": ""text"", ""id"": ""p19_word_177""}, {""type"": ""text"", ""id"": ""p19_word_178""}, {""type"": ""text"", ""id"": ""p19_word_179""}, {""type"": ""text"", ""id"": ""p19_word_186""}, {""type"": ""text"", ""id"": ""p19_word_187""}, {""type"": ""text"", ""id"": ""p19_word_188""}, {""type"": ""text"", ""id"": ""p19_word_189""}, {""type"": ""text"", ""id"": ""p19_word_190""}, {""type"": ""text"", ""id"": ""p19_word_191""}, {""type"": ""text"", ""id"": ""p19_word_192""}, {""type"": ""text"", ""id"": ""p19_word_193""}, {""type"": ""text"", ""id"": ""p19_word_194""}, {""type"": ""text"", ""id"": ""p19_word_200""}, {""type"": ""text"", ""id"": ""p19_word_201""}, {""type"": ""text"", ""id"": ""p19_word_202""}, {""type"": ""text"", ""id"": ""p19_word_203""}, {""type"": ""text"", ""id"": ""p19_word_204""}, {""type"": ""text"", ""id"": ""p19_word_211""}, {""type"": ""text"", ""id"": ""p19_word_212""}, {""type"": ""text"", ""id"": ""p19_word_213""}, {""type"": ""text"", ""id"": ""p19_word_214""}, {""type"": ""text"", ""id"": ""p19_word_219""}, {""type"": ""text"", ""id"": ""p19_word_220""}, {""type"": ""text"", ""id"": ""p19_word_221""}, {""type"": ""text"", ""id"": ""p19_word_222""}, {""type"": ""text"", ""id"": ""p19_word_223""}, {""type"": ""text"", ""id"": ""p19_word_224""}, {""type"": ""text"", ""id"": ""p19_word_225""}, {""type"": ""text"", ""id"": ""p19_word_226""}, {""type"": ""text"", ""id"": ""p19_word_227""}, {""type"": ""text"", ""id"": ""p19_word_228""}, {""type"": ""text"", ""id"": ""p19_word_229""}, {""type"": ""text"", ""id"": ""p19_word_230""}, {""type"": ""text"", ""id"": ""p19_word_231""}, {""type"": ""text"", ""id"": ""p19_word_232""}, {""type"": ""text"", ""id"": ""p19_word_233""}, {""type"": ""text"", ""id"": ""p19_word_240""}, {""type"": ""text"", ""id"": ""p19_word_241""}, {""type"": ""text"", ""id"": ""p19_word_242""}, {""type"": ""text"", ""id"": ""p19_word_243""}, {""type"": ""text"", ""id"": ""p19_word_251""}, {""type"": ""text"", ""id"": ""p19_word_252""}, {""type"": ""text"", ""id"": ""p19_word_260""}, {""type"": ""text"", ""id"": ""p19_word_261""}, {""type"": ""text"", ""id"": ""p19_word_262""}, {""type"": ""text"", ""id"": ""p19_word_263""}, {""type"": ""text"", ""id"": ""p19_word_264""}, {""type"": ""text"", ""id"": ""p19_word_265""}, {""type"": ""text"", ""id"": ""p19_word_266""}, {""type"": ""text"", ""id"": ""p19_word_267""}, {""type"": ""text"", ""id"": ""p19_word_268""}, {""type"": ""text"", ""id"": ""p19_word_282""}, {""type"": ""text"", ""id"": ""p19_word_283""}, {""type"": ""text"", ""id"": ""p19_word_284""}, {""type"": ""text"", ""id"": ""p19_word_285""}, {""type"": ""text"", ""id"": ""p19_word_286""}, {""type"": ""text"", ""id"": ""p19_word_287""}, {""type"": ""text"", ""id"": ""p19_word_288""}, {""type"": ""text"", ""id"": ""p19_word_289""}, {""type"": ""image"", ""id"": ""p19_image_0""}]",geometry_only_not_correctness
pdfplumber,D05,TAB_007,table,"[{""type"": ""text"", ""id"": ""p21_word_12""}, {""type"": ""text"", ""id"": ""p21_word_13""}, {""type"": ""text"", ""id"": ""p21_word_14""}, {""type"": ""text"", ""id"": ""p21_word_16""}, {""type"": ""text"", ""id"": ""p21_word_17""}, {""type"": ""text"", ""id"": ""p21_word_18""}, {""type"": ""text"", ""id"": ""p21_word_19""}, {""type"": ""text"", ""id"": ""p21_word_20""}, {""type"": ""text"", ""id"": ""p21_word_22""}, {""type"": ""text"", ""id"": ""p21_word_23""}, {""type"": ""text"", ""id"": ""p21_word_24""}, {""type"": ""text"", ""id"": ""p21_word_25""}, {""type"": ""text"", ""id"": ""p21_word_26""}, {""type"": ""text"", ""id"": ""p21_word_27""}, {""type"": ""text"", ""id"": ""p21_word_28""}, {""type"": ""text"", ""id"": ""p21_word_29""}, {""type"": ""text"", ""id"": ""p21_word_30""}, {""type"": ""text"", ""id"": ""p21_word_31""}, {""type"": ""text"", ""id"": ""p21_word_32""}, {""type"": ""text"", ""id"": ""p21_word_33""}, {""type"": ""text"", ""id"": ""p21_word_34""}, {""type"": ""text"", ""id"": ""p21_word_35""}, {""type"": ""text"", ""id"": ""p21_word_36""}, {""type"": ""text"", ""id"": ""p21_word_37""}, {""type"": ""text"", ""id"": ""p21_word_38""}, {""type"": ""text"", ""id"": ""p21_word_39""}, {""type"": ""text"", ""id"": ""p21_word_40""}, {""type"": ""text"", ""id"": ""p21_word_41""}, {""type"": ""text"", ""id"": ""p21_word_42""}, {""type"": ""text"", ""id"": ""p21_word_43""}, {""type"": ""text"", ""id"": ""p21_word_44""}, {""type"": ""text"", ""id"": ""p21_word_45""}, {""type"": ""text"", ""id"": ""p21_word_46""}, {""type"": ""text"", ""id"": ""p21_word_48""}, {""type"": ""text"", ""id"": ""p21_word_49""}, {""type"": ""text"", ""id"": ""p21_word_50""}, {""type"": ""text"", ""id"": ""p21_word_51""}, {""type"": ""text"", ""id"": ""p21_word_52""}, {""type"": ""text"", ""id"": ""p21_word_53""}, {""type"": ""text"", ""id"": ""p21_word_54""}, {""type"": ""text"", ""id"": ""p21_word_55""}, {""type"": ""text"", ""id"": ""p21_word_56""}, {""type"": ""text"", ""id"": ""p21_word_57""}, {""type"": ""text"", ""id"": ""p21_word_58""}, {""type"": ""text"", ""id"": ""p21_word_59""}, {""type"": ""text"", ""id"": ""p21_word_60""}, {""type"": ""text"", ""id"": ""p21_word_61""}, {""type"": ""text"", ""id"": ""p21_word_62""}, {""type"": ""text"", ""id"": ""p21_word_63""}, {""type"": ""text"", ""id"": ""p21_word_64""}, {""type"": ""text"", ""id"": ""p21_word_65""}, {""type"": ""text"", ""id"": ""p21_word_66""}, {""type"": ""text"", ""id"": ""p21_word_67""}, {""type"": ""text"", ""id"": ""p21_word_68""}, {""type"": ""text"", ""id"": ""p21_word_70""}, {""type"": ""text"", ""id"": ""p21_word_71""}, {""type"": ""text"", ""id"": ""p21_word_72""}, {""type"": ""text"", ""id"": ""p21_word_73""}, {""type"": ""text"", ""id"": ""p21_word_74""}, {""type"": ""text"", ""id"": ""p21_word_75""}, {""type"": ""text"", ""id"": ""p21_word_76""}, {""type"": ""text"", ""id"": ""p21_word_77""}, {""type"": ""text"", ""id"": ""p21_word_78""}, {""type"": ""text"", ""id"": ""p21_word_79""}, {""type"": ""text"", ""id"": ""p21_word_80""}, {""type"": ""text"", ""id"": ""p21_word_81""}, {""type"": ""text"", ""id"": ""p21_word_82""}, {""type"": ""text"", ""id"": ""p21_word_83""}, {""type"": ""text"", ""id"": ""p21_word_84""}, {""type"": ""text"", ""id"": ""p21_word_85""}, {""type"": ""text"", ""id"": ""p21_word_86""}, {""type"": ""text"", ""id"": ""p21_word_87""}, {""type"": ""text"", ""id"": ""p21_word_88""}, {""type"": ""text"", ""id"": ""p21_word_89""}, {""type"": ""text"", ""id"": ""p21_word_90""}, {""type"": ""text"", ""id"": ""p21_word_91""}, {""type"": ""text"", ""id"": ""p21_word_92""}, {""type"": ""text"", ""id"": ""p21_word_93""}, {""type"": ""text"", ""id"": ""p21_word_94""}, {""type"": ""text"", ""id"": ""p21_word_95""}, {""type"": ""text"", ""id"": ""p21_word_96""}, {""type"": ""text"", ""id"": ""p21_word_97""}, {""type"": ""text"", ""id"": ""p21_word_98""}, {""type"": ""text"", ""id"": ""p21_word_99""}, {""type"": ""text"", ""id"": ""p21_word_100""}, {""type"": ""text"", ""id"": ""p21_word_101""}, {""type"": ""text"", ""id"": ""p21_word_102""}, {""type"": ""text"", ""id"": ""p21_word_103""}, {""type"": ""text"", ""id"": ""p21_word_104""}, {""type"": ""text"", ""id"": ""p21_word_105""}, {""type"": ""text"", ""id"": ""p21_word_106""}, {""type"": ""text"", ""id"": ""p21_word_107""}, {""type"": ""text"", ""id"": ""p21_word_108""}, {""type"": ""text"", ""id"": ""p21_word_109""}, {""type"": ""text"", ""id"": ""p21_word_110""}, {""type"": ""text"", ""id"": ""p21_word_111""}, {""type"": ""text"", ""id"": ""p21_word_112""}, {""type"": ""text"", ""id"": ""p21_word_113""}, {""type"": ""text"", ""id"": ""p21_word_114""}, {""type"": ""text"", ""id"": ""p21_word_115""}, {""type"": ""text"", ""id"": ""p21_word_116""}, {""type"": ""text"", ""id"": ""p21_word_117""}, {""type"": ""text"", ""id"": ""p21_word_118""}, {""type"": ""text"", ""id"": ""p21_word_119""}, {""type"": ""text"", ""id"": ""p21_word_121""}, {""type"": ""text"", ""id"": ""p21_word_122""}, {""type"": ""text"", ""id"": ""p21_word_123""}, {""type"": ""text"", ""id"": ""p21_word_124""}, {""type"": ""text"", ""id"": ""p21_word_125""}, {""type"": ""text"", ""id"": ""p21_word_126""}, {""type"": ""text"", ""id"": ""p21_word_127""}, {""type"": ""text"", ""id"": ""p21_word_128""}, {""type"": ""text"", ""id"": ""p21_word_129""}, {""type"": ""text"", ""id"": ""p21_word_130""}, {""type"": ""text"", ""id"": ""p21_word_131""}, {""type"": ""text"", ""id"": ""p21_word_132""}, {""type"": ""text"", ""id"": ""p21_word_133""}, {""type"": ""text"", ""id"": ""p21_word_134""}, {""type"": ""text"", ""id"": ""p21_word_135""}, {""type"": ""text"", ""id"": ""p21_word_136""}, {""type"": ""text"", ""id"": ""p21_word_137""}, {""type"": ""text"", ""id"": ""p21_word_138""}, {""type"": ""text"", ""id"": ""p21_word_139""}, {""type"": ""text"", ""id"": ""p21_word_140""}, {""type"": ""text"", ""id"": ""p21_word_141""}, {""type"": ""text"", ""id"": ""p21_word_142""}, {""type"": ""text"", ""id"": ""p21_word_143""}, {""type"": ""text"", ""id"": ""p21_word_144""}, {""type"": ""text"", ""id"": ""p21_word_145""}, {""type"": ""text"", ""id"": ""p21_word_146""}, {""type"": ""text"", ""id"": ""p21_word_147""}, {""type"": ""text"", ""id"": ""p21_word_148""}, {""type"": ""text"", ""id"": ""p21_word_149""}, {""type"": ""text"", ""id"": ""p21_word_150""}, {""type"": ""text"", ""id"": ""p21_word_151""}, {""type"": ""text"", ""id"": ""p21_word_152""}, {""type"": ""text"", ""id"": ""p21_word_153""}, {""type"": ""text"", ""id"": ""p21_word_154""}, {""type"": ""text"", ""id"": ""p21_word_155""}, {""type"": ""text"", ""id"": ""p21_word_156""}, {""type"": ""text"", ""id"": ""p21_word_157""}, {""type"": ""text"", ""id"": ""p21_word_158""}, {""type"": ""text"", ""id"": ""p21_word_159""}, {""type"": ""text"", ""id"": ""p21_word_160""}, {""type"": ""text"", ""id"": ""p21_word_161""}, {""type"": ""text"", ""id"": ""p21_word_162""}, {""type"": ""text"", ""id"": ""p21_word_164""}, {""type"": ""text"", ""id"": ""p21_word_166""}, {""type"": ""text"", ""id"": ""p21_word_167""}, {""type"": ""text"", ""id"": ""p21_word_168""}, {""type"": ""text"", ""id"": ""p21_word_169""}, {""type"": ""text"", ""id"": ""p21_word_170""}, {""type"": ""text"", ""id"": ""p21_word_171""}, {""type"": ""text"", ""id"": ""p21_word_172""}, {""type"": ""text"", ""id"": ""p21_word_173""}, {""type"": ""text"", ""id"": ""p21_word_174""}, {""type"": ""text"", ""id"": ""p21_word_175""}, {""type"": ""text"", ""id"": ""p21_word_176""}, {""type"": ""text"", ""id"": ""p21_word_177""}, {""type"": ""text"", ""id"": ""p21_word_178""}, {""type"": ""text"", ""id"": ""p21_word_179""}, {""type"": ""text"", ""id"": ""p21_word_180""}, {""type"": ""text"", ""id"": ""p21_word_181""}, {""type"": ""text"", ""id"": ""p21_word_182""}, {""type"": ""text"", ""id"": ""p21_word_183""}, {""type"": ""text"", ""id"": ""p21_word_184""}, {""type"": ""text"", ""id"": ""p21_word_185""}, {""type"": ""text"", ""id"": ""p21_word_186""}, {""type"": ""text"", ""id"": ""p21_word_187""}, {""type"": ""text"", ""id"": ""p21_word_188""}, {""type"": ""text"", ""id"": ""p21_word_189""}, {""type"": ""text"", ""id"": ""p21_word_190""}, {""type"": ""text"", ""id"": ""p21_word_191""}, {""type"": ""text"", ""id"": ""p21_word_192""}, {""type"": ""text"", ""id"": ""p21_word_193""}, {""type"": ""text"", ""id"": ""p21_word_194""}, {""type"": ""text"", ""id"": ""p21_word_195""}, {""type"": ""text"", ""id"": ""p21_word_197""}, {""type"": ""text"", ""id"": ""p21_word_199""}, {""type"": ""text"", ""id"": ""p21_word_200""}, {""type"": ""text"", ""id"": ""p21_word_201""}, {""type"": ""text"", ""id"": ""p21_word_203""}, {""type"": ""text"", ""id"": ""p21_word_205""}, {""type"": ""text"", ""id"": ""p21_word_206""}, {""type"": ""text"", ""id"": ""p21_word_207""}, {""type"": ""text"", ""id"": ""p21_word_208""}, {""type"": ""text"", ""id"": ""p21_word_209""}, {""type"": ""text"", ""id"": ""p21_word_210""}, {""type"": ""text"", ""id"": ""p21_word_211""}, {""type"": ""text"", ""id"": ""p21_word_212""}, {""type"": ""text"", ""id"": ""p21_word_214""}, {""type"": ""text"", ""id"": ""p21_word_215""}, {""type"": ""text"", ""id"": ""p21_word_217""}, {""type"": ""text"", ""id"": ""p21_word_218""}, {""type"": ""text"", ""id"": ""p21_word_219""}, {""type"": ""text"", ""id"": ""p21_word_220""}, {""type"": ""text"", ""id"": ""p21_word_221""}, {""type"": ""text"", ""id"": ""p21_word_222""}, {""type"": ""text"", ""id"": ""p21_word_223""}, {""type"": ""text"", ""id"": ""p21_word_224""}, {""type"": ""text"", ""id"": ""p21_word_226""}, {""type"": ""text"", ""id"": ""p21_word_227""}, {""type"": ""text"", ""id"": ""p21_word_228""}, {""type"": ""text"", ""id"": ""p21_word_229""}, {""type"": ""text"", ""id"": ""p21_word_230""}, {""type"": ""image"", ""id"": ""p21_image_0""}]",geometry_only_not_correctness
docling,D01,IMG_001,image,"[{""type"": ""text"", ""id"": ""#/texts/92""}, {""type"": ""diagram"", ""id"": ""#/pictures/1""}]",geometry_only_not_correctness
docling,D01,IMG_002,image,"[{""type"": ""text"", ""id"": ""#/texts/121""}, {""type"": ""diagram"", ""id"": ""#/pictures/2""}]",geometry_only_not_correctness
docling,D01,IMG_003,image,"[{""type"": ""diagram"", ""id"": ""#/pictures/6""}]",geometry_only_not_correctness
docling,D02,CHEM_003,chemical_structure,"[{""type"": ""table"", ""id"": ""#/tables/1""}]",geometry_only_not_correctness
docling,D02,CHEM_004,chemical_structure,"[{""type"": ""table"", ""id"": ""#/tables/1""}]",geometry_only_not_correctness
docling,D02,CHEM_005,chemical_structure,"[{""type"": ""table"", ""id"": ""#/tables/1""}]",geometry_only_not_correctness
docling,D02,CHEM_006,chemical_structure,"[{""type"": ""table"", ""id"": ""#/tables/1""}]",geometry_only_not_correctness
docling,D02,CHEM_001,chemical_formula,"[{""type"": ""text"", ""id"": ""#/texts/26""}]",geometry_only_not_correctness
docling,D02,CHEM_002,chemical_formula,"[{""type"": ""text"", ""id"": ""#/texts/26""}]",geometry_only_not_correctness
docling,D05,IMG_004,image,"[{""type"": ""diagram"", ""id"": ""#/pictures/0""}]",geometry_only_not_correctness
docling,D05,IMG_005,image,"[{""type"": ""diagram"", ""id"": ""#/pictures/1""}]",geometry_only_not_correctness
pdfminer,D01,TAB_001,table,"[{""type"": ""text"", ""id"": ""p4_txt_0004""}, {""type"": ""text"", ""id"": ""p4_txt_0005""}, {""type"": ""text"", ""id"": ""p4_txt_0006""}, {""type"": ""text"", ""id"": ""p4_txt_0007""}, {""type"": ""text"", ""id"": ""p4_txt_0008""}, {""type"": ""text"", ""id"": ""p4_txt_0009""}, {""type"": ""text"", ""id"": ""p4_txt_0010""}, {""type"": ""text"", ""id"": ""p4_txt_0011""}, {""type"": ""text"", ""id"": ""p4_txt_0012""}, {""type"": ""text"", ""id"": ""p4_txt_0013""}, {""type"": ""text"", ""id"": ""p4_txt_0014""}, {""type"": ""text"", ""id"": ""p4_txt_0015""}, {""type"": ""text"", ""id"": ""p4_txt_0016""}, {""type"": ""text"", ""id"": ""p4_txt_0017""}, {""type"": ""text"", ""id"": ""p4_txt_0018""}, {""type"": ""text"", ""id"": ""p4_txt_0019""}, {""type"": ""text"", ""id"": ""p4_txt_0020""}, {""type"": ""text"", ""id"": ""p4_txt_0021""}, {""type"": ""text"", ""id"": ""p4_txt_0022""}, {""type"": ""text"", ""id"": ""p4_txt_0023""}, {""type"": ""text"", ""id"": ""p4_txt_0024""}, {""type"": ""text"", ""id"": ""p4_txt_0025""}, {""type"": ""text"", ""id"": ""p4_txt_0026""}, {""type"": ""text"", ""id"": ""p4_txt_0027""}, {""type"": ""text"", ""id"": ""p4_txt_0028""}, {""type"": ""text"", ""id"": ""p4_txt_0029""}, {""type"": ""text"", ""id"": ""p4_txt_0030""}, {""type"": ""text"", ""id"": ""p4_txt_0031""}, {""type"": ""text"", ""id"": ""p4_txt_0032""}, {""type"": ""text"", ""id"": ""p4_txt_0033""}, {""type"": ""text"", ""id"": ""p4_txt_0034""}, {""type"": ""text"", ""id"": ""p4_txt_0035""}, {""type"": ""text"", ""id"": ""p4_txt_0036""}, {""type"": ""text"", ""id"": ""p4_txt_0037""}, {""type"": ""text"", ""id"": ""p4_txt_0038""}, {""type"": ""text"", ""id"": ""p4_txt_0039""}, {""type"": ""text"", ""id"": ""p4_txt_0040""}, {""type"": ""text"", ""id"": ""p4_txt_0041""}, {""type"": ""text"", ""id"": ""p4_txt_0042""}, {""type"": ""text"", ""id"": ""p4_txt_0043""}, {""type"": ""text"", ""id"": ""p4_txt_0044""}, {""type"": ""text"", ""id"": ""p4_txt_0045""}, {""type"": ""text"", ""id"": ""p4_txt_0046""}, {""type"": ""text"", ""id"": ""p4_txt_0047""}, {""type"": ""text"", ""id"": ""p4_txt_0048""}, {""type"": ""text"", ""id"": ""p4_txt_0049""}, {""type"": ""text"", ""id"": ""p4_txt_0050""}, {""type"": ""text"", ""id"": ""p4_txt_0051""}, {""type"": ""text"", ""id"": ""p4_txt_0052""}, {""type"": ""text"", ""id"": ""p4_txt_0053""}, {""type"": ""text"", ""id"": ""p4_txt_0054""}, {""type"": ""text"", ""id"": ""p4_txt_0055""}, {""type"": ""text"", ""id"": ""p4_txt_0056""}, {""type"": ""text"", ""id"": ""p4_txt_0057""}, {""type"": ""text"", ""id"": ""p4_txt_0058""}, {""type"": ""text"", ""id"": ""p4_txt_0059""}, {""type"": ""text"", ""id"": ""p4_txt_0060""}, {""type"": ""text"", ""id"": ""p4_txt_0061""}]",geometry_only_not_correctness
pdfminer,D01,TAB_002,table,"[{""type"": ""text"", ""id"": ""p8_txt_0019""}, {""type"": ""text"", ""id"": ""p8_txt_0020""}, {""type"": ""text"", ""id"": ""p8_txt_0021""}, {""type"": ""text"", ""id"": ""p8_txt_0022""}, {""type"": ""text"", ""id"": ""p8_txt_0023""}, {""type"": ""text"", ""id"": ""p8_txt_0024""}, {""type"": ""text"", ""id"": ""p8_txt_0025""}, {""type"": ""text"", ""id"": ""p8_txt_0026""}, {""type"": ""text"", ""id"": ""p8_txt_0027""}, {""type"": ""text"", ""id"": ""p8_txt_0028""}, {""type"": ""text"", ""id"": ""p8_txt_0029""}, {""type"": ""text"", ""id"": ""p8_txt_0030""}, {""type"": ""text"", ""id"": ""p8_txt_0031""}, {""type"": ""text"", ""id"": ""p8_txt_0032""}, {""type"": ""text"", ""id"": ""p8_txt_0033""}, {""type"": ""text"", ""id"": ""p8_txt_0034""}, {""type"": ""text"", ""id"": ""p8_txt_0035""}, {""type"": ""text"", ""id"": ""p8_txt_0036""}, {""type"": ""text"", ""id"": ""p8_txt_0037""}, {""type"": ""text"", ""id"": ""p8_txt_0038""}, {""type"": ""text"", ""id"": ""p8_txt_0039""}, {""type"": ""text"", ""id"": ""p8_txt_0040""}, {""type"": ""text"", ""id"": ""p8_txt_0043""}, {""type"": ""text"", ""id"": ""p8_txt_0044""}, {""type"": ""text"", ""id"": ""p8_txt_0045""}, {""type"": ""text"", ""id"": ""p8_txt_0046""}, {""type"": ""text"", ""id"": ""p8_txt_0047""}, {""type"": ""text"", ""id"": ""p8_txt_0048""}, {""type"": ""text"", ""id"": ""p8_txt_0049""}, {""type"": ""text"", ""id"": ""p8_txt_0050""}, {""type"": ""text"", ""id"": ""p8_txt_0051""}, {""type"": ""text"", ""id"": ""p8_txt_0052""}, {""type"": ""text"", ""id"": ""p8_txt_0053""}, {""type"": ""text"", ""id"": ""p8_txt_0054""}, {""type"": ""text"", ""id"": ""p8_txt_0055""}, {""type"": ""text"", ""id"": ""p8_txt_0056""}, {""type"": ""text"", ""id"": ""p8_txt_0057""}, {""type"": ""text"", ""id"": ""p8_txt_0058""}, {""type"": ""text"", ""id"": ""p8_txt_0059""}, {""type"": ""text"", ""id"": ""p8_txt_0060""}, {""type"": ""text"", ""id"": ""p8_txt_0061""}, {""type"": ""text"", ""id"": ""p8_txt_0062""}, {""type"": ""text"", ""id"": ""p8_txt_0063""}, {""type"": ""text"", ""id"": ""p8_txt_0064""}, {""type"": ""text"", ""id"": ""p8_txt_0065""}, {""type"": ""text"", ""id"": ""p8_txt_0066""}, {""type"": ""text"", ""id"": ""p8_txt_0067""}, {""type"": ""text"", ""id"": ""p8_txt_0068""}, {""type"": ""text"", ""id"": ""p8_txt_0069""}, {""type"": ""text"", ""id"": ""p8_txt_0070""}, {""type"": ""text"", ""id"": ""p8_txt_0071""}, {""type"": ""text"", ""id"": ""p8_txt_0072""}, {""type"": ""text"", ""id"": ""p8_txt_0073""}, {""type"": ""text"", ""id"": ""p8_txt_0074""}, {""type"": ""text"", ""id"": ""p8_txt_0075""}, {""type"": ""text"", ""id"": ""p8_txt_0076""}, {""type"": ""text"", ""id"": ""p8_txt_0077""}, {""type"": ""text"", ""id"": ""p8_txt_0078""}, {""type"": ""text"", ""id"": ""p8_txt_0079""}, {""type"": ""text"", ""id"": ""p8_txt_0080""}, {""type"": ""text"", ""id"": ""p8_txt_0081""}, {""type"": ""text"", ""id"": ""p8_txt_0082""}, {""type"": ""text"", ""id"": ""p8_txt_0083""}, {""type"": ""text"", ""id"": ""p8_txt_0084""}, {""type"": ""text"", ""id"": ""p8_txt_0085""}, {""type"": ""text"", ""id"": ""p8_txt_0086""}, {""type"": ""text"", ""id"": ""p8_txt_0087""}, {""type"": ""text"", ""id"": ""p8_txt_0088""}, {""type"": ""text"", ""id"": ""p8_txt_0089""}, {""type"": ""text"", ""id"": ""p8_txt_0090""}, {""type"": ""text"", ""id"": ""p8_txt_0091""}, {""type"": ""text"", ""id"": ""p8_txt_0092""}, {""type"": ""text"", ""id"": ""p8_txt_0093""}, {""type"": ""text"", ""id"": ""p8_txt_0094""}, {""type"": ""text"", ""id"": ""p8_txt_0095""}, {""type"": ""text"", ""id"": ""p8_txt_0096""}, {""type"": ""text"", ""id"": ""p8_txt_0097""}]",geometry_only_not_correctness
pdfminer,D01,DIA_001,diagram,"[{""type"": ""image"", ""id"": ""p9_img_0001""}]",geometry_only_not_correctness
pdfminer,D01,MATH_001,math_formula,"[{""type"": ""text"", ""id"": ""p17_txt_0005""}, {""type"": ""text"", ""id"": ""p17_txt_0006""}, {""type"": ""text"", ""id"": ""p17_txt_0049""}, {""type"": ""text"", ""id"": ""p17_txt_0050""}, {""type"": ""text"", ""id"": ""p17_txt_0051""}, {""type"": ""text"", ""id"": ""p17_txt_0052""}, {""type"": ""text"", ""id"": ""p17_txt_0053""}, {""type"": ""text"", ""id"": ""p17_txt_0054""}, {""type"": ""text"", ""id"": ""p17_txt_0055""}, {""type"": ""text"", ""id"": ""p17_txt_0056""}, {""type"": ""text"", ""id"": ""p17_txt_0057""}, {""type"": ""text"", ""id"": ""p17_txt_0058""}, {""type"": ""text"", ""id"": ""p17_txt_0059""}, {""type"": ""text"", ""id"": ""p17_txt_0060""}, {""type"": ""text"", ""id"": ""p17_txt_0061""}, {""type"": ""text"", ""id"": ""p17_txt_0062""}, {""type"": ""text"", ""id"": ""p17_txt_0063""}, {""type"": ""text"", ""id"": ""p17_txt_0064""}, {""type"": ""text"", ""id"": ""p17_txt_0065""}, {""type"": ""text"", ""id"": ""p17_txt_0066""}, {""type"": ""text"", ""id"": ""p17_txt_0067""}, {""type"": ""text"", ""id"": ""p17_txt_0068""}, {""type"": ""text"", ""id"": ""p17_txt_0069""}, {""type"": ""text"", ""id"": ""p17_txt_0070""}, {""type"": ""text"", ""id"": ""p17_txt_0071""}, {""type"": ""text"", ""id"": ""p17_txt_0072""}, {""type"": ""text"", ""id"": ""p17_txt_0073""}, {""type"": ""text"", ""id"": ""p17_txt_0074""}, {""type"": ""text"", ""id"": ""p17_txt_0075""}, {""type"": ""text"", ""id"": ""p17_txt_0076""}, {""type"": ""text"", ""id"": ""p17_txt_0077""}, {""type"": ""text"", ""id"": ""p17_txt_0078""}, {""type"": ""text"", ""id"": ""p17_txt_0079""}, {""type"": ""text"", ""id"": ""p17_txt_0080""}, {""type"": ""text"", ""id"": ""p17_txt_0081""}, {""type"": ""text"", ""id"": ""p17_txt_0082""}, {""type"": ""text"", ""id"": ""p17_txt_0083""}, {""type"": ""text"", ""id"": ""p17_txt_0084""}, {""type"": ""text"", ""id"": ""p17_txt_0085""}, {""type"": ""text"", ""id"": ""p17_txt_0086""}, {""type"": ""text"", ""id"": ""p17_txt_0087""}, {""type"": ""text"", ""id"": ""p17_txt_0088""}]",geometry_only_not_correctness
pdfminer,D01,DIA_002,diagram,"[{""type"": ""image"", ""id"": ""p39_img_0000""}]",geometry_only_not_correctness
pdfminer,D02,CHEM_003,chemical_structure,"[{""type"": ""image"", ""id"": ""p2_img_0000""}]",geometry_only_not_correctness
pdfminer,D02,CHEM_004,chemical_structure,"[{""type"": ""image"", ""id"": ""p2_img_0001""}]",geometry_only_not_correctness
pdfminer,D02,CHEM_005,chemical_structure,"[{""type"": ""image"", ""id"": ""p2_img_0002""}]",geometry_only_not_correctness
pdfminer,D02,CHEM_006,chemical_structure,"[{""type"": ""image"", ""id"": ""p2_img_0003""}]",geometry_only_not_correctness
pdfminer,D02,TAB_003,table,"[{""type"": ""text"", ""id"": ""p2_txt_0062""}, {""type"": ""text"", ""id"": ""p2_txt_0063""}, {""type"": ""text"", ""id"": ""p2_txt_0064""}, {""type"": ""text"", ""id"": ""p2_txt_0065""}, {""type"": ""text"", ""id"": ""p2_txt_0066""}, {""type"": ""text"", ""id"": ""p2_txt_0067""}, {""type"": ""text"", ""id"": ""p2_txt_0068""}, {""type"": ""text"", ""id"": ""p2_txt_0069""}, {""type"": ""text"", ""id"": ""p2_txt_0070""}, {""type"": ""text"", ""id"": ""p2_txt_0071""}, {""type"": ""text"", ""id"": ""p2_txt_0072""}, {""type"": ""text"", ""id"": ""p2_txt_0073""}, {""type"": ""text"", ""id"": ""p2_txt_0074""}, {""type"": ""text"", ""id"": ""p2_txt_0075""}, {""type"": ""text"", ""id"": ""p2_txt_0076""}, {""type"": ""text"", ""id"": ""p2_txt_0077""}, {""type"": ""text"", ""id"": ""p2_txt_0078""}, {""type"": ""text"", ""id"": ""p2_txt_0079""}, {""type"": ""text"", ""id"": ""p2_txt_0080""}, {""type"": ""text"", ""id"": ""p2_txt_0081""}, {""type"": ""text"", ""id"": ""p2_txt_0082""}, {""type"": ""text"", ""id"": ""p2_txt_0083""}, {""type"": ""text"", ""id"": ""p2_txt_0084""}, {""type"": ""text"", ""id"": ""p2_txt_0085""}, {""type"": ""text"", ""id"": ""p2_txt_0086""}, {""type"": ""text"", ""id"": ""p2_txt_0087""}, {""type"": ""text"", ""id"": ""p2_txt_0088""}, {""type"": ""text"", ""id"": ""p2_txt_0089""}, {""type"": ""text"", ""id"": ""p2_txt_0090""}, {""type"": ""text"", ""id"": ""p2_txt_0091""}, {""type"": ""text"", ""id"": ""p2_txt_0092""}, {""type"": ""text"", ""id"": ""p2_txt_0093""}, {""type"": ""text"", ""id"": ""p2_txt_0094""}, {""type"": ""text"", ""id"": ""p2_txt_0095""}, {""type"": ""text"", ""id"": ""p2_txt_0096""}, {""type"": ""text"", ""id"": ""p2_txt_0097""}, {""type"": ""text"", ""id"": ""p2_txt_0098""}, {""type"": ""text"", ""id"": ""p2_txt_0099""}, {""type"": ""text"", ""id"": ""p2_txt_0100""}, {""type"": ""text"", ""id"": ""p2_txt_0101""}, {""type"": ""text"", ""id"": ""p2_txt_0102""}, {""type"": ""text"", ""id"": ""p2_txt_0103""}, {""type"": ""text"", ""id"": ""p2_txt_0104""}, {""type"": ""text"", ""id"": ""p2_txt_0105""}, {""type"": ""text"", ""id"": ""p2_txt_0106""}, {""type"": ""text"", ""id"": ""p2_txt_0107""}, {""type"": ""text"", ""id"": ""p2_txt_0108""}, {""type"": ""text"", ""id"": ""p2_txt_0109""}, {""type"": ""text"", ""id"": ""p2_txt_0110""}, {""type"": ""text"", ""id"": ""p2_txt_0111""}, {""type"": ""text"", ""id"": ""p2_txt_0112""}, {""type"": ""text"", ""id"": ""p2_txt_0113""}, {""type"": ""text"", ""id"": ""p2_txt_0114""}, {""type"": ""text"", ""id"": ""p2_txt_0115""}, {""type"": ""text"", ""id"": ""p2_txt_0116""}, {""type"": ""text"", ""id"": ""p2_txt_0117""}, {""type"": ""text"", ""id"": ""p2_txt_0118""}, {""type"": ""text"", ""id"": ""p2_txt_0119""}, {""type"": ""text"", ""id"": ""p2_txt_0120""}, {""type"": ""text"", ""id"": ""p2_txt_0121""}, {""type"": ""text"", ""id"": ""p2_txt_0122""}, {""type"": ""image"", ""id"": ""p2_img_0000""}, {""type"": ""image"", ""id"": ""p2_img_0001""}, {""type"": ""image"", ""id"": ""p2_img_0002""}, {""type"": ""image"", ""id"": ""p2_img_0003""}]",geometry_only_not_correctness
pdfminer,D02,CHEM_001,chemical_formula,"[{""type"": ""text"", ""id"": ""p3_txt_0004""}, {""type"": ""text"", ""id"": ""p3_txt_0010""}]",geometry_only_not_correctness
pdfminer,D02,CHEM_002,chemical_formula,"[{""type"": ""text"", ""id"": ""p3_txt_0004""}, {""type"": ""text"", ""id"": ""p3_txt_0011""}]",geometry_only_not_correctness
pdfminer,D02,DIA_003,diagram,"[{""type"": ""image"", ""id"": ""p4_img_0000""}]",geometry_only_not_correctness
pdfminer,D02,TAB_004,table,"[{""type"": ""text"", ""id"": ""p5_txt_0009""}, {""type"": ""text"", ""id"": ""p5_txt_0010""}, {""type"": ""text"", ""id"": ""p5_txt_0011""}, {""type"": ""text"", ""id"": ""p5_txt_0012""}, {""type"": ""text"", ""id"": ""p5_txt_0013""}, {""type"": ""text"", ""id"": ""p5_txt_0014""}, {""type"": ""text"", ""id"": ""p5_txt_0015""}, {""type"": ""text"", ""id"": ""p5_txt_0016""}, {""type"": ""text"", ""id"": ""p5_txt_0017""}, {""type"": ""text"", ""id"": ""p5_txt_0018""}, {""type"": ""text"", ""id"": ""p5_txt_0019""}, {""type"": ""text"", ""id"": ""p5_txt_0020""}, {""type"": ""text"", ""id"": ""p5_txt_0021""}, {""type"": ""text"", ""id"": ""p5_txt_0022""}, {""type"": ""text"", ""id"": ""p5_txt_0023""}, {""type"": ""text"", ""id"": ""p5_txt_0024""}, {""type"": ""text"", ""id"": ""p5_txt_0025""}, {""type"": ""text"", ""id"": ""p5_txt_0026""}, {""type"": ""text"", ""id"": ""p5_txt_0027""}, {""type"": ""text"", ""id"": ""p5_txt_0028""}, {""type"": ""text"", ""id"": ""p5_txt_0029""}, {""type"": ""text"", ""id"": ""p5_txt_0030""}, {""type"": ""text"", ""id"": ""p5_txt_0031""}, {""type"": ""text"", ""id"": ""p5_txt_0032""}, {""type"": ""text"", ""id"": ""p5_txt_0033""}, {""type"": ""text"", ""id"": ""p5_txt_0034""}, {""type"": ""text"", ""id"": ""p5_txt_0035""}, {""type"": ""text"", ""id"": ""p5_txt_0036""}, {""type"": ""text"", ""id"": ""p5_txt_0037""}, {""type"": ""text"", ""id"": ""p5_txt_0038""}, {""type"": ""text"", ""id"": ""p5_txt_0039""}, {""type"": ""text"", ""id"": ""p5_txt_0040""}, {""type"": ""text"", ""id"": ""p5_txt_0041""}, {""type"": ""text"", ""id"": ""p5_txt_0042""}, {""type"": ""text"", ""id"": ""p5_txt_0043""}, {""type"": ""text"", ""id"": ""p5_txt_0044""}, {""type"": ""text"", ""id"": ""p5_txt_0045""}, {""type"": ""text"", ""id"": ""p5_txt_0046""}, {""type"": ""text"", ""id"": ""p5_txt_0047""}, {""type"": ""text"", ""id"": ""p5_txt_0048""}, {""type"": ""text"", ""id"": ""p5_txt_0049""}, {""type"": ""text"", ""id"": ""p5_txt_0050""}, {""type"": ""text"", ""id"": ""p5_txt_0051""}, {""type"": ""text"", ""id"": ""p5_txt_0052""}, {""type"": ""text"", ""id"": ""p5_txt_0053""}, {""type"": ""text"", ""id"": ""p5_txt_0054""}, {""type"": ""text"", ""id"": ""p5_txt_0055""}, {""type"": ""text"", ""id"": ""p5_txt_0056""}, {""type"": ""text"", ""id"": ""p5_txt_0057""}, {""type"": ""text"", ""id"": ""p5_txt_0058""}, {""type"": ""text"", ""id"": ""p5_txt_0059""}, {""type"": ""text"", ""id"": ""p5_txt_0060""}, {""type"": ""text"", ""id"": ""p5_txt_0061""}, {""type"": ""text"", ""id"": ""p5_txt_0062""}, {""type"": ""text"", ""id"": ""p5_txt_0063""}, {""type"": ""text"", ""id"": ""p5_txt_0064""}, {""type"": ""text"", ""id"": ""p5_txt_0065""}, {""type"": ""text"", ""id"": ""p5_txt_0066""}, {""type"": ""text"", ""id"": ""p5_txt_0067""}, {""type"": ""text"", ""id"": ""p5_txt_0068""}, {""type"": ""text"", ""id"": ""p5_txt_0069""}, {""type"": ""text"", ""id"": ""p5_txt_0070""}]",geometry_only_not_correctness
pdfminer,D03,DIA_004,diagram,"[{""type"": ""image"", ""id"": ""p5_img_0001""}]",geometry_only_not_correctness
pdfminer,D03,TAB_005,table,"[{""type"": ""text"", ""id"": ""p6_txt_0007""}, {""type"": ""text"", ""id"": ""p6_txt_0008""}, {""type"": ""text"", ""id"": ""p6_txt_0009""}, {""type"": ""text"", ""id"": ""p6_txt_0010""}, {""type"": ""text"", ""id"": ""p6_txt_0011""}, {""type"": ""text"", ""id"": ""p6_txt_0012""}, {""type"": ""text"", ""id"": ""p6_txt_0013""}, {""type"": ""text"", ""id"": ""p6_txt_0014""}, {""type"": ""text"", ""id"": ""p6_txt_0015""}, {""type"": ""text"", ""id"": ""p6_txt_0016""}, {""type"": ""text"", ""id"": ""p6_txt_0017""}, {""type"": ""text"", ""id"": ""p6_txt_0018""}, {""type"": ""text"", ""id"": ""p6_txt_0019""}, {""type"": ""text"", ""id"": ""p6_txt_0020""}, {""type"": ""text"", ""id"": ""p6_txt_0021""}, {""type"": ""text"", ""id"": ""p6_txt_0022""}, {""type"": ""text"", ""id"": ""p6_txt_0023""}, {""type"": ""text"", ""id"": ""p6_txt_0024""}, {""type"": ""text"", ""id"": ""p6_txt_0025""}, {""type"": ""text"", ""id"": ""p6_txt_0026""}, {""type"": ""text"", ""id"": ""p6_txt_0027""}, {""type"": ""text"", ""id"": ""p6_txt_0028""}, {""type"": ""text"", ""id"": ""p6_txt_0029""}, {""type"": ""text"", ""id"": ""p6_txt_0030""}, {""type"": ""text"", ""id"": ""p6_txt_0031""}, {""type"": ""text"", ""id"": ""p6_txt_0032""}, {""type"": ""text"", ""id"": ""p6_txt_0033""}, {""type"": ""text"", ""id"": ""p6_txt_0034""}, {""type"": ""text"", ""id"": ""p6_txt_0035""}, {""type"": ""text"", ""id"": ""p6_txt_0036""}, {""type"": ""text"", ""id"": ""p6_txt_0037""}, {""type"": ""text"", ""id"": ""p6_txt_0038""}, {""type"": ""text"", ""id"": ""p6_txt_0039""}, {""type"": ""text"", ""id"": ""p6_txt_0040""}, {""type"": ""text"", ""id"": ""p6_txt_0041""}, {""type"": ""text"", ""id"": ""p6_txt_0042""}, {""type"": ""text"", ""id"": ""p6_txt_0043""}, {""type"": ""text"", ""id"": ""p6_txt_0044""}, {""type"": ""text"", ""id"": ""p6_txt_0045""}, {""type"": ""text"", ""id"": ""p6_txt_0046""}, {""type"": ""text"", ""id"": ""p6_txt_0047""}, {""type"": ""text"", ""id"": ""p6_txt_0048""}, {""type"": ""text"", ""id"": ""p6_txt_0049""}, {""type"": ""text"", ""id"": ""p6_txt_0050""}, {""type"": ""text"", ""id"": ""p6_txt_0051""}, {""type"": ""text"", ""id"": ""p6_txt_0052""}, {""type"": ""text"", ""id"": ""p6_txt_0053""}, {""type"": ""text"", ""id"": ""p6_txt_0054""}, {""type"": ""text"", ""id"": ""p6_txt_0055""}, {""type"": ""text"", ""id"": ""p6_txt_0056""}, {""type"": ""text"", ""id"": ""p6_txt_0057""}, {""type"": ""text"", ""id"": ""p6_txt_0058""}, {""type"": ""text"", ""id"": ""p6_txt_0059""}, {""type"": ""text"", ""id"": ""p6_txt_0060""}, {""type"": ""text"", ""id"": ""p6_txt_0061""}, {""type"": ""text"", ""id"": ""p6_txt_0062""}, {""type"": ""text"", ""id"": ""p6_txt_0063""}, {""type"": ""text"", ""id"": ""p6_txt_0064""}, {""type"": ""text"", ""id"": ""p6_txt_0065""}, {""type"": ""text"", ""id"": ""p6_txt_0066""}, {""type"": ""text"", ""id"": ""p6_txt_0067""}, {""type"": ""text"", ""id"": ""p6_txt_0068""}, {""type"": ""text"", ""id"": ""p6_txt_0069""}, {""type"": ""text"", ""id"": ""p6_txt_0070""}, {""type"": ""text"", ""id"": ""p6_txt_0071""}, {""type"": ""text"", ""id"": ""p6_txt_0072""}]",geometry_only_not_correctness
pdfminer,D03,DIA_005,diagram,"[{""type"": ""image"", ""id"": ""p9_img_0000""}]",geometry_only_not_correctness
pdfminer,D04,MATH_002,math_formula,"[{""type"": ""text"", ""id"": ""p1_txt_0051""}, {""type"": ""text"", ""id"": ""p1_txt_0052""}, {""type"": ""text"", ""id"": ""p1_txt_0053""}, {""type"": ""text"", ""id"": ""p1_txt_0054""}, {""type"": ""text"", ""id"": ""p1_txt_0055""}, {""type"": ""text"", ""id"": ""p1_txt_0056""}, {""type"": ""text"", ""id"": ""p1_txt_0057""}, {""type"": ""text"", ""id"": ""p1_txt_0058""}, {""type"": ""text"", ""id"": ""p1_txt_0059""}, {""type"": ""text"", ""id"": ""p1_txt_0060""}, {""type"": ""text"", ""id"": ""p1_txt_0061""}, {""type"": ""text"", ""id"": ""p1_txt_0062""}, {""type"": ""text"", ""id"": ""p1_txt_0063""}, {""type"": ""text"", ""id"": ""p1_txt_0064""}, {""type"": ""text"", ""id"": ""p1_txt_0065""}, {""type"": ""text"", ""id"": ""p1_txt_0066""}, {""type"": ""text"", ""id"": ""p1_txt_0067""}, {""type"": ""text"", ""id"": ""p1_txt_0068""}]",geometry_only_not_correctness
pdfminer,D04,MATH_003,math_formula,"[{""type"": ""text"", ""id"": ""p2_txt_0000""}, {""type"": ""text"", ""id"": ""p2_txt_0001""}, {""type"": ""text"", ""id"": ""p2_txt_0002""}, {""type"": ""text"", ""id"": ""p2_txt_0003""}, {""type"": ""text"", ""id"": ""p2_txt_0004""}, {""type"": ""text"", ""id"": ""p2_txt_0005""}, {""type"": ""text"", ""id"": ""p2_txt_0006""}, {""type"": ""text"", ""id"": ""p2_txt_0007""}, {""type"": ""text"", ""id"": ""p2_txt_0008""}, {""type"": ""text"", ""id"": ""p2_txt_0009""}, {""type"": ""text"", ""id"": ""p2_txt_0010""}, {""type"": ""text"", ""id"": ""p2_txt_0011""}, {""type"": ""text"", ""id"": ""p2_txt_0012""}, {""type"": ""text"", ""id"": ""p2_txt_0013""}, {""type"": ""text"", ""id"": ""p2_txt_0014""}, {""type"": ""text"", ""id"": ""p2_txt_0015""}, {""type"": ""text"", ""id"": ""p2_txt_0016""}, {""type"": ""text"", ""id"": ""p2_txt_0017""}, {""type"": ""text"", ""id"": ""p2_txt_0018""}, {""type"": ""text"", ""id"": ""p2_txt_0019""}, {""type"": ""text"", ""id"": ""p2_txt_0020""}, {""type"": ""text"", ""id"": ""p2_txt_0021""}, {""type"": ""text"", ""id"": ""p2_txt_0022""}, {""type"": ""text"", ""id"": ""p2_txt_0023""}]",geometry_only_not_correctness
pdfminer,D04,MATH_004,math_formula,"[{""type"": ""text"", ""id"": ""p3_txt_0007""}, {""type"": ""text"", ""id"": ""p3_txt_0008""}, {""type"": ""text"", ""id"": ""p3_txt_0009""}, {""type"": ""text"", ""id"": ""p3_txt_0010""}, {""type"": ""text"", ""id"": ""p3_txt_0011""}, {""type"": ""text"", ""id"": ""p3_txt_0012""}, {""type"": ""text"", ""id"": ""p3_txt_0013""}, {""type"": ""text"", ""id"": ""p3_txt_0014""}, {""type"": ""text"", ""id"": ""p3_txt_0015""}, {""type"": ""text"", ""id"": ""p3_txt_0016""}, {""type"": ""text"", ""id"": ""p3_txt_0017""}, {""type"": ""text"", ""id"": ""p3_txt_0018""}, {""type"": ""text"", ""id"": ""p3_txt_0019""}, {""type"": ""text"", ""id"": ""p3_txt_0020""}, {""type"": ""text"", ""id"": ""p3_txt_0021""}, {""type"": ""text"", ""id"": ""p3_txt_0022""}]",geometry_only_not_correctness
pdfminer,D04,MATH_005,math_formula,"[{""type"": ""text"", ""id"": ""p6_txt_0023""}, {""type"": ""text"", ""id"": ""p6_txt_0024""}, {""type"": ""text"", ""id"": ""p6_txt_0025""}, {""type"": ""text"", ""id"": ""p6_txt_0026""}, {""type"": ""text"", ""id"": ""p6_txt_0027""}, {""type"": ""text"", ""id"": ""p6_txt_0028""}, {""type"": ""text"", ""id"": ""p6_txt_0029""}, {""type"": ""text"", ""id"": ""p6_txt_0030""}, {""type"": ""text"", ""id"": ""p6_txt_0031""}, {""type"": ""text"", ""id"": ""p6_txt_0032""}, {""type"": ""text"", ""id"": ""p6_txt_0033""}, {""type"": ""text"", ""id"": ""p6_txt_0034""}, {""type"": ""text"", ""id"": ""p6_txt_0035""}, {""type"": ""text"", ""id"": ""p6_txt_0036""}, {""type"": ""text"", ""id"": ""p6_txt_0037""}, {""type"": ""text"", ""id"": ""p6_txt_0038""}, {""type"": ""text"", ""id"": ""p6_txt_0039""}, {""type"": ""text"", ""id"": ""p6_txt_0040""}, {""type"": ""text"", ""id"": ""p6_txt_0041""}, {""type"": ""text"", ""id"": ""p6_txt_0042""}, {""type"": ""text"", ""id"": ""p6_txt_0043""}, {""type"": ""text"", ""id"": ""p6_txt_0044""}, {""type"": ""text"", ""id"": ""p6_txt_0045""}, {""type"": ""text"", ""id"": ""p6_txt_0046""}, {""type"": ""text"", ""id"": ""p6_txt_0047""}, {""type"": ""text"", ""id"": ""p6_txt_0048""}, {""type"": ""text"", ""id"": ""p6_txt_0049""}, {""type"": ""text"", ""id"": ""p6_txt_0050""}, {""type"": ""text"", ""id"": ""p6_txt_0051""}, {""type"": ""text"", ""id"": ""p6_txt_0052""}, {""type"": ""text"", ""id"": ""p6_txt_0053""}, {""type"": ""text"", ""id"": ""p6_txt_0054""}, {""type"": ""text"", ""id"": ""p6_txt_0055""}, {""type"": ""text"", ""id"": ""p6_txt_0056""}, {""type"": ""text"", ""id"": ""p6_txt_0057""}, {""type"": ""text"", ""id"": ""p6_txt_0058""}, {""type"": ""text"", ""id"": ""p6_txt_0059""}, {""type"": ""text"", ""id"": ""p6_txt_0060""}, {""type"": ""text"", ""id"": ""p6_txt_0061""}, {""type"": ""text"", ""id"": ""p6_txt_0062""}, {""type"": ""text"", ""id"": ""p6_txt_0063""}, {""type"": ""text"", ""id"": ""p6_txt_0064""}]",geometry_only_not_correctness
pdfminer,D04,TAB_006,table,"[{""type"": ""text"", ""id"": ""p8_txt_0004""}, {""type"": ""text"", ""id"": ""p8_txt_0005""}, {""type"": ""text"", ""id"": ""p8_txt_0006""}, {""type"": ""text"", ""id"": ""p8_txt_0007""}, {""type"": ""text"", ""id"": ""p8_txt_0008""}, {""type"": ""text"", ""id"": ""p8_txt_0009""}, {""type"": ""text"", ""id"": ""p8_txt_0010""}, {""type"": ""text"", ""id"": ""p8_txt_0011""}, {""type"": ""text"", ""id"": ""p8_txt_0012""}, {""type"": ""text"", ""id"": ""p8_txt_0013""}, {""type"": ""text"", ""id"": ""p8_txt_0014""}, {""type"": ""text"", ""id"": ""p8_txt_0015""}, {""type"": ""text"", ""id"": ""p8_txt_0016""}, {""type"": ""text"", ""id"": ""p8_txt_0017""}, {""type"": ""text"", ""id"": ""p8_txt_0018""}, {""type"": ""text"", ""id"": ""p8_txt_0019""}, {""type"": ""text"", ""id"": ""p8_txt_0020""}, {""type"": ""text"", ""id"": ""p8_txt_0021""}, {""type"": ""text"", ""id"": ""p8_txt_0022""}, {""type"": ""text"", ""id"": ""p8_txt_0023""}, {""type"": ""text"", ""id"": ""p8_txt_0024""}, {""type"": ""text"", ""id"": ""p8_txt_0025""}, {""type"": ""text"", ""id"": ""p8_txt_0026""}, {""type"": ""text"", ""id"": ""p8_txt_0027""}, {""type"": ""text"", ""id"": ""p8_txt_0028""}, {""type"": ""text"", ""id"": ""p8_txt_0029""}, {""type"": ""text"", ""id"": ""p8_txt_0030""}, {""type"": ""text"", ""id"": ""p8_txt_0031""}, {""type"": ""text"", ""id"": ""p8_txt_0032""}, {""type"": ""text"", ""id"": ""p8_txt_0033""}, {""type"": ""text"", ""id"": ""p8_txt_0034""}, {""type"": ""text"", ""id"": ""p8_txt_0035""}, {""type"": ""text"", ""id"": ""p8_txt_0036""}, {""type"": ""text"", ""id"": ""p8_txt_0037""}, {""type"": ""text"", ""id"": ""p8_txt_0038""}, {""type"": ""text"", ""id"": ""p8_txt_0039""}, {""type"": ""text"", ""id"": ""p8_txt_0040""}, {""type"": ""text"", ""id"": ""p8_txt_0041""}, {""type"": ""text"", ""id"": ""p8_txt_0042""}, {""type"": ""text"", ""id"": ""p8_txt_0043""}, {""type"": ""text"", ""id"": ""p8_txt_0044""}, {""type"": ""text"", ""id"": ""p8_txt_0045""}, {""type"": ""text"", ""id"": ""p8_txt_0046""}, {""type"": ""text"", ""id"": ""p8_txt_0047""}, {""type"": ""text"", ""id"": ""p8_txt_0048""}, {""type"": ""text"", ""id"": ""p8_txt_0049""}, {""type"": ""text"", ""id"": ""p8_txt_0050""}, {""type"": ""text"", ""id"": ""p8_txt_0051""}, {""type"": ""text"", ""id"": ""p8_txt_0052""}, {""type"": ""text"", ""id"": ""p8_txt_0053""}, {""type"": ""text"", ""id"": ""p8_txt_0054""}, {""type"": ""text"", ""id"": ""p8_txt_0055""}, {""type"": ""text"", ""id"": ""p8_txt_0056""}, {""type"": ""text"", ""id"": ""p8_txt_0057""}, {""type"": ""text"", ""id"": ""p8_txt_0058""}, {""type"": ""text"", ""id"": ""p8_txt_0059""}, {""type"": ""text"", ""id"": ""p8_txt_0060""}, {""type"": ""text"", ""id"": ""p8_txt_0061""}, {""type"": ""text"", ""id"": ""p8_txt_0062""}, {""type"": ""text"", ""id"": ""p8_txt_0063""}, {""type"": ""text"", ""id"": ""p8_txt_0064""}, {""type"": ""text"", ""id"": ""p8_txt_0065""}, {""type"": ""text"", ""id"": ""p8_txt_0066""}, {""type"": ""text"", ""id"": ""p8_txt_0067""}, {""type"": ""text"", ""id"": ""p8_txt_0068""}, {""type"": ""text"", ""id"": ""p8_txt_0069""}, {""type"": ""text"", ""id"": ""p8_txt_0070""}, {""type"": ""text"", ""id"": ""p8_txt_0071""}, {""type"": ""text"", ""id"": ""p8_txt_0072""}, {""type"": ""text"", ""id"": ""p8_txt_0073""}, {""type"": ""text"", ""id"": ""p8_txt_0074""}, {""type"": ""text"", ""id"": ""p8_txt_0075""}, {""type"": ""text"", ""id"": ""p8_txt_0076""}, {""type"": ""text"", ""id"": ""p8_txt_0077""}, {""type"": ""text"", ""id"": ""p8_txt_0078""}, {""type"": ""text"", ""id"": ""p8_txt_0079""}, {""type"": ""text"", ""id"": ""p8_txt_0080""}, {""type"": ""text"", ""id"": ""p8_txt_0081""}, {""type"": ""text"", ""id"": ""p8_txt_0082""}, {""type"": ""text"", ""id"": ""p8_txt_0083""}, {""type"": ""text"", ""id"": ""p8_txt_0084""}, {""type"": ""text"", ""id"": ""p8_txt_0085""}, {""type"": ""text"", ""id"": ""p8_txt_0086""}, {""type"": ""text"", ""id"": ""p8_txt_0087""}, {""type"": ""text"", ""id"": ""p8_txt_0088""}, {""type"": ""text"", ""id"": ""p8_txt_0089""}, {""type"": ""text"", ""id"": ""p8_txt_0090""}, {""type"": ""text"", ""id"": ""p8_txt_0091""}, {""type"": ""text"", ""id"": ""p8_txt_0092""}, {""type"": ""text"", ""id"": ""p8_txt_0093""}, {""type"": ""text"", ""id"": ""p8_txt_0094""}, {""type"": ""text"", ""id"": ""p8_txt_0095""}, {""type"": ""text"", ""id"": ""p8_txt_0096""}, {""type"": ""text"", ""id"": ""p8_txt_0097""}, {""type"": ""text"", ""id"": ""p8_txt_0098""}, {""type"": ""text"", ""id"": ""p8_txt_0099""}, {""type"": ""text"", ""id"": ""p8_txt_0100""}, {""type"": ""text"", ""id"": ""p8_txt_0101""}, {""type"": ""text"", ""id"": ""p8_txt_0102""}, {""type"": ""text"", ""id"": ""p8_txt_0103""}, {""type"": ""text"", ""id"": ""p8_txt_0104""}, {""type"": ""text"", ""id"": ""p8_txt_0105""}, {""type"": ""text"", ""id"": ""p8_txt_0106""}, {""type"": ""text"", ""id"": ""p8_txt_0107""}, {""type"": ""text"", ""id"": ""p8_txt_0108""}, {""type"": ""text"", ""id"": ""p8_txt_0109""}, {""type"": ""text"", ""id"": ""p8_txt_0110""}, {""type"": ""text"", ""id"": ""p8_txt_0111""}, {""type"": ""text"", ""id"": ""p8_txt_0112""}, {""type"": ""text"", ""id"": ""p8_txt_0113""}, {""type"": ""text"", ""id"": ""p8_txt_0114""}, {""type"": ""text"", ""id"": ""p8_txt_0115""}, {""type"": ""text"", ""id"": ""p8_txt_0116""}, {""type"": ""text"", ""id"": ""p8_txt_0117""}, {""type"": ""text"", ""id"": ""p8_txt_0118""}, {""type"": ""text"", ""id"": ""p8_txt_0119""}, {""type"": ""text"", ""id"": ""p8_txt_0120""}, {""type"": ""text"", ""id"": ""p8_txt_0121""}, {""type"": ""text"", ""id"": ""p8_txt_0122""}, {""type"": ""text"", ""id"": ""p8_txt_0123""}, {""type"": ""text"", ""id"": ""p8_txt_0124""}, {""type"": ""text"", ""id"": ""p8_txt_0125""}, {""type"": ""text"", ""id"": ""p8_txt_0126""}, {""type"": ""text"", ""id"": ""p8_txt_0127""}, {""type"": ""text"", ""id"": ""p8_txt_0128""}, {""type"": ""text"", ""id"": ""p8_txt_0129""}, {""type"": ""text"", ""id"": ""p8_txt_0130""}, {""type"": ""text"", ""id"": ""p8_txt_0131""}, {""type"": ""text"", ""id"": ""p8_txt_0132""}, {""type"": ""text"", ""id"": ""p8_txt_0133""}, {""type"": ""text"", ""id"": ""p8_txt_0134""}, {""type"": ""text"", ""id"": ""p8_txt_0135""}, {""type"": ""text"", ""id"": ""p8_txt_0136""}, {""type"": ""text"", ""id"": ""p8_txt_0137""}, {""type"": ""text"", ""id"": ""p8_txt_0138""}, {""type"": ""text"", ""id"": ""p8_txt_0139""}, {""type"": ""text"", ""id"": ""p8_txt_0140""}, {""type"": ""text"", ""id"": ""p8_txt_0141""}, {""type"": ""text"", ""id"": ""p8_txt_0142""}, {""type"": ""text"", ""id"": ""p8_txt_0143""}, {""type"": ""text"", ""id"": ""p8_txt_0144""}]",geometry_only_not_correctness
pdfminer,D04,DIA_006,diagram,"[{""type"": ""image"", ""id"": ""p10_img_0000""}]",geometry_only_not_correctness
pdfminer,D05,IMG_004,image,[],geometry_only_not_correctness
pdfminer,D05,DIA_007,diagram,"[{""type"": ""image"", ""id"": ""p8_img_0000""}]",geometry_only_not_correctness
pdfminer,D05,MATH_006,math_formula,"[{""type"": ""text"", ""id"": ""p19_txt_0084""}, {""type"": ""text"", ""id"": ""p19_txt_0085""}, {""type"": ""text"", ""id"": ""p19_txt_0086""}, {""type"": ""text"", ""id"": ""p19_txt_0087""}, {""type"": ""text"", ""id"": ""p19_txt_0088""}, {""type"": ""text"", ""id"": ""p19_txt_0089""}, {""type"": ""text"", ""id"": ""p19_txt_0090""}, {""type"": ""text"", ""id"": ""p19_txt_0091""}, {""type"": ""text"", ""id"": ""p19_txt_0092""}, {""type"": ""text"", ""id"": ""p19_txt_0093""}, {""type"": ""text"", ""id"": ""p19_txt_0096""}, {""type"": ""text"", ""id"": ""p19_txt_0097""}, {""type"": ""text"", ""id"": ""p19_txt_0098""}, {""type"": ""text"", ""id"": ""p19_txt_0099""}, {""type"": ""text"", ""id"": ""p19_txt_0100""}, {""type"": ""text"", ""id"": ""p19_txt_0101""}, {""type"": ""text"", ""id"": ""p19_txt_0102""}, {""type"": ""text"", ""id"": ""p19_txt_0103""}, {""type"": ""text"", ""id"": ""p19_txt_0104""}, {""type"": ""text"", ""id"": ""p19_txt_0105""}, {""type"": ""text"", ""id"": ""p19_txt_0106""}, {""type"": ""text"", ""id"": ""p19_txt_0107""}, {""type"": ""text"", ""id"": ""p19_txt_0108""}, {""type"": ""text"", ""id"": ""p19_txt_0109""}, {""type"": ""text"", ""id"": ""p19_txt_0110""}, {""type"": ""text"", ""id"": ""p19_txt_0111""}, {""type"": ""text"", ""id"": ""p19_txt_0112""}, {""type"": ""text"", ""id"": ""p19_txt_0113""}, {""type"": ""text"", ""id"": ""p19_txt_0114""}, {""type"": ""text"", ""id"": ""p19_txt_0115""}, {""type"": ""text"", ""id"": ""p19_txt_0116""}, {""type"": ""text"", ""id"": ""p19_txt_0117""}, {""type"": ""text"", ""id"": ""p19_txt_0118""}, {""type"": ""text"", ""id"": ""p19_txt_0119""}, {""type"": ""text"", ""id"": ""p19_txt_0120""}, {""type"": ""text"", ""id"": ""p19_txt_0121""}, {""type"": ""text"", ""id"": ""p19_txt_0122""}, {""type"": ""text"", ""id"": ""p19_txt_0123""}, {""type"": ""text"", ""id"": ""p19_txt_0124""}, {""type"": ""text"", ""id"": ""p19_txt_0125""}, {""type"": ""text"", ""id"": ""p19_txt_0126""}, {""type"": ""text"", ""id"": ""p19_txt_0127""}, {""type"": ""text"", ""id"": ""p19_txt_0128""}, {""type"": ""text"", ""id"": ""p19_txt_0129""}, {""type"": ""text"", ""id"": ""p19_txt_0130""}, {""type"": ""text"", ""id"": ""p19_txt_0131""}, {""type"": ""text"", ""id"": ""p19_txt_0132""}, {""type"": ""text"", ""id"": ""p19_txt_0133""}, {""type"": ""text"", ""id"": ""p19_txt_0134""}, {""type"": ""text"", ""id"": ""p19_txt_0135""}, {""type"": ""text"", ""id"": ""p19_txt_0136""}, {""type"": ""text"", ""id"": ""p19_txt_0137""}, {""type"": ""text"", ""id"": ""p19_txt_0142""}, {""type"": ""text"", ""id"": ""p19_txt_0143""}, {""type"": ""text"", ""id"": ""p19_txt_0144""}, {""type"": ""text"", ""id"": ""p19_txt_0145""}, {""type"": ""text"", ""id"": ""p19_txt_0146""}, {""type"": ""text"", ""id"": ""p19_txt_0147""}, {""type"": ""text"", ""id"": ""p19_txt_0148""}, {""type"": ""text"", ""id"": ""p19_txt_0149""}, {""type"": ""text"", ""id"": ""p19_txt_0150""}, {""type"": ""text"", ""id"": ""p19_txt_0151""}, {""type"": ""text"", ""id"": ""p19_txt_0152""}, {""type"": ""text"", ""id"": ""p19_txt_0153""}, {""type"": ""image"", ""id"": ""p19_img_0000""}]",geometry_only_not_correctness
pdfminer,D05,TAB_007,table,"[{""type"": ""text"", ""id"": ""p21_txt_0014""}, {""type"": ""text"", ""id"": ""p21_txt_0015""}, {""type"": ""text"", ""id"": ""p21_txt_0016""}, {""type"": ""text"", ""id"": ""p21_txt_0017""}, {""type"": ""text"", ""id"": ""p21_txt_0018""}, {""type"": ""text"", ""id"": ""p21_txt_0019""}, {""type"": ""text"", ""id"": ""p21_txt_0020""}, {""type"": ""text"", ""id"": ""p21_txt_0021""}, {""type"": ""text"", ""id"": ""p21_txt_0022""}, {""type"": ""text"", ""id"": ""p21_txt_0023""}, {""type"": ""text"", ""id"": ""p21_txt_0024""}, {""type"": ""text"", ""id"": ""p21_txt_0025""}, {""type"": ""text"", ""id"": ""p21_txt_0026""}, {""type"": ""text"", ""id"": ""p21_txt_0027""}, {""type"": ""text"", ""id"": ""p21_txt_0028""}, {""type"": ""text"", ""id"": ""p21_txt_0029""}, {""type"": ""text"", ""id"": ""p21_txt_0030""}, {""type"": ""text"", ""id"": ""p21_txt_0031""}, {""type"": ""text"", ""id"": ""p21_txt_0032""}, {""type"": ""text"", ""id"": ""p21_txt_0033""}, {""type"": ""text"", ""id"": ""p21_txt_0034""}, {""type"": ""text"", ""id"": ""p21_txt_0035""}, {""type"": ""text"", ""id"": ""p21_txt_0036""}, {""type"": ""text"", ""id"": ""p21_txt_0037""}, {""type"": ""text"", ""id"": ""p21_txt_0038""}, {""type"": ""text"", ""id"": ""p21_txt_0039""}, {""type"": ""text"", ""id"": ""p21_txt_0040""}, {""type"": ""text"", ""id"": ""p21_txt_0041""}, {""type"": ""text"", ""id"": ""p21_txt_0042""}, {""type"": ""text"", ""id"": ""p21_txt_0043""}, {""type"": ""text"", ""id"": ""p21_txt_0044""}, {""type"": ""text"", ""id"": ""p21_txt_0045""}, {""type"": ""text"", ""id"": ""p21_txt_0046""}, {""type"": ""text"", ""id"": ""p21_txt_0047""}, {""type"": ""text"", ""id"": ""p21_txt_0048""}, {""type"": ""text"", ""id"": ""p21_txt_0049""}, {""type"": ""text"", ""id"": ""p21_txt_0050""}, {""type"": ""text"", ""id"": ""p21_txt_0051""}, {""type"": ""text"", ""id"": ""p21_txt_0052""}, {""type"": ""text"", ""id"": ""p21_txt_0053""}, {""type"": ""text"", ""id"": ""p21_txt_0054""}, {""type"": ""text"", ""id"": ""p21_txt_0055""}, {""type"": ""text"", ""id"": ""p21_txt_0056""}, {""type"": ""text"", ""id"": ""p21_txt_0057""}, {""type"": ""text"", ""id"": ""p21_txt_0058""}, {""type"": ""text"", ""id"": ""p21_txt_0059""}, {""type"": ""text"", ""id"": ""p21_txt_0060""}, {""type"": ""text"", ""id"": ""p21_txt_0061""}, {""type"": ""text"", ""id"": ""p21_txt_0062""}, {""type"": ""text"", ""id"": ""p21_txt_0063""}, {""type"": ""text"", ""id"": ""p21_txt_0064""}, {""type"": ""text"", ""id"": ""p21_txt_0065""}, {""type"": ""text"", ""id"": ""p21_txt_0066""}, {""type"": ""text"", ""id"": ""p21_txt_0067""}, {""type"": ""text"", ""id"": ""p21_txt_0068""}, {""type"": ""text"", ""id"": ""p21_txt_0069""}, {""type"": ""text"", ""id"": ""p21_txt_0070""}, {""type"": ""text"", ""id"": ""p21_txt_0071""}, {""type"": ""text"", ""id"": ""p21_txt_0072""}, {""type"": ""text"", ""id"": ""p21_txt_0073""}, {""type"": ""text"", ""id"": ""p21_txt_0074""}, {""type"": ""text"", ""id"": ""p21_txt_0075""}, {""type"": ""text"", ""id"": ""p21_txt_0076""}, {""type"": ""text"", ""id"": ""p21_txt_0077""}, {""type"": ""text"", ""id"": ""p21_txt_0078""}, {""type"": ""text"", ""id"": ""p21_txt_0079""}, {""type"": ""text"", ""id"": ""p21_txt_0080""}, {""type"": ""text"", ""id"": ""p21_txt_0081""}, {""type"": ""text"", ""id"": ""p21_txt_0082""}, {""type"": ""text"", ""id"": ""p21_txt_0083""}, {""type"": ""text"", ""id"": ""p21_txt_0084""}, {""type"": ""text"", ""id"": ""p21_txt_0085""}, {""type"": ""text"", ""id"": ""p21_txt_0086""}, {""type"": ""text"", ""id"": ""p21_txt_0087""}, {""type"": ""text"", ""id"": ""p21_txt_0088""}, {""type"": ""text"", ""id"": ""p21_txt_0089""}, {""type"": ""text"", ""id"": ""p21_txt_0090""}, {""type"": ""text"", ""id"": ""p21_txt_0091""}, {""type"": ""text"", ""id"": ""p21_txt_0092""}, {""type"": ""text"", ""id"": ""p21_txt_0093""}, {""type"": ""text"", ""id"": ""p21_txt_0094""}, {""type"": ""text"", ""id"": ""p21_txt_0095""}, {""type"": ""text"", ""id"": ""p21_txt_0096""}, {""type"": ""text"", ""id"": ""p21_txt_0097""}, {""type"": ""text"", ""id"": ""p21_txt_0098""}, {""type"": ""text"", ""id"": ""p21_txt_0099""}, {""type"": ""text"", ""id"": ""p21_txt_0100""}, {""type"": ""text"", ""id"": ""p21_txt_0101""}, {""type"": ""text"", ""id"": ""p21_txt_0102""}, {""type"": ""text"", ""id"": ""p21_txt_0103""}, {""type"": ""text"", ""id"": ""p21_txt_0104""}, {""type"": ""text"", ""id"": ""p21_txt_0105""}, {""type"": ""text"", ""id"": ""p21_txt_0106""}, {""type"": ""text"", ""id"": ""p21_txt_0107""}, {""type"": ""text"", ""id"": ""p21_txt_0108""}, {""type"": ""text"", ""id"": ""p21_txt_0109""}, {""type"": ""text"", ""id"": ""p21_txt_0110""}, {""type"": ""text"", ""id"": ""p21_txt_0111""}, {""type"": ""text"", ""id"": ""p21_txt_0112""}, {""type"": ""text"", ""id"": ""p21_txt_0113""}, {""type"": ""text"", ""id"": ""p21_txt_0114""}, {""type"": ""text"", ""id"": ""p21_txt_0115""}, {""type"": ""text"", ""id"": ""p21_txt_0116""}, {""type"": ""text"", ""id"": ""p21_txt_0117""}, {""type"": ""text"", ""id"": ""p21_txt_0118""}, {""type"": ""text"", ""id"": ""p21_txt_0119""}, {""type"": ""text"", ""id"": ""p21_txt_0120""}, {""type"": ""text"", ""id"": ""p21_txt_0121""}, {""type"": ""text"", ""id"": ""p21_txt_0122""}, {""type"": ""text"", ""id"": ""p21_txt_0123""}, {""type"": ""text"", ""id"": ""p21_txt_0124""}, {""type"": ""text"", ""id"": ""p21_txt_0125""}, {""type"": ""text"", ""id"": ""p21_txt_0126""}, {""type"": ""text"", ""id"": ""p21_txt_0127""}, {""type"": ""text"", ""id"": ""p21_txt_0128""}, {""type"": ""text"", ""id"": ""p21_txt_0129""}, {""type"": ""text"", ""id"": ""p21_txt_0130""}, {""type"": ""text"", ""id"": ""p21_txt_0131""}, {""type"": ""text"", ""id"": ""p21_txt_0132""}, {""type"": ""text"", ""id"": ""p21_txt_0133""}, {""type"": ""text"", ""id"": ""p21_txt_0134""}, {""type"": ""text"", ""id"": ""p21_txt_0135""}, {""type"": ""text"", ""id"": ""p21_txt_0136""}, {""type"": ""text"", ""id"": ""p21_txt_0137""}, {""type"": ""text"", ""id"": ""p21_txt_0138""}, {""type"": ""text"", ""id"": ""p21_txt_0139""}, {""type"": ""text"", ""id"": ""p21_txt_0140""}, {""type"": ""text"", ""id"": ""p21_txt_0141""}, {""type"": ""text"", ""id"": ""p21_txt_0142""}, {""type"": ""text"", ""id"": ""p21_txt_0143""}, {""type"": ""text"", ""id"": ""p21_txt_0144""}, {""type"": ""text"", ""id"": ""p21_txt_0145""}, {""type"": ""text"", ""id"": ""p21_txt_0146""}, {""type"": ""text"", ""id"": ""p21_txt_0147""}, {""type"": ""text"", ""id"": ""p21_txt_0148""}, {""type"": ""text"", ""id"": ""p21_txt_0149""}, {""type"": ""text"", ""id"": ""p21_txt_0150""}, {""type"": ""text"", ""id"": ""p21_txt_0151""}, {""type"": ""text"", ""id"": ""p21_txt_0152""}, {""type"": ""text"", ""id"": ""p21_txt_0153""}, {""type"": ""text"", ""id"": ""p21_txt_0154""}, {""type"": ""text"", ""id"": ""p21_txt_0155""}, {""type"": ""text"", ""id"": ""p21_txt_0156""}, {""type"": ""text"", ""id"": ""p21_txt_0157""}, {""type"": ""text"", ""id"": ""p21_txt_0158""}, {""type"": ""text"", ""id"": ""p21_txt_0159""}, {""type"": ""text"", ""id"": ""p21_txt_0160""}, {""type"": ""text"", ""id"": ""p21_txt_0161""}, {""type"": ""text"", ""id"": ""p21_txt_0162""}, {""type"": ""text"", ""id"": ""p21_txt_0163""}, {""type"": ""text"", ""id"": ""p21_txt_0164""}, {""type"": ""text"", ""id"": ""p21_txt_0165""}, {""type"": ""text"", ""id"": ""p21_txt_0166""}, {""type"": ""text"", ""id"": ""p21_txt_0167""}, {""type"": ""text"", ""id"": ""p21_txt_0168""}, {""type"": ""text"", ""id"": ""p21_txt_0169""}, {""type"": ""text"", ""id"": ""p21_txt_0170""}, {""type"": ""text"", ""id"": ""p21_txt_0171""}, {""type"": ""text"", ""id"": ""p21_txt_0172""}, {""type"": ""text"", ""id"": ""p21_txt_0173""}, {""type"": ""text"", ""id"": ""p21_txt_0174""}, {""type"": ""text"", ""id"": ""p21_txt_0175""}, {""type"": ""text"", ""id"": ""p21_txt_0176""}, {""type"": ""text"", ""id"": ""p21_txt_0177""}, {""type"": ""text"", ""id"": ""p21_txt_0178""}, {""type"": ""text"", ""id"": ""p21_txt_0179""}, {""type"": ""text"", ""id"": ""p21_txt_0180""}, {""type"": ""text"", ""id"": ""p21_txt_0189""}, {""type"": ""text"", ""id"": ""p21_txt_0190""}, {""type"": ""text"", ""id"": ""p21_txt_0191""}, {""type"": ""text"", ""id"": ""p21_txt_0192""}, {""type"": ""text"", ""id"": ""p21_txt_0193""}, {""type"": ""text"", ""id"": ""p21_txt_0194""}, {""type"": ""text"", ""id"": ""p21_txt_0195""}, {""type"": ""text"", ""id"": ""p21_txt_0196""}, {""type"": ""text"", ""id"": ""p21_txt_0197""}, {""type"": ""text"", ""id"": ""p21_txt_0198""}, {""type"": ""text"", ""id"": ""p21_txt_0199""}, {""type"": ""text"", ""id"": ""p21_txt_0200""}, {""type"": ""text"", ""id"": ""p21_txt_0201""}, {""type"": ""text"", ""id"": ""p21_txt_0202""}, {""type"": ""text"", ""id"": ""p21_txt_0203""}, {""type"": ""text"", ""id"": ""p21_txt_0204""}, {""type"": ""text"", ""id"": ""p21_txt_0205""}, {""type"": ""text"", ""id"": ""p21_txt_0206""}, {""type"": ""text"", ""id"": ""p21_txt_0207""}, {""type"": ""text"", ""id"": ""p21_txt_0208""}, {""type"": ""text"", ""id"": ""p21_txt_0209""}, {""type"": ""text"", ""id"": ""p21_txt_0210""}, {""type"": ""text"", ""id"": ""p21_txt_0211""}, {""type"": ""text"", ""id"": ""p21_txt_0212""}, {""type"": ""text"", ""id"": ""p21_txt_0213""}, {""type"": ""text"", ""id"": ""p21_txt_0214""}, {""type"": ""text"", ""id"": ""p21_txt_0215""}, {""type"": ""text"", ""id"": ""p21_txt_0216""}, {""type"": ""text"", ""id"": ""p21_txt_0217""}, {""type"": ""text"", ""id"": ""p21_txt_0218""}, {""type"": ""text"", ""id"": ""p21_txt_0219""}, {""type"": ""text"", ""id"": ""p21_txt_0220""}, {""type"": ""text"", ""id"": ""p21_txt_0221""}, {""type"": ""text"", ""id"": ""p21_txt_0222""}, {""type"": ""text"", ""id"": ""p21_txt_0223""}, {""type"": ""text"", ""id"": ""p21_txt_0224""}, {""type"": ""text"", ""id"": ""p21_txt_0225""}, {""type"": ""text"", ""id"": ""p21_txt_0226""}, {""type"": ""text"", ""id"": ""p21_txt_0227""}, {""type"": ""text"", ""id"": ""p21_txt_0228""}, {""type"": ""text"", ""id"": ""p21_txt_0229""}, {""type"": ""text"", ""id"": ""p21_txt_0230""}, {""type"": ""text"", ""id"": ""p21_txt_0231""}, {""type"": ""text"", ""id"": ""p21_txt_0232""}, {""type"": ""text"", ""id"": ""p21_txt_0233""}, {""type"": ""text"", ""id"": ""p21_txt_0234""}, {""type"": ""text"", ""id"": ""p21_txt_0235""}, {""type"": ""text"", ""id"": ""p21_txt_0236""}, {""type"": ""text"", ""id"": ""p21_txt_0237""}, {""type"": ""text"", ""id"": ""p21_txt_0238""}, {""type"": ""text"", ""id"": ""p21_txt_0239""}, {""type"": ""text"", ""id"": ""p21_txt_0240""}, {""type"": ""text"", ""id"": ""p21_txt_0241""}, {""type"": ""text"", ""id"": ""p21_txt_0242""}, {""type"": ""text"", ""id"": ""p21_txt_0243""}, {""type"": ""text"", ""id"": ""p21_txt_0244""}, {""type"": ""text"", ""id"": ""p21_txt_0245""}, {""type"": ""text"", ""id"": ""p21_txt_0246""}, {""type"": ""text"", ""id"": ""p21_txt_0247""}, {""type"": ""text"", ""id"": ""p21_txt_0248""}, {""type"": ""text"", ""id"": ""p21_txt_0249""}, {""type"": ""text"", ""id"": ""p21_txt_0250""}, {""type"": ""text"", ""id"": ""p21_txt_0251""}, {""type"": ""text"", ""id"": ""p21_txt_0252""}, {""type"": ""text"", ""id"": ""p21_txt_0253""}, {""type"": ""text"", ""id"": ""p21_txt_0254""}, {""type"": ""text"", ""id"": ""p21_txt_0255""}, {""type"": ""text"", ""id"": ""p21_txt_0256""}, {""type"": ""text"", ""id"": ""p21_txt_0257""}, {""type"": ""text"", ""id"": ""p21_txt_0258""}, {""type"": ""text"", ""id"": ""p21_txt_0259""}, {""type"": ""text"", ""id"": ""p21_txt_0260""}, {""type"": ""text"", ""id"": ""p21_txt_0261""}, {""type"": ""image"", ""id"": ""p21_img_0000""}]",geometry_only_not_correctness
mineru,D01,DIA_001,diagram,"[{""type"": ""image"", ""id"": ""p9_image_7""}]",geometry_only_not_correctness
mineru,D01,DIA_002,diagram,"[{""type"": ""image"", ""id"": ""p39_image_1""}]",geometry_only_not_correctness
mineru,D02,CHEM_003,chemical_structure,"[{""type"": ""table"", ""id"": ""p2_table_4""}]",geometry_only_not_correctness
mineru,D02,CHEM_004,chemical_structure,"[{""type"": ""table"", ""id"": ""p2_table_4""}]",geometry_only_not_correctness
mineru,D02,CHEM_005,chemical_structure,"[{""type"": ""table"", ""id"": ""p2_table_4""}]",geometry_only_not_correctness
mineru,D02,CHEM_006,chemical_structure,"[{""type"": ""table"", ""id"": ""p2_table_4""}]",geometry_only_not_correctness
mineru,D02,CHEM_001,chemical_formula,"[{""type"": ""text"", ""id"": ""p3_text_2""}]",geometry_only_not_correctness
mineru,D02,CHEM_002,chemical_formula,"[{""type"": ""text"", ""id"": ""p3_text_2""}]",geometry_only_not_correctness
mineru,D03,DIA_005,diagram,"[{""type"": ""image"", ""id"": ""p9_image_3""}]",geometry_only_not_correctness
mineru,D05,DIA_007,diagram,"[{""type"": ""image"", ""id"": ""p8_image_15""}]",geometry_only_not_correctness
ocr_space,D01,IMG_001,image,[],geometry_only_not_correctness
ocr_space,D01,DIA_001,diagram,[],geometry_only_not_correctness
ocr_space,D01,IMG_002,image,[],geometry_only_not_correctness
ocr_space,D01,MATH_001,math_formula,[],geometry_only_not_correctness
ocr_space,D01,IMG_003,image,[],geometry_only_not_correctness
ocr_space,D01,DIA_002,diagram,[],geometry_only_not_correctness
ocr_space,D02,CHEM_003,chemical_structure,[],geometry_only_not_correctness
ocr_space,D02,CHEM_004,chemical_structure,[],geometry_only_not_correctness
ocr_space,D02,CHEM_005,chemical_structure,[],geometry_only_not_correctness
ocr_space,D02,CHEM_006,chemical_structure,[],geometry_only_not_correctness
ocr_space,D02,CHEM_001,chemical_formula,[],geometry_only_not_correctness
ocr_space,D02,CHEM_002,chemical_formula,[],geometry_only_not_correctness
ocr_space,D02,DIA_003,diagram,[],geometry_only_not_correctness
ocr_space,D02,TXT_004,text,[],geometry_only_not_correctness
ocr_space,D03,DIA_004,diagram,[],geometry_only_not_correctness
ocr_space,D03,DIA_005,diagram,[],geometry_only_not_correctness
ocr_space,D04,MATH_002,math_formula,[],geometry_only_not_correctness
ocr_space,D04,MATH_003,math_formula,[],geometry_only_not_correctness
ocr_space,D04,MATH_004,math_formula,[],geometry_only_not_correctness
ocr_space,D04,MATH_005,math_formula,[],geometry_only_not_correctness
ocr_space,D04,TAB_006,table,[],geometry_only_not_correctness
ocr_space,D04,TXT_008,text,[],geometry_only_not_correctness
ocr_space,D04,DIA_006,diagram,[],geometry_only_not_correctness
ocr_space,D05,IMG_004,image,[],geometry_only_not_correctness
ocr_space,D05,IMG_005,image,[],geometry_only_not_correctness
ocr_space,D05,DIA_007,diagram,[],geometry_only_not_correctness
ocr_space,D05,TXT_009,text,[],geometry_only_not_correctness
ocr_space,D05,MATH_006,math_formula,[],geometry_only_not_correctness
ocr_space,D05,TAB_007,table,[],geometry_only_not_correctness
nutrient,D01,TAB_001,table,[],geometry_only_not_correctness
nutrient,D01,IMG_001,image,"[{""type"": ""text"", ""id"": ""9fbdf3bd-6dfc-4984-8ca8-65fba981e50c""}]",geometry_only_not_correctness
nutrient,D01,TAB_002,table,[],geometry_only_not_correctness
nutrient,D01,DIA_001,diagram,"[{""type"": ""image"", ""id"": ""038bcf62-f263-45a8-92e3-32043db8dad2""}]",geometry_only_not_correctness
nutrient,D01,IMG_002,image,[],geometry_only_not_correctness
nutrient,D01,MATH_001,math_formula,"[{""type"": ""text"", ""id"": ""f8a8a947-3394-4f77-9b65-e10f3b81d420""}]",geometry_only_not_correctness
nutrient,D01,IMG_003,image,"[{""type"": ""text"", ""id"": ""b239846e-d61c-4302-90eb-8cb37b30833f""}]",geometry_only_not_correctness
nutrient,D01,DIA_002,diagram,"[{""type"": ""text"", ""id"": ""f9e95839-0840-4525-962c-6225b5b7a984""}]",geometry_only_not_correctness
nutrient,D02,CHEM_003,chemical_structure,"[{""type"": ""table"", ""id"": ""d36a5365-a547-4ea3-91ae-d5f946978ad0""}]",geometry_only_not_correctness
nutrient,D02,CHEM_004,chemical_structure,"[{""type"": ""table"", ""id"": ""d36a5365-a547-4ea3-91ae-d5f946978ad0""}]",geometry_only_not_correctness
nutrient,D02,CHEM_005,chemical_structure,"[{""type"": ""table"", ""id"": ""d36a5365-a547-4ea3-91ae-d5f946978ad0""}]",geometry_only_not_correctness
nutrient,D02,CHEM_006,chemical_structure,"[{""type"": ""table"", ""id"": ""d36a5365-a547-4ea3-91ae-d5f946978ad0""}]",geometry_only_not_correctness
nutrient,D02,CHEM_001,chemical_formula,[],geometry_only_not_correctness
nutrient,D02,CHEM_002,chemical_formula,[],geometry_only_not_correctness
nutrient,D02,DIA_003,diagram,"[{""type"": ""text"", ""id"": ""e12ad165-253f-4b5d-9e46-9d95e1f30596""}]",geometry_only_not_correctness
nutrient,D02,TAB_004,table,"[{""type"": ""text"", ""id"": ""1a5efb8e-ce49-496f-9b64-d2c38741cc39""}]",geometry_only_not_correctness
nutrient,D02,TXT_004,text,[],geometry_only_not_correctness
nutrient,D03,DIA_004,diagram,"[{""type"": ""image"", ""id"": ""59378833-4a5e-41ad-b9b8-24ac0e683df1""}]",geometry_only_not_correctness
nutrient,D03,TAB_005,table,"[{""type"": ""text"", ""id"": ""ceade3c3-0b1a-4f9c-ab19-a19c88d9d8dd""}, {""type"": ""text"", ""id"": ""1f667358-34b5-4c81-af91-d21e22570969""}]",geometry_only_not_correctness
nutrient,D03,TXT_006,text,[],geometry_only_not_correctness
nutrient,D03,DIA_005,diagram,"[{""type"": ""text"", ""id"": ""57c7ed47-724e-4dbb-b492-f719f60ba35a""}, {""type"": ""text"", ""id"": ""d6bd829d-3f7a-4f6c-887b-1cfa1c127f20""}]",geometry_only_not_correctness
nutrient,D04,MATH_002,math_formula,[],geometry_only_not_correctness
nutrient,D04,MATH_003,math_formula,[],geometry_only_not_correctness
nutrient,D04,MATH_004,math_formula,[],geometry_only_not_correctness
nutrient,D04,MATH_005,math_formula,[],geometry_only_not_correctness
nutrient,D04,TAB_006,table,"[{""type"": ""text"", ""id"": ""f0a32391-730f-416b-9687-1c1ff4f36810""}]",geometry_only_not_correctness
nutrient,D04,TXT_008,text,[],geometry_only_not_correctness
nutrient,D04,DIA_006,diagram,"[{""type"": ""text"", ""id"": ""cbef797e-0d11-4495-92aa-fc43665c0b4c""}]",geometry_only_not_correctness
nutrient,D05,IMG_004,image,"[{""type"": ""text"", ""id"": ""ebe9a6de-a5b8-4a18-8eed-1858e6a30b7d""}]",geometry_only_not_correctness
nutrient,D05,DIA_007,diagram,[],geometry_only_not_correctness
mindee,D01,TAB_001,table,"[{""type"": ""text"", ""id"": ""mindee_p4_000000""}]",geometry_only_not_correctness
mindee,D01,IMG_001,image,"[{""type"": ""text"", ""id"": ""mindee_p8_000000""}]",geometry_only_not_correctness
mindee,D01,TAB_002,table,"[{""type"": ""text"", ""id"": ""mindee_p8_000000""}]",geometry_only_not_correctness
mindee,D01,DIA_001,diagram,"[{""type"": ""text"", ""id"": ""mindee_p9_000000""}]",geometry_only_not_correctness
mindee,D01,IMG_002,image,"[{""type"": ""text"", ""id"": ""mindee_p9_000000""}]",geometry_only_not_correctness
mindee,D01,MATH_001,math_formula,"[{""type"": ""text"", ""id"": ""mindee_p17_000000""}]",geometry_only_not_correctness
mindee,D01,IMG_003,image,"[{""type"": ""text"", ""id"": ""mindee_p27_000000""}]",geometry_only_not_correctness
mindee,D01,DIA_002,diagram,"[{""type"": ""text"", ""id"": ""mindee_p39_000000""}]",geometry_only_not_correctness
mindee,D02,CHEM_003,chemical_structure,"[{""type"": ""text"", ""id"": ""mindee_p2_000000""}]",geometry_only_not_correctness
mindee,D02,CHEM_004,chemical_structure,"[{""type"": ""text"", ""id"": ""mindee_p2_000000""}]",geometry_only_not_correctness
mindee,D02,CHEM_005,chemical_structure,"[{""type"": ""text"", ""id"": ""mindee_p2_000000""}]",geometry_only_not_correctness
mindee,D02,CHEM_006,chemical_structure,"[{""type"": ""text"", ""id"": ""mindee_p2_000000""}]",geometry_only_not_correctness
mindee,D02,TAB_003,table,"[{""type"": ""text"", ""id"": ""mindee_p2_000000""}]",geometry_only_not_correctness
mindee,D02,CHEM_001,chemical_formula,"[{""type"": ""text"", ""id"": ""mindee_p3_000000""}]",geometry_only_not_correctness
mindee,D02,CHEM_002,chemical_formula,"[{""type"": ""text"", ""id"": ""mindee_p3_000000""}]",geometry_only_not_correctness
mindee,D02,DIA_003,diagram,"[{""type"": ""text"", ""id"": ""mindee_p4_000000""}]",geometry_only_not_correctness
mindee,D02,TAB_004,table,"[{""type"": ""text"", ""id"": ""mindee_p5_000000""}]",geometry_only_not_correctness
mindee,D03,DIA_004,diagram,"[{""type"": ""text"", ""id"": ""mindee_p5_000000""}]",geometry_only_not_correctness
mindee,D03,TAB_005,table,"[{""type"": ""text"", ""id"": ""mindee_p6_000000""}]",geometry_only_not_correctness
mindee,D03,DIA_005,diagram,"[{""type"": ""text"", ""id"": ""mindee_p9_000000""}]",geometry_only_not_correctness
mindee,D04,MATH_002,math_formula,"[{""type"": ""text"", ""id"": ""mindee_p1_000000""}]",geometry_only_not_correctness
mindee,D04,MATH_003,math_formula,"[{""type"": ""text"", ""id"": ""mindee_p2_000000""}]",geometry_only_not_correctness
mindee,D04,MATH_004,math_formula,"[{""type"": ""text"", ""id"": ""mindee_p3_000000""}]",geometry_only_not_correctness
mindee,D04,MATH_005,math_formula,"[{""type"": ""text"", ""id"": ""mindee_p6_000000""}]",geometry_only_not_correctness
mindee,D04,TAB_006,table,"[{""type"": ""text"", ""id"": ""mindee_p8_000000""}]",geometry_only_not_correctness
mindee,D04,DIA_006,diagram,"[{""type"": ""text"", ""id"": ""mindee_p10_000000""}]",geometry_only_not_correctness
mindee,D05,IMG_004,image,"[{""type"": ""text"", ""id"": ""mindee_p2_000000""}]",geometry_only_not_correctness
mindee,D05,IMG_005,image,"[{""type"": ""text"", ""id"": ""mindee_p2_000000""}]",geometry_only_not_correctness
mindee,D05,DIA_007,diagram,"[{""type"": ""text"", ""id"": ""mindee_p8_000000""}]",geometry_only_not_correctness
mindee,D05,MATH_006,math_formula,"[{""type"": ""text"", ""id"": ""mindee_p19_000000""}]",geometry_only_not_correctness
mindee,D05,TAB_007,table,"[{""type"": ""text"", ""id"": ""mindee_p21_000000""}]",geometry_only_not_correctness
adobe_extract,D01,TAB_002,table,"[{""type"": ""text"", ""id"": ""adobe_p8_00203""}, {""type"": ""text"", ""id"": ""adobe_p8_00204""}, {""type"": ""text"", ""id"": ""adobe_p8_00206""}, {""type"": ""text"", ""id"": ""adobe_p8_00207""}, {""type"": ""text"", ""id"": ""adobe_p8_00209""}, {""type"": ""text"", ""id"": ""adobe_p8_00211""}, {""type"": ""text"", ""id"": ""adobe_p8_00212""}, {""type"": ""text"", ""id"": ""adobe_p8_00214""}, {""type"": ""text"", ""id"": ""adobe_p8_00215""}, {""type"": ""text"", ""id"": ""adobe_p8_00216""}, {""type"": ""text"", ""id"": ""adobe_p8_00217""}, {""type"": ""text"", ""id"": ""adobe_p8_00218""}, {""type"": ""text"", ""id"": ""adobe_p8_00220""}, {""type"": ""text"", ""id"": ""adobe_p8_00222""}, {""type"": ""text"", ""id"": ""adobe_p8_00224""}, {""type"": ""text"", ""id"": ""adobe_p8_00226""}, {""type"": ""text"", ""id"": ""adobe_p8_00228""}, {""type"": ""text"", ""id"": ""adobe_p8_00230""}, {""type"": ""text"", ""id"": ""adobe_p8_00232""}, {""type"": ""text"", ""id"": ""adobe_p8_00234""}, {""type"": ""text"", ""id"": ""adobe_p8_00236""}, {""type"": ""text"", ""id"": ""adobe_p8_00238""}, {""type"": ""text"", ""id"": ""adobe_p8_00240""}, {""type"": ""text"", ""id"": ""adobe_p8_00242""}, {""type"": ""text"", ""id"": ""adobe_p8_00244""}, {""type"": ""text"", ""id"": ""adobe_p8_00246""}, {""type"": ""text"", ""id"": ""adobe_p8_00248""}, {""type"": ""text"", ""id"": ""adobe_p8_00250""}, {""type"": ""text"", ""id"": ""adobe_p8_00252""}, {""type"": ""text"", ""id"": ""adobe_p8_00254""}, {""type"": ""text"", ""id"": ""adobe_p8_00256""}, {""type"": ""text"", ""id"": ""adobe_p8_00258""}, {""type"": ""text"", ""id"": ""adobe_p8_00260""}, {""type"": ""text"", ""id"": ""adobe_p8_00262""}, {""type"": ""text"", ""id"": ""adobe_p8_00264""}, {""type"": ""text"", ""id"": ""adobe_p8_00266""}, {""type"": ""text"", ""id"": ""adobe_p8_00268""}, {""type"": ""text"", ""id"": ""adobe_p8_00270""}]",geometry_only_not_correctness
adobe_extract,D01,DIA_001,diagram,"[{""type"": ""image"", ""id"": ""adobe_p9_00278""}]",geometry_only_not_correctness
adobe_extract,D01,MATH_001,math_formula,"[{""type"": ""text"", ""id"": ""adobe_p17_00665""}, {""type"": ""image"", ""id"": ""adobe_p17_00663""}, {""type"": ""image"", ""id"": ""adobe_p17_00664""}]",geometry_only_not_correctness
adobe_extract,D01,DIA_002,diagram,"[{""type"": ""image"", ""id"": ""adobe_p39_01188""}]",geometry_only_not_correctness
adobe_extract,D02,CHEM_003,chemical_structure,[],geometry_only_not_correctness
adobe_extract,D02,CHEM_004,chemical_structure,[],geometry_only_not_correctness
adobe_extract,D02,CHEM_005,chemical_structure,[],geometry_only_not_correctness
adobe_extract,D02,CHEM_006,chemical_structure,[],geometry_only_not_correctness
adobe_extract,D02,TAB_003,table,"[{""type"": ""text"", ""id"": ""adobe_p2_00070""}, {""type"": ""text"", ""id"": ""adobe_p2_00072""}, {""type"": ""text"", ""id"": ""adobe_p2_00074""}, {""type"": ""text"", ""id"": ""adobe_p2_00076""}, {""type"": ""text"", ""id"": ""adobe_p2_00078""}, {""type"": ""text"", ""id"": ""adobe_p2_00082""}, {""type"": ""text"", ""id"": ""adobe_p2_00084""}, {""type"": ""text"", ""id"": ""adobe_p2_00086""}, {""type"": ""text"", ""id"": ""adobe_p2_00088""}, {""type"": ""text"", ""id"": ""adobe_p2_00090""}, {""type"": ""text"", ""id"": ""adobe_p2_00094""}, {""type"": ""text"", ""id"": ""adobe_p2_00096""}, {""type"": ""text"", ""id"": ""adobe_p2_00098""}, {""type"": ""text"", ""id"": ""adobe_p2_00100""}, {""type"": ""text"", ""id"": ""adobe_p2_00101""}, {""type"": ""text"", ""id"": ""adobe_p2_00103""}, {""type"": ""text"", ""id"": ""adobe_p2_00104""}, {""type"": ""text"", ""id"": ""adobe_p2_00108""}, {""type"": ""text"", ""id"": ""adobe_p2_00110""}, {""type"": ""text"", ""id"": ""adobe_p2_00112""}, {""type"": ""text"", ""id"": ""adobe_p2_00114""}, {""type"": ""text"", ""id"": ""adobe_p2_00116""}, {""type"": ""text"", ""id"": ""adobe_p2_00120""}, {""type"": ""text"", ""id"": ""adobe_p2_00122""}, {""type"": ""text"", ""id"": ""adobe_p2_00124""}, {""type"": ""text"", ""id"": ""adobe_p2_00126""}, {""type"": ""text"", ""id"": ""adobe_p2_00127""}]",geometry_only_not_correctness
adobe_extract,D02,CHEM_001,chemical_formula,"[{""type"": ""text"", ""id"": ""adobe_p3_00132""}]",geometry_only_not_correctness
adobe_extract,D02,CHEM_002,chemical_formula,"[{""type"": ""text"", ""id"": ""adobe_p3_00132""}]",geometry_only_not_correctness
adobe_extract,D02,DIA_003,diagram,"[{""type"": ""image"", ""id"": ""adobe_p4_00188""}]",geometry_only_not_correctness
adobe_extract,D02,TAB_004,table,"[{""type"": ""text"", ""id"": ""adobe_p5_00194""}, {""type"": ""text"", ""id"": ""adobe_p5_00196""}, {""type"": ""text"", ""id"": ""adobe_p5_00198""}, {""type"": ""text"", ""id"": ""adobe_p5_00200""}, {""type"": ""text"", ""id"": ""adobe_p5_00202""}, {""type"": ""text"", ""id"": ""adobe_p5_00204""}, {""type"": ""text"", ""id"": ""adobe_p5_00206""}, {""type"": ""text"", ""id"": ""adobe_p5_00208""}, {""type"": ""text"", ""id"": ""adobe_p5_00210""}, {""type"": ""text"", ""id"": ""adobe_p5_00212""}, {""type"": ""text"", ""id"": ""adobe_p5_00214""}, {""type"": ""text"", ""id"": ""adobe_p5_00216""}, {""type"": ""text"", ""id"": ""adobe_p5_00218""}, {""type"": ""text"", ""id"": ""adobe_p5_00220""}, {""type"": ""text"", ""id"": ""adobe_p5_00222""}, {""type"": ""text"", ""id"": ""adobe_p5_00224""}, {""type"": ""text"", ""id"": ""adobe_p5_00226""}, {""type"": ""text"", ""id"": ""adobe_p5_00228""}, {""type"": ""text"", ""id"": ""adobe_p5_00230""}, {""type"": ""text"", ""id"": ""adobe_p5_00232""}, {""type"": ""text"", ""id"": ""adobe_p5_00234""}, {""type"": ""text"", ""id"": ""adobe_p5_00236""}, {""type"": ""text"", ""id"": ""adobe_p5_00238""}, {""type"": ""text"", ""id"": ""adobe_p5_00240""}, {""type"": ""text"", ""id"": ""adobe_p5_00242""}, {""type"": ""text"", ""id"": ""adobe_p5_00244""}, {""type"": ""text"", ""id"": ""adobe_p5_00246""}, {""type"": ""text"", ""id"": ""adobe_p5_00248""}, {""type"": ""text"", ""id"": ""adobe_p5_00250""}, {""type"": ""text"", ""id"": ""adobe_p5_00252""}, {""type"": ""text"", ""id"": ""adobe_p5_00254""}]",geometry_only_not_correctness
adobe_extract,D03,DIA_004,diagram,"[{""type"": ""image"", ""id"": ""adobe_p5_00059""}]",geometry_only_not_correctness
adobe_extract,D03,DIA_005,diagram,"[{""type"": ""image"", ""id"": ""adobe_p9_00199""}, {""type"": ""image"", ""id"": ""adobe_p9_00200""}]",geometry_only_not_correctness
adobe_extract,D04,MATH_002,math_formula,"[{""type"": ""text"", ""id"": ""adobe_p1_00016""}, {""type"": ""image"", ""id"": ""adobe_p1_00014""}, {""type"": ""image"", ""id"": ""adobe_p1_00015""}]",geometry_only_not_correctness
adobe_extract,D04,MATH_003,math_formula,"[{""type"": ""text"", ""id"": ""adobe_p2_00022""}, {""type"": ""image"", ""id"": ""adobe_p2_00020""}, {""type"": ""image"", ""id"": ""adobe_p2_00021""}]",geometry_only_not_correctness
adobe_extract,D04,MATH_004,math_formula,"[{""type"": ""text"", ""id"": ""adobe_p3_00037""}, {""type"": ""image"", ""id"": ""adobe_p3_00035""}, {""type"": ""image"", ""id"": ""adobe_p3_00036""}]",geometry_only_not_correctness
adobe_extract,D04,MATH_005,math_formula,"[{""type"": ""text"", ""id"": ""adobe_p6_00239""}, {""type"": ""text"", ""id"": ""adobe_p6_00242""}, {""type"": ""image"", ""id"": ""adobe_p6_00237""}, {""type"": ""image"", ""id"": ""adobe_p6_00238""}, {""type"": ""image"", ""id"": ""adobe_p6_00240""}, {""type"": ""image"", ""id"": ""adobe_p6_00241""}]",geometry_only_not_correctness
adobe_extract,D04,TAB_006,table,"[{""type"": ""text"", ""id"": ""adobe_p8_00264""}, {""type"": ""text"", ""id"": ""adobe_p8_00265""}, {""type"": ""text"", ""id"": ""adobe_p8_00266""}, {""type"": ""text"", ""id"": ""adobe_p8_00269""}, {""type"": ""text"", ""id"": ""adobe_p8_00272""}, {""type"": ""text"", ""id"": ""adobe_p8_00274""}, {""type"": ""text"", ""id"": ""adobe_p8_00276""}, {""type"": ""text"", ""id"": ""adobe_p8_00278""}, {""type"": ""text"", ""id"": ""adobe_p8_00280""}, {""type"": ""text"", ""id"": ""adobe_p8_00282""}, {""type"": ""text"", ""id"": ""adobe_p8_00284""}, {""type"": ""text"", ""id"": ""adobe_p8_00286""}, {""type"": ""text"", ""id"": ""adobe_p8_00288""}, {""type"": ""text"", ""id"": ""adobe_p8_00290""}, {""type"": ""text"", ""id"": ""adobe_p8_00292""}, {""type"": ""text"", ""id"": ""adobe_p8_00294""}, {""type"": ""text"", ""id"": ""adobe_p8_00296""}, {""type"": ""text"", ""id"": ""adobe_p8_00298""}, {""type"": ""text"", ""id"": ""adobe_p8_00300""}, {""type"": ""text"", ""id"": ""adobe_p8_00302""}, {""type"": ""text"", ""id"": ""adobe_p8_00304""}, {""type"": ""text"", ""id"": ""adobe_p8_00306""}, {""type"": ""text"", ""id"": ""adobe_p8_00308""}, {""type"": ""text"", ""id"": ""adobe_p8_00310""}, {""type"": ""text"", ""id"": ""adobe_p8_00312""}, {""type"": ""text"", ""id"": ""adobe_p8_00314""}, {""type"": ""text"", ""id"": ""adobe_p8_00316""}, {""type"": ""text"", ""id"": ""adobe_p8_00318""}, {""type"": ""text"", ""id"": ""adobe_p8_00320""}, {""type"": ""text"", ""id"": ""adobe_p8_00322""}, {""type"": ""text"", ""id"": ""adobe_p8_00324""}, {""type"": ""text"", ""id"": ""adobe_p8_00326""}, {""type"": ""text"", ""id"": ""adobe_p8_00328""}, {""type"": ""text"", ""id"": ""adobe_p8_00330""}, {""type"": ""text"", ""id"": ""adobe_p8_00333""}, {""type"": ""text"", ""id"": ""adobe_p8_00336""}, {""type"": ""text"", ""id"": ""adobe_p8_00338""}, {""type"": ""text"", ""id"": ""adobe_p8_00341""}, {""type"": ""text"", ""id"": ""adobe_p8_00344""}, {""type"": ""text"", ""id"": ""adobe_p8_00346""}, {""type"": ""text"", ""id"": ""adobe_p8_00349""}, {""type"": ""text"", ""id"": ""adobe_p8_00352""}, {""type"": ""text"", ""id"": ""adobe_p8_00354""}, {""type"": ""text"", ""id"": ""adobe_p8_00357""}, {""type"": ""text"", ""id"": ""adobe_p8_00360""}, {""type"": ""text"", ""id"": ""adobe_p8_00362""}, {""type"": ""text"", ""id"": ""adobe_p8_00364""}, {""type"": ""text"", ""id"": ""adobe_p8_00367""}, {""type"": ""text"", ""id"": ""adobe_p8_00370""}, {""type"": ""text"", ""id"": ""adobe_p8_00372""}, {""type"": ""text"", ""id"": ""adobe_p8_00375""}, {""type"": ""text"", ""id"": ""adobe_p8_00378""}, {""type"": ""text"", ""id"": ""adobe_p8_00380""}, {""type"": ""text"", ""id"": ""adobe_p8_00383""}, {""type"": ""text"", ""id"": ""adobe_p8_00386""}, {""type"": ""text"", ""id"": ""adobe_p8_00388""}, {""type"": ""text"", ""id"": ""adobe_p8_00391""}, {""type"": ""text"", ""id"": ""adobe_p8_00394""}, {""type"": ""text"", ""id"": ""adobe_p8_00396""}, {""type"": ""text"", ""id"": ""adobe_p8_00398""}, {""type"": ""text"", ""id"": ""adobe_p8_00400""}, {""type"": ""text"", ""id"": ""adobe_p8_00402""}, {""type"": ""text"", ""id"": ""adobe_p8_00404""}, {""type"": ""text"", ""id"": ""adobe_p8_00406""}, {""type"": ""text"", ""id"": ""adobe_p8_00408""}, {""type"": ""text"", ""id"": ""adobe_p8_00410""}, {""type"": ""text"", ""id"": ""adobe_p8_00412""}, {""type"": ""text"", ""id"": ""adobe_p8_00414""}, {""type"": ""text"", ""id"": ""adobe_p8_00416""}, {""type"": ""text"", ""id"": ""adobe_p8_00418""}, {""type"": ""text"", ""id"": ""adobe_p8_00420""}, {""type"": ""text"", ""id"": ""adobe_p8_00422""}, {""type"": ""text"", ""id"": ""adobe_p8_00424""}, {""type"": ""text"", ""id"": ""adobe_p8_00426""}, {""type"": ""text"", ""id"": ""adobe_p8_00428""}, {""type"": ""text"", ""id"": ""adobe_p8_00430""}, {""type"": ""text"", ""id"": ""adobe_p8_00432""}, {""type"": ""text"", ""id"": ""adobe_p8_00434""}, {""type"": ""text"", ""id"": ""adobe_p8_00436""}, {""type"": ""text"", ""id"": ""adobe_p8_00438""}, {""type"": ""text"", ""id"": ""adobe_p8_00440""}, {""type"": ""text"", ""id"": ""adobe_p8_00443""}, {""type"": ""text"", ""id"": ""adobe_p8_00446""}, {""type"": ""text"", ""id"": ""adobe_p8_00448""}, {""type"": ""text"", ""id"": ""adobe_p8_00451""}, {""type"": ""text"", ""id"": ""adobe_p8_00454""}, {""type"": ""text"", ""id"": ""adobe_p8_00456""}, {""type"": ""text"", ""id"": ""adobe_p8_00459""}, {""type"": ""text"", ""id"": ""adobe_p8_00462""}, {""type"": ""text"", ""id"": ""adobe_p8_00464""}, {""type"": ""text"", ""id"": ""adobe_p8_00467""}, {""type"": ""text"", ""id"": ""adobe_p8_00470""}, {""type"": ""text"", ""id"": ""adobe_p8_00472""}, {""type"": ""text"", ""id"": ""adobe_p8_00474""}, {""type"": ""text"", ""id"": ""adobe_p8_00477""}, {""type"": ""text"", ""id"": ""adobe_p8_00480""}, {""type"": ""text"", ""id"": ""adobe_p8_00482""}, {""type"": ""text"", ""id"": ""adobe_p8_00485""}, {""type"": ""text"", ""id"": ""adobe_p8_00488""}, {""type"": ""text"", ""id"": ""adobe_p8_00490""}, {""type"": ""text"", ""id"": ""adobe_p8_00493""}, {""type"": ""text"", ""id"": ""adobe_p8_00496""}, {""type"": ""text"", ""id"": ""adobe_p8_00498""}, {""type"": ""text"", ""id"": ""adobe_p8_00501""}]",geometry_only_not_correctness
adobe_extract,D04,DIA_006,diagram,"[{""type"": ""image"", ""id"": ""adobe_p10_00752""}]",geometry_only_not_correctness
adobe_extract,D05,IMG_004,image,"[{""type"": ""text"", ""id"": ""adobe_p2_00053""}]",geometry_only_not_correctness
adobe_extract,D05,DIA_007,diagram,"[{""type"": ""image"", ""id"": ""adobe_p8_00257""}, {""type"": ""image"", ""id"": ""adobe_p8_00258""}, {""type"": ""image"", ""id"": ""adobe_p8_00260""}, {""type"": ""image"", ""id"": ""adobe_p8_00261""}, {""type"": ""image"", ""id"": ""adobe_p8_00267""}, {""type"": ""image"", ""id"": ""adobe_p8_00268""}, {""type"": ""image"", ""id"": ""adobe_p8_00271""}, {""type"": ""image"", ""id"": ""adobe_p8_00272""}, {""type"": ""image"", ""id"": ""adobe_p8_00278""}, {""type"": ""image"", ""id"": ""adobe_p8_00279""}]",geometry_only_not_correctness
adobe_extract,D05,MATH_006,math_formula,"[{""type"": ""text"", ""id"": ""adobe_p19_00550""}, {""type"": ""text"", ""id"": ""adobe_p19_00565""}, {""type"": ""text"", ""id"": ""adobe_p19_00572""}, {""type"": ""text"", ""id"": ""adobe_p19_00577""}, {""type"": ""text"", ""id"": ""adobe_p19_00585""}, {""type"": ""image"", ""id"": ""adobe_p19_00543""}, {""type"": ""image"", ""id"": ""adobe_p19_00544""}, {""type"": ""image"", ""id"": ""adobe_p19_00547""}, {""type"": ""image"", ""id"": ""adobe_p19_00548""}, {""type"": ""image"", ""id"": ""adobe_p19_00549""}, {""type"": ""image"", ""id"": ""adobe_p19_00551""}, {""type"": ""image"", ""id"": ""adobe_p19_00552""}, {""type"": ""image"", ""id"": ""adobe_p19_00553""}, {""type"": ""image"", ""id"": ""adobe_p19_00554""}, {""type"": ""image"", ""id"": ""adobe_p19_00555""}, {""type"": ""image"", ""id"": ""adobe_p19_00556""}, {""type"": ""image"", ""id"": ""adobe_p19_00557""}, {""type"": ""image"", ""id"": ""adobe_p19_00561""}, {""type"": ""image"", ""id"": ""adobe_p19_00562""}, {""type"": ""image"", ""id"": ""adobe_p19_00564""}, {""type"": ""image"", ""id"": ""adobe_p19_00567""}, {""type"": ""image"", ""id"": ""adobe_p19_00568""}, {""type"": ""image"", ""id"": ""adobe_p19_00569""}, {""type"": ""image"", ""id"": ""adobe_p19_00571""}, {""type"": ""image"", ""id"": ""adobe_p19_00573""}, {""type"": ""image"", ""id"": ""adobe_p19_00576""}, {""type"": ""image"", ""id"": ""adobe_p19_00578""}, {""type"": ""image"", ""id"": ""adobe_p19_00579""}, {""type"": ""image"", ""id"": ""adobe_p19_00580""}, {""type"": ""image"", ""id"": ""adobe_p19_00584""}, {""type"": ""image"", ""id"": ""adobe_p19_00589""}, {""type"": ""image"", ""id"": ""adobe_p19_00590""}]",geometry_only_not_correctness
adobe_extract,D05,TAB_007,table,"[{""type"": ""text"", ""id"": ""adobe_p21_00619""}, {""type"": ""image"", ""id"": ""adobe_p21_00613""}, {""type"": ""image"", ""id"": ""adobe_p21_00614""}, {""type"": ""image"", ""id"": ""adobe_p21_00616""}, {""type"": ""image"", ""id"": ""adobe_p21_00617""}, {""type"": ""image"", ""id"": ""adobe_p21_00636""}, {""type"": ""image"", ""id"": ""adobe_p21_00637""}]",geometry_only_not_correctness
llamaparse,D01,IMG_001,image,"[{""type"": ""text"", ""id"": ""llamaparse_p8_000077""}, {""type"": ""text"", ""id"": ""llamaparse_p8_000078""}]",geometry_only_not_correctness
llamaparse,D01,DIA_001,diagram,"[{""type"": ""text"", ""id"": ""llamaparse_p9_000091""}]",geometry_only_not_correctness
llamaparse,D01,IMG_002,image,"[{""type"": ""text"", ""id"": ""llamaparse_p9_000084""}, {""type"": ""text"", ""id"": ""llamaparse_p9_000085""}, {""type"": ""text"", ""id"": ""llamaparse_p9_000086""}]",geometry_only_not_correctness
llamaparse,D01,IMG_003,image,"[{""type"": ""text"", ""id"": ""llamaparse_p27_000269""}]",geometry_only_not_correctness
llamaparse,D01,DIA_002,diagram,"[{""type"": ""text"", ""id"": ""llamaparse_p39_000400""}]",geometry_only_not_correctness
llamaparse,D02,CHEM_003,chemical_structure,"[{""type"": ""table"", ""id"": ""llamaparse_p2_000022""}]",geometry_only_not_correctness
llamaparse,D02,CHEM_004,chemical_structure,"[{""type"": ""table"", ""id"": ""llamaparse_p2_000022""}]",geometry_only_not_correctness
llamaparse,D02,CHEM_005,chemical_structure,"[{""type"": ""table"", ""id"": ""llamaparse_p2_000022""}]",geometry_only_not_correctness
llamaparse,D02,CHEM_006,chemical_structure,"[{""type"": ""table"", ""id"": ""llamaparse_p2_000022""}]",geometry_only_not_correctness
llamaparse,D02,CHEM_001,chemical_formula,"[{""type"": ""text"", ""id"": ""llamaparse_p3_000028""}]",geometry_only_not_correctness
llamaparse,D02,CHEM_002,chemical_formula,"[{""type"": ""text"", ""id"": ""llamaparse_p3_000028""}]",geometry_only_not_correctness
llamaparse,D02,DIA_003,diagram,"[{""type"": ""text"", ""id"": ""llamaparse_p4_000052""}, {""type"": ""table"", ""id"": ""llamaparse_p4_000053""}, {""type"": ""table"", ""id"": ""llamaparse_p4_000055""}]",geometry_only_not_correctness
llamaparse,D03,DIA_004,diagram,"[{""type"": ""table"", ""id"": ""llamaparse_p5_000057""}]",geometry_only_not_correctness
llamaparse,D03,DIA_005,diagram,"[{""type"": ""text"", ""id"": ""llamaparse_p9_000091""}, {""type"": ""image"", ""id"": ""llamaparse_p9_000097""}]",geometry_only_not_correctness
llamaparse,D04,DIA_006,diagram,"[{""type"": ""table"", ""id"": ""llamaparse_p10_000117""}]",geometry_only_not_correctness
llamaparse,D05,IMG_004,image,"[{""type"": ""text"", ""id"": ""llamaparse_p2_000027""}]",geometry_only_not_correctness
llamaparse,D05,IMG_005,image,"[{""type"": ""text"", ""id"": ""llamaparse_p2_000034""}, {""type"": ""text"", ""id"": ""llamaparse_p2_000035""}]",geometry_only_not_correctness
llamaparse,D05,DIA_007,diagram,"[{""type"": ""text"", ""id"": ""llamaparse_p8_000180""}, {""type"": ""text"", ""id"": ""llamaparse_p8_000181""}]",geometry_only_not_correctness
