tool,document_id,page,id,native_type,content_type,native_rows,native_cells,baseline_cells,image_source_type,local_asset_exists,captions_count,caption_chars,baseline_asset_path,native_width,native_height,pdf_width,pdf_height,bbox_changed,baseline_bbox,native_scaled_bbox,path,accepted_current_path_filter
mineru,D01,4,p4_table_1,table,str,5,30,0,,,,,,,,,,,,,,
mineru,D01,6,p6_image_4,image,,,,,str,True,1,46,,,,,,,,,,
mineru,D01,7,p7_table_6,table,str,2,6,0,,,,,,,,,,,,,,
mineru,D01,8,p8_image_1,image,,,,,str,True,1,15,,,,,,,,,,
mineru,D01,8,p8_table_3,table,str,8,31,0,,,,,,,,,,,,,,
mineru,D01,9,p9_image_1,image,,,,,str,True,1,5,,,,,,,,,,
mineru,D01,9,p9_image_7,image,,,,,str,True,1,81,,,,,,,,,,
mineru,D01,10,p10_table_3,table,str,8,48,0,,,,,,,,,,,,,,
mineru,D01,11,p11_table_5,table,str,8,48,0,,,,,,,,,,,,,,
mineru,D01,12,p12_table_8,table,str,4,24,0,,,,,,,,,,,,,,
mineru,D01,13,p13_table_7,table,str,4,24,0,,,,,,,,,,,,,,
mineru,D01,14,p14_table_3,table,str,6,24,0,,,,,,,,,,,,,,
mineru,D01,20,p20_image_2,image,,,,,str,True,0,0,,,,,,,,,,
mineru,D01,20,p20_image_3,image,,,,,str,True,1,6,,,,,,,,,,
mineru,D01,25,p25_image_4,image,,,,,str,True,1,35,,,,,,,,,,
mineru,D01,27,p27_image_1,image,,,,,str,True,1,66,,,,,,,,,,
mineru,D01,29,p29_table_3,table,str,3,21,0,,,,,,,,,,,,,,
mineru,D01,31,p31_table_3,table,str,2,4,0,,,,,,,,,,,,,,
mineru,D01,31,p31_table_5,table,str,2,4,0,,,,,,,,,,,,,,
mineru,D01,31,p31_table_6,table,str,2,4,0,,,,,,,,,,,,,,
mineru,D01,32,p32_table_1,table,str,8,56,0,,,,,,,,,,,,,,
mineru,D01,32,p32_table_2,table,str,3,6,0,,,,,,,,,,,,,,
mineru,D01,35,p35_image_3,image,,,,,str,True,1,5,,,,,,,,,,
mineru,D01,38,p38_image_5,image,,,,,str,True,1,44,,,,,,,,,,
mineru,D01,39,p39_image_1,image,,,,,str,True,1,59,,,,,,,,,,
mineru,D01,40,p40_image_2,image,,,,,str,True,1,48,,,,,,,,,,
mineru,D01,41,p41_image_5,image,,,,,str,True,1,6,,,,,,,,,,
mineru,D02,2,p2_table_3,table,str,5,25,0,,,,,,,,,,,,,,
mineru,D02,2,p2_table_4,table,str,9,28,0,,,,,,,,,,,,,,
mineru,D02,3,p3_table_12,table,str,4,8,0,,,,,,,,,,,,,,
mineru,D02,4,p4_table_2,table,str,2,8,0,,,,,,,,,,,,,,
mineru,D02,4,p4_chart_10,chart,,,,,str,True,0,0,,,,,,,,,,
mineru,D02,4,p4_chart_11,chart,,,,,str,True,1,93,,,,,,,,,,
mineru,D02,5,p5_table_2,table,str,5,31,0,,,,,,,,,,,,,,
mineru,D02,5,p5_table_3,table,str,2,10,0,,,,,,,,,,,,,,
mineru,D02,6,p6_table_2,table,str,4,24,0,,,,,,,,,,,,,,
mineru,D02,6,p6_table_3,table,str,4,20,0,,,,,,,,,,,,,,
mineru,D02,6,p6_table_8,table,str,3,6,0,,,,,,,,,,,,,,
mineru,D03,1,p1_table_8,table,str,1,2,0,,,,,,,,,,,,,,
mineru,D03,4,p4_chart_2,chart,,,,,str,True,2,78,,,,,,,,,,
mineru,D03,4,p4_chart_3,chart,,,,,str,True,2,76,,,,,,,,,,
mineru,D03,5,p5_chart_2,chart,,,,,str,True,2,124,,,,,,,,,,
mineru,D03,5,p5_chart_3,chart,,,,,str,True,2,72,,,,,,,,,,
mineru,D03,6,p6_table_1,table,str,5,50,0,,,,,,,,,,,,,,
mineru,D03,6,p6_chart_3,chart,,,,,str,True,2,123,,,,,,,,,,
mineru,D03,7,p7_chart_1,chart,,,,,str,True,2,148,,,,,,,,,,
mineru,D03,9,p9_image_3,image,,,,,str,True,2,84,,,,,,,,,,
mineru,D03,10,p10_table_9,table,str,9,24,0,,,,,,,,,,,,,,
mineru,D03,12,p12_image_2,image,,,,,str,True,2,121,,,,,,,,,,
mineru,D03,13,p13_image_2,image,,,,,str,True,2,103,,,,,,,,,,
mineru,D04,3,p3_table_12,table,str,4,12,0,,,,,,,,,,,,,,
mineru,D04,4,p4_table_4,table,str,4,12,0,,,,,,,,,,,,,,
mineru,D04,4,p4_image_7,image,,,,,str,True,1,31,,,,,,,,,,
mineru,D04,5,p5_table_5,table,str,7,21,0,,,,,,,,,,,,,,
mineru,D04,5,p5_table_8,table,str,7,28,0,,,,,,,,,,,,,,
mineru,D04,6,p6_image_2,image,,,,,str,True,1,58,,,,,,,,,,
mineru,D04,8,p8_table_3,table,str,8,48,0,,,,,,,,,,,,,,
mineru,D04,9,p9_table_3,table,str,8,48,0,,,,,,,,,,,,,,
mineru,D04,10,p10_chart_2,chart,,,,,str,True,1,1,,,,,,,,,,
mineru,D04,10,p10_chart_3,chart,,,,,str,True,1,1,,,,,,,,,,
mineru,D04,10,p10_chart_4,chart,,,,,str,True,1,1,,,,,,,,,,
mineru,D04,10,p10_chart_5,chart,,,,,str,True,0,0,,,,,,,,,,
mineru,D04,10,p10_chart_6,chart,,,,,str,True,0,0,,,,,,,,,,
mineru,D04,10,p10_chart_7,chart,,,,,str,True,2,110,,,,,,,,,,
mineru,D04,11,p11_table_3,table,str,8,37,0,,,,,,,,,,,,,,
mineru,D05,2,p2_image_0,image,,,,,str,True,0,0,,,,,,,,,,
mineru,D05,2,p2_image_4,image,,,,,str,True,0,0,,,,,,,,,,
mineru,D05,2,p2_image_5,image,,,,,str,True,1,145,,,,,,,,,,
mineru,D05,2,p2_image_11,image,,,,,str,True,0,0,,,,,,,,,,
mineru,D05,2,p2_image_12,image,,,,,str,True,1,220,,,,,,,,,,
mineru,D05,3,p3_chart_3,chart,,,,,str,True,1,166,,,,,,,,,,
mineru,D05,5,p5_image_16,image,,,,,str,True,1,229,,,,,,,,,,
mineru,D05,5,p5_chart_19,chart,,,,,str,True,1,266,,,,,,,,,,
mineru,D05,7,p7_image_22,image,,,,,str,True,1,96,,,,,,,,,,
mineru,D05,8,p8_image_15,image,,,,,str,True,1,343,,,,,,,,,,
mineru,D05,8,p8_image_20,image,,,,,str,True,1,144,,,,,,,,,,
mineru,D05,9,p9_chart_17,chart,,,,,str,True,1,47,,,,,,,,,,
mineru,D05,11,p11_image_3,image,,,,,str,True,1,162,,,,,,,,,,
mineru,D05,11,p11_chart_7,chart,,,,,str,True,0,0,,,,,,,,,,
mineru,D05,11,p11_image_14,image,,,,,str,True,1,185,,,,,,,,,,
mineru,D05,12,p12_image_0,image,,,,,str,True,0,0,,,,,,,,,,
mineru,D05,12,p12_chart_4,chart,,,,,str,True,1,99,,,,,,,,,,
mineru,D05,12,p12_chart_5,chart,,,,,str,True,2,507,,,,,,,,,,
mineru,D05,13,p13_chart_3,chart,,,,,str,True,1,109,,,,,,,,,,
mineru,D05,14,p14_image_3,image,,,,,str,True,1,120,,,,,,,,,,
mineru,D05,18,p18_image_3,image,,,,,str,True,1,264,,,,,,,,,,
mineru,D05,19,p19_chart_13,chart,,,,,str,True,1,77,,,,,,,,,,
mineru,D05,21,p21_table_3,table,str,6,28,0,,,,,,,,,,,,,,
mineru,D05,21,p21_chart_5,chart,,,,,str,True,1,253,,,,,,,,,,
nutrient,D01,1,765bd675-4be8-4741-aa5c-60ad89058013,,,,,,,,,,,1654,2339,595.3200073242188,842.0399780273438,True,x_min=0.3678693766472556 y_min=0.18418200328602896 x_max=1.0 y_max=0.38477983047674097,x_min=0.13240628778718258 y_min=0.06630551945275759 x_max=0.8627756952841595 y_max=0.13852073535699017,,
nutrient,D01,1,8316e6fa-8cc4-45d4-a5d2-3b3296d58a99,,,,,,,,,,,1654,2339,595.3200073242188,842.0399780273438,True,x_min=0.5728011755101103 y_min=0.8243526650909906 x_max=1.0 y_max=0.9358225744174953,x_min=0.20616686819830712 y_min=0.29676695168875583 x_max=0.7892281741233375 y_max=0.33689611799914493,,
nutrient,D01,1,c750a9ed-dead-4ff1-bea8-49e7997f0f9e,,,,,,,,,,,1654,2339,595.3200073242188,842.0399780273438,True,x_min=0.8902774868632214 y_min=0.9977154552307002 x_max=1.0 y_max=1.0,x_min=0.32043530834340994 y_min=0.35917755451047456 x_max=0.6743192865779928 y_max=0.376656702864472,,
nutrient,D01,1,893d3bb7-3978-46bb-9e85-1f493cb4f7dd,,,,,,,,,,,1654,2339,595.3200073242188,842.0399780273438,True,x_min=0.80964858239259 y_min=1.0 x_max=1.0 y_max=1.0,x_min=0.2914147521160822 y_min=0.400285891406584 x_max=0.7020116686819832 y_max=0.420692613510047,,
nutrient,D01,1,3922870c-b9d9-4e94-a58f-357da3fb0235,,,,,,,,,,,1654,2339,595.3200073242188,842.0399780273438,True,x_min=0.9356312456279515 y_min=1.0 x_max=1.0 y_max=1.0,x_min=0.33675937122128174 y_min=0.4420170585720393 x_max=0.6576363180169287 y_max=0.48097476271911066,,
nutrient,D01,1,12396d62-80b5-49ee-ae86-32425a911ae9,,,,,,,,,,,1654,2339,595.3200073242188,842.0399780273438,True,x_min=0.8382046527259386 y_min=1.0 x_max=1.0 y_max=1.0,x_min=0.30169286577992743 y_min=0.5633252672082086 x_max=0.6940485489721887 y_max=0.5818725959811886,,
nutrient,D01,1,606fe67c-08f7-4843-9ad5-46cb26b3782e,,,,,,,,,,,1654,2339,595.3200073242188,842.0399780273438,True,x_min=1.0 y_min=1.0 x_max=1.0 y_max=1.0,x_min=0.40386940749697703 y_min=0.7684222317229585 x_max=0.5910939721886336 y_max=0.8029072253099615,,
nutrient,D01,2,822cd061-e3c6-4270-94c5-c280ec6847ca,,,,,,,,,,,1654,2339,595.3200073242188,842.0399780273438,True,x_min=1.0 y_min=0.45023950155925824 x_max=1.0 y_max=0.4940383008590254,x_min=0.4105199516324063 y_min=0.1620862163317657 x_max=0.5850555139056832 y_max=0.1778537836682343,,
nutrient,D01,2,91027bfa-b2d5-4d7b-8491-a47074dd8d34,,,,,,,,,,,1654,2339,595.3200073242188,842.0399780273438,True,x_min=0.996102923980925 y_min=0.5759821536457388 x_max=1.0 y_max=0.622911029983148,x_min=0.3585247883917775 y_min=0.20735356990166737 x_max=0.6360373276904474 y_max=0.22424796494228302,,
nutrient,D01,2,b15ddc68-8f0c-42e4-a520-9553a030da4d,,,,,,,,,,,1654,2339,595.3200073242188,842.0399780273438,True,x_min=0.6836659191572285 y_min=0.6416164482661366 x_max=1.0 y_max=0.6852405955258136,x_min=0.2460701330108827 y_min=0.2309819153484395 x_max=0.7494746674727932 y_max=0.2466866079521163,,
nutrient,D01,2,b262b6ab-0114-4d7d-a462-7441412bdaea_toc_para_0000,,,,,,,,,,,1654,2339,595.3200073242188,842.0399780273438,True,x_min=0.391031608439157 y_min=0.7620189857293967 x_max=1.0 y_max=0.8194591112128798,x_min=0.14074301088270857 y_min=0.27432682770414707 x_max=0.8485900483675937 y_max=0.29500527233860624,,
nutrient,D01,2,b262b6ab-0114-4d7d-a462-7441412bdaea_toc_para_0001,,,,,,,,,,,1654,2339,595.3200073242188,842.0399780273438,True,x_min=0.3947456781374661 y_min=0.8198676048817979 x_max=1.0 y_max=0.876442911569259,x_min=0.14207980652962515 y_min=0.29515233005557934 x_max=0.8480449214026603 y_max=0.31551943993159476,,
nutrient,D01,2,b262b6ab-0114-4d7d-a462-7441412bdaea_toc_para_0002,,,,,,,,,,,1654,2339,595.3200073242188,842.0399780273438,True,x_min=0.3947456781374661 y_min=0.8897089444079482 x_max=1.0 y_max=0.9433678242462316,x_min=0.14207980652962515 y_min=0.32029521162890123 x_max=0.8493963724304715 y_max=0.3396124078666096,,
nutrient,D01,2,b262b6ab-0114-4d7d-a462-7441412bdaea_toc_para_0003,,,,,,,,,,,1654,2339,595.3200073242188,842.0399780273438,True,x_min=0.3947456781374661 y_min=0.9526582121187015 x_max=1.0 y_max=1.0,x_min=0.14207980652962515 y_min=0.34295694741342453 x_max=0.8523698911729142 y_max=0.36209816160752456,,
nutrient,D01,2,b262b6ab-0114-4d7d-a462-7441412bdaea_toc_para_0004,,,,,,,,,,,1654,2339,595.3200073242188,842.0399780273438,True,x_min=0.3910985136321792 y_min=1.0 x_max=1.0 y_max=1.0,x_min=0.14076709189842804 y_min=0.3652852928601967 x_max=0.8587413966142685 y_max=0.3844981893971783,,
nutrient,D01,2,b262b6ab-0114-4d7d-a462-7441412bdaea_toc_para_0005,,,,,,,,,,,1654,2339,595.3200073242188,842.0399780273438,True,x_min=0.39387879983058777 y_min=1.0 x_max=1.0 y_max=1.0,x_min=0.14176779322853686 y_min=0.38815117571611796 x_max=0.8600704534461909 y_max=0.43328822573749465,,
nutrient,D01,2,b262b6ab-0114-4d7d-a462-7441412bdaea_toc_para_0006,,,,,,,,,,,1654,2339,595.3200073242188,842.0399780273438,True,x_min=0.6618289241964325 y_min=1.0 x_max=1.0 y_max=1.0,x_min=0.23821039903264812 y_min=0.5003433091064557 x_max=0.859375876662636 y_max=0.6092347242411288,,
nutrient,D01,2,b262b6ab-0114-4d7d-a462-7441412bdaea_toc_para_0007,,,,,,,,,,,1654,2339,595.3200073242188,842.0399780273438,True,x_min=0.3847219095313656 y_min=1.0 x_max=1.0 y_max=1.0,x_min=0.138471977025393 y_min=0.5964087216759298 x_max=0.8600675030229745 y_max=0.6372796263360411,,
nutrient,D01,2,b262b6ab-0114-4d7d-a462-7441412bdaea_toc_para_0008,,,,,,,,,,,1654,2339,595.3200073242188,842.0399780273438,True,x_min=0.3947456781374661 y_min=1.0 x_max=1.0 y_max=1.0,x_min=0.14207980652962515 y_min=0.6401819153484395 x_max=0.8598116082224909 y_max=0.6601466994442069,,
nutrient,D01,2,b262b6ab-0114-4d7d-a462-7441412bdaea_toc_para_0009,,,,,,,,,,,1654,2339,595.3200073242188,842.0399780273438,True,x_min=0.3947456781374661 y_min=1.0 x_max=1.0 y_max=1.0,x_min=0.14207980652962515 y_min=0.6411319794784096 x_max=0.8598649334945586 y_max=0.6780675647712698,,
nutrient,D01,2,b262b6ab-0114-4d7d-a462-7441412bdaea_toc_para_0010,,,,,,,,,,,1654,2339,595.3200073242188,842.0399780273438,True,x_min=0.3895669339963827 y_min=1.0 x_max=1.0 y_max=1.0,x_min=0.14021583434099152 y_min=0.6652415562206071 x_max=0.8599145042321644 y_max=0.702009405728944,,
nutrient,D01,2,b262b6ab-0114-4d7d-a462-7441412bdaea_toc_para_0011,,,,,,,,,,,1654,2339,595.3200073242188,842.0399780273438,True,x_min=0.38579457631921676 y_min=1.0 x_max=1.0 y_max=1.0,x_min=0.1388580592503023 y_min=0.6879008123129543 x_max=0.8602095707376057 y_max=0.730315626336041,,
nutrient,D01,2,b262b6ab-0114-4d7d-a462-7441412bdaea_toc_para_0012,,,,,,,,,,,1654,2339,595.3200073242188,842.0399780273438,True,x_min=0.3942057500382162 y_min=1.0 x_max=1.0 y_max=1.0,x_min=0.1418854715840387 y_min=0.7145349294570329 x_max=0.8602251330108828 y_max=0.7734074219752031,,
nutrient,D01,2,b262b6ab-0114-4d7d-a462-7441412bdaea_table_remainder_para_0000,,,,,,,,,,,1654,2339,595.3200073242188,842.0399780273438,True,x_min=0.39978498466688056 y_min=1.0 x_max=0.4400994369021962 y_max=1.0,x_min=0.14389359129383314 y_min=0.5976913210773835 x_max=0.15840386940749698 y_max=0.609234715690466,,
nutrient,D01,2,b262b6ab-0114-4d7d-a462-7441412bdaea_table_remainder_para_0001,,,,,,,,,,,1654,2339,595.3200073242188,842.0399780273438,True,x_min=0.656789617667018 y_min=1.0 x_max=1.0 y_max=1.0,x_min=0.23639661426844014 y_min=0.7793929029499786 x_max=0.8567110036275696 y_max=0.7969217614365113,,
nutrient,D01,2,b8da1b54-d86f-4426-a288-bd47a51ff0c2,,,,,,,,,,,1654,2339,595.3200073242188,842.0399780273438,True,x_min=0.3297862789500994 y_min=1.0 x_max=0.36446165311194506 y_max=1.0,x_min=0.1186991354292624 y_min=0.903805044890979 x_max=0.1311797545344619 y_max=0.9166693458743052,,
nutrient,D01,3,0a41c7eb-d9e5-4867-a050-8eed1c9e9efc,,,,,,,,,,,1654,2339,595.3200073242188,842.0399780273438,True,x_min=0.4333803615296436 y_min=0.5003208172929757 x_max=1.0 y_max=0.6180183050443017,x_min=0.15598548972188633 y_min=0.1801154895254382 x_max=0.8405136033857316 y_max=0.2224865840102608,,
nutrient,D01,3,7462ff71-488c-48c2-81b8-9790cd75caad,,,,,,,,,,,1654,2339,595.3200073242188,842.0399780273438,True,x_min=1.0 y_min=0.6814295223181994 x_max=1.0 y_max=0.7279939456509913,x_min=0.4159613059250302 y_min=0.24531462163317655 x_max=0.5799455743651754 y_max=0.26207781359555365,,
nutrient,D01,3,b671184c-6dc8-4a44-add4-19dbab7b06fd,,,,,,,,,,,1654,2339,595.3200073242188,842.0399780273438,True,x_min=0.32827159778886483 y_min=0.7701576610640939 x_max=1.0 y_max=0.9417605110125172,x_min=0.11815396009673518 y_min=0.277256750748183 x_max=0.8783468258766626 y_max=0.3390337751175716,,
nutrient,D01,3,5551a5a9-0e9e-4295-85c5-cc6de487fc26,,,,,,,,,,,1654,2339,595.3200073242188,842.0399780273438,True,x_min=0.32587515556880176 y_min=0.9614302896835984 x_max=1.0 y_max=1.0,x_min=0.11729141475211609 y_min=0.3461148952543822 x_max=0.8775578597339783 y_max=0.3865711329628046,,
nutrient,D01,3,ad125b56-159d-4221-9bdf-9857d27f0919,,,,,,,,,,,1654,2339,595.3200073242188,842.0399780273438,True,x_min=1.0 y_min=1.0 x_max=1.0 y_max=1.0,x_min=0.38210399032648124 y_min=0.40669380076955963 x_max=0.61337723095526 y_max=0.4236576861906798,,
nutrient,D01,3,50f02f4b-44d1-4b7d-be6d-e11202357b32,,,,,,,,,,,1654,2339,595.3200073242188,842.0399780273438,True,x_min=0.32892879055105423 y_min=1.0 x_max=1.0 y_max=1.0,x_min=0.11839050181378477 y_min=0.4385758871312527 x_max=0.8780709129383314 y_max=0.5014963745190252,,
nutrient,D01,3,f6d0172f-ac23-4c3d-8d3c-e18b783a3c2c,,,,,,,,,,,1654,2339,595.3200073242188,842.0399780273438,True,x_min=0.32587515556880176 y_min=1.0 x_max=1.0 y_max=1.0,x_min=0.11729141475211609 y_min=0.5068573749465584 x_max=0.8780417170495768 y_max=0.5703291876870457,,
nutrient,D01,3,23da7ba1-31f8-4a76-8687-06737ece0893,,,,,,,,,,,1654,2339,595.3200073242188,842.0399780273438,True,x_min=0.32587515556880176 y_min=1.0 x_max=1.0 y_max=1.0,x_min=0.11729141475211609 y_min=0.5756543822146216 x_max=0.8779058041112454 y_max=0.6392090722530996,,
nutrient,D01,3,1f98a1ba-10cb-49ce-be06-86635e8c542c,,,,,,,,,,,1654,2339,595.3200073242188,842.0399780273438,True,x_min=0.32587515556880176 y_min=1.0 x_max=1.0 y_max=1.0,x_min=0.11729141475211609 y_min=0.6450056861906798 x_max=0.8777504836759371 y_max=0.7084351731509192,,
nutrient,D01,3,7af94cb4-6ac6-422a-9abb-a202643ca02e,,,,,,,,,,,1654,2339,595.3200073242188,842.0399780273438,True,x_min=0.7537369725180836 y_min=1.0 x_max=1.0 y_max=1.0,x_min=0.27129062877871823 y_min=0.7371136810602822 x_max=0.7250674727932286 y_max=0.7542422488242839,,
nutrient,D01,3,b391333d-f655-42f0-a4b8-c1d8a8865c33,,,,,,,,,,,1654,2339,595.3200073242188,842.0399780273438,True,x_min=0.9591480094318856 y_min=1.0 x_max=1.0 y_max=1.0,x_min=0.34522370012091896 y_min=0.7743022231722959 x_max=0.6494486094316808 y_max=0.7912023073963232,,
nutrient,D01,3,c865fb04-8bfc-48bd-aa74-c19def2a3c32,,,,,,,,,,,1654,2339,595.3200073242188,842.0399780273438,True,x_min=0.3287005099652717 y_min=1.0 x_max=1.0 y_max=1.0,x_min=0.11830833736396615 y_min=0.8065997434801198 x_max=0.8781203083434099 y_max=0.8691748439504062,,
nutrient,D01,3,b29aa98a-b058-4d7d-bddb-0eba8fe5d249,,,,,,,,,,,1654,2339,595.3200073242188,842.0399780273438,True,x_min=1.0 y_min=1.0 x_max=1.0 y_max=1.0,x_min=0.8639661426844014 y_min=0.9035452330055579 x_max=0.8778420834340992 y_max=0.9171454001710132,,
nutrient,D01,4,04856adf-5881-4968-aec1-9711c3227557,,,,,,,,,,,1654,2339,595.3200073242188,842.0399780273438,True,x_min=1.0 y_min=0.19001473109962516 x_max=1.0 y_max=0.22564249318080487,x_min=0.7128174123337364 y_min=0.06840530141085935 x_max=0.8163732587666264 y_max=0.08123129542539546,,
nutrient,D01,4,797d1c33-30ce-47cf-bf6a-50f1a8673bf2,,,,,,,,,,,1654,2339,595.3200073242188,842.0399780273438,True,x_min=0.8247665019808333 y_min=0.24853119265223797 x_max=1.0 y_max=0.2860205112401197,x_min=0.2968561064087062 y_min=0.08947122702009405 x_max=0.6951900604594922 y_max=0.10296738135955537,,
nutrient,D01,4,f9c48b24-b065-4bfb-8887-f9e079e27657,,,,,,,,,,,1654,2339,595.3200073242188,842.0399780273438,True,x_min=0.6179113341972086 y_min=0.8714386717350986 x_max=1.0 y_max=0.9180086767506165,x_min=0.22240325272067715 y_min=0.313717913638307 x_max=0.7741347883917775 y_max=0.330483115006413,,
nutrient,D01,4,d1ea3308-508c-483a-9037-484d397db604,,,,,,,,,,,1654,2339,595.3200073242188,842.0399780273438,True,x_min=0.32587515556880176 y_min=0.9619495761918524 x_max=1.0 y_max=1.0,x_min=0.11729141475211609 y_min=0.3463018383924754 x_max=0.8734671704957678 y_max=0.7158057503206499,,
nutrient,D01,4,84968d1e-948b-4ef3-8a47-1e6fbdb50010,,,,,,,,,,,1654,2339,595.3200073242188,842.0399780273438,True,x_min=0.32856364239993285 y_min=1.0 x_max=1.0 y_max=1.0,x_min=0.11825907496977026 y_min=0.7225309961522018 x_max=0.878351215235792 y_max=0.805140658401026,,
nutrient,D01,4,068cd4a5-8a46-44b9-a777-a6e44df36d67,,,,,,,,,,,1654,2339,595.3200073242188,842.0399780273438,True,x_min=0.3285936934645366 y_min=1.0 x_max=1.0 y_max=1.0,x_min=0.11826989117291416 y_min=0.8135955536554083 x_max=0.8782709189842806 y_max=0.8535513745190252,,
nutrient,D01,4,cb565daf-1445-491e-8f49-8a0322d48e16,,,,,,,,,,,1654,2339,595.3200073242188,842.0399780273438,True,x_min=0.3289543566328468 y_min=1.0 x_max=0.36786936824841143 y_max=1.0,x_min=0.11839970374848852 y_min=0.903805044890979 x_max=0.132406284764208 y_max=0.9166310389055152,,
nutrient,D01,4,ca98476c-9c03-4c46-aa82-171bad2b4be9,,,,,,,,,,,1654,2339,595.3200073242188,842.0399780273438,True,x_min=0.3028383857117944 y_min=0.3497355680070061 x_max=1.0 y_max=0.8247653652110183,x_min=0.10899984885126965 y_min=0.12590480119709277 x_max=0.7752915659008464 y_max=0.29691552372808894,,
nutrient,D01,5,d70d42bb-d058-4d2b-98cf-98cf05dc29ed,,,,,,,,,,,1654,2339,595.3200073242188,842.0399780273438,True,x_min=0.3295753839718434 y_min=0.19001473109962516 x_max=1.0 y_max=0.3097081573382629,x_min=0.11862322853688029 y_min=0.06840530141085935 x_max=0.8773660943168078 y_max=0.11149493373236426,,
nutrient,D01,5,d22cdde9-6b5b-4721-b431-1bbd35b0b3f4,,,,,,,,,,,1654,2339,595.3200073242188,842.0399780273438,True,x_min=0.3292667096492283 y_min=0.4999762612058887 x_max=1.0 y_max=0.6876158081667686,x_min=0.11851212817412334 y_min=0.17999144933732364 x_max=0.8777657557436518 y_max=0.24754168448054725,,
nutrient,D01,5,2bcffe50-8089-45b7-adc0-4b0555e513ae,,,,,,,,,,,1654,2339,595.3200073242188,842.0399780273438,True,x_min=0.32935943288936953 y_min=0.7068675069257478 x_max=1.0 y_max=0.8158757635349362,x_min=0.11854550181378477 y_min=0.2544722958529286 x_max=0.8774780894800485 y_max=0.2937152672082086,,
nutrient,D01,5,89144d66-2882-4f5b-a351-a6c829c40c81,,,,,,,,,,,1654,2339,595.3200073242188,842.0399780273438,True,x_min=0.32587515556880176 y_min=0.9619495761918524 x_max=1.0 y_max=1.0,x_min=0.11729141475211609 y_min=0.3463018383924754 x_max=0.8780529625151149 y_max=0.4092998546387345,,
nutrient,D01,5,b564b00d-53d4-4e0f-9fd2-3d6a94a91901,,,,,,,,,,,1654,2339,595.3200073242188,842.0399780273438,True,x_min=0.32775666465000086 y_min=1.0 x_max=1.0 y_max=1.0,x_min=0.1179686215235792 y_min=0.46402522445489525 x_max=0.8783755743651753 y_max=0.5002137751175716,,
nutrient,D01,5,64c972ef-9819-4e12-9230-c3453e027afe,,,,,,,,,,,1654,2339,595.3200073242188,842.0399780273438,True,x_min=0.33049438550592425 y_min=1.0 x_max=1.0 y_max=1.0,x_min=0.11895400241837968 y_min=0.557083882000855 x_max=0.539027883917775 y_max=0.5715181872595125,,
nutrient,D01,5,e6f2a765-d63d-4fd4-a057-2015c9ecb6bb,,,,,,,,,,,1654,2339,595.3200073242188,842.0399780273438,True,x_min=0.32587515556880176 y_min=1.0 x_max=1.0 y_max=1.0,x_min=0.11729141475211609 y_min=0.5775972637879435 x_max=0.8776520556227329 y_max=0.640325852928602,,
nutrient,D01,5,1e14d680-c04a-4466-b20b-0dc986ca2b60,,,,,,,,,,,1654,2339,595.3200073242188,842.0399780273438,True,x_min=0.32993283878166313 y_min=1.0 x_max=1.0 y_max=1.0,x_min=0.11875188633615477 y_min=0.6954526720820864 x_max=0.5915063603385731 y_max=0.709399948696024,,
nutrient,D01,5,8e20ce8c-6e08-49b7-b135-16c0da67923e,,,,,,,,,,,1654,2339,595.3200073242188,842.0399780273438,True,x_min=0.33052784650127953 y_min=1.0 x_max=1.0 y_max=1.0,x_min=0.11896604594921402 y_min=0.7746192389910218 x_max=0.6139990568319226 y_max=0.7900812526720821,,
nutrient,D01,5,8713bb3a-54d0-442d-a59d-eea63dfc3744,,,,,,,,,,,1654,2339,595.3200073242188,842.0399780273438,True,x_min=1.0 y_min=1.0 x_max=1.0 y_max=1.0,x_min=0.8639661426844014 y_min=0.903805044890979 x_max=0.8776001571946797 y_max=0.9171455194527577,,
nutrient,D01,5,47c536ec-0ba0-429f-aba9-26db2f75b423,,,,,,,,,,,1654,2339,595.3200073242188,842.0399780273438,True,x_min=1.0 y_min=0.33958304529659106 x_max=1.0 y_max=0.4738004850252425,x_min=0.4190790205562273 y_min=0.12224989311671654 x_max=0.6117636880290206 y_max=0.17056817015818726,,
nutrient,D01,5,c508485b-c539-4efc-b273-8b72e14fc466,,,,,,,,,,,1654,2339,595.3200073242188,842.0399780273438,True,x_min=1.0 y_min=0.8409707596769291 x_max=1.0 y_max=0.9401902934046816,x_min=0.41904842805320436 y_min=0.30274946558358273 x_max=0.5792712091898428 y_max=0.3384684967935015,,
nutrient,D01,5,d00b70a4-182b-41fc-9de4-3e26b604e1e9,,,,,,,,,,,1654,2339,595.3200073242188,842.0399780273438,True,x_min=0.9981727351494399 y_min=1.0 x_max=1.0 y_max=1.0,x_min=0.35926977025392987 y_min=0.4174721248396751 x_max=0.6129497400241838 y_max=0.45407354424967933,,
nutrient,D01,5,06d7130e-f848-4afd-a331-2d63948243ce,,,,,,,,,,,1654,2339,595.3200073242188,842.0399780273438,True,x_min=0.9989593708986815 y_min=1.0 x_max=1.0 y_max=1.0,x_min=0.35955290205562274 y_min=0.5095792218896964 x_max=0.5956859733978235 y_max=0.5462420136810603,,
nutrient,D01,5,fdfcf067-2925-4157-a2ba-e42e5c1c6d0e,,,,,,,,,,,1654,2339,595.3200073242188,842.0399780273438,True,x_min=0.9982127808386603 y_min=1.0 x_max=1.0 y_max=1.0,x_min=0.3592841837968561 y_min=0.6480378794356563 x_max=0.6315424183796856 y_max=0.6845339290294998,,
nutrient,D01,5,b434b0f1-7135-4f6f-a182-7a7fd24af3ba,,,,,,,,,,,1654,2339,595.3200073242188,842.0399780273438,True,x_min=0.9999883133035457 y_min=1.0 x_max=1.0 y_max=1.0,x_min=0.3599232466747279 y_min=0.7179012398460881 x_max=0.6295768984280532 y_max=0.7582613168020521,,
nutrient,D01,6,bfe8c252-c98c-49ef-9607-439f2c6c1f08,,,,,,,,,,,1654,2339,595.3200073242188,842.0399780273438,True,x_min=0.8146878889220045 y_min=0.19357750730774312 x_max=1.0 y_max=0.23039286145829552,x_min=0.2932285368802902 y_min=0.06968790081231295 x_max=0.702096553808948 y_max=0.08294142796066695,,
nutrient,D01,6,75f09c73-e8a4-4366-8676-1c6aa218f340,,,,,,,,,,,1654,2339,595.3200073242188,842.0399780273438,True,x_min=0.4602566630198541 y_min=0.2826469125106924 x_max=1.0 y_max=0.32896300321622607,x_min=0.1656590084643289 y_min=0.10175288584865327 x_max=0.8060688029020557 y_max=0.11842667806755024,,
nutrient,D01,6,463a144e-ad86-4ada-97eb-342266a5cae9,,,,,,,,,,,1654,2339,595.3200073242188,842.0399780273438,True,x_min=0.3288192360271047 y_min=0.34860743867254695 x_max=1.0 y_max=0.6035002532664762,x_min=0.11835107013301088 y_min=0.12549867464728517 x_max=0.878449377267231 y_max=0.21726008550662676,,
nutrient,D01,6,4d914f55-8795-4e9d-862f-520d9cfd7165,,,,,,,,,,,1654,2339,595.3200073242188,842.0399780273438,True,x_min=0.32742289458086926 y_min=0.6222982443512723 x_max=1.0 y_max=1.0,x_min=0.1178484885126965 y_min=0.22402736212056434 x_max=0.8787130592503023 y_max=0.45275758871312527,,
nutrient,D01,6,d1546127-a445-4cc5-88e9-ca5d9f1a86a2,,,,,,,,,,,1654,2339,595.3200073242188,842.0399780273438,True,x_min=0.8242349055350455 y_min=1.0 x_max=1.0 y_max=1.0,x_min=0.2966647702539299 y_min=0.7473279179136383 x_max=0.7159767714631198 y_max=0.7629159157759726,,
nutrient,D01,6,8b54d940-d1e5-40c7-a483-af01e07d36ab,,,,,,,,,,,1654,2339,595.3200073242188,842.0399780273438,True,x_min=0.3289792004140368 y_min=1.0 x_max=1.0 y_max=1.0,x_min=0.11840864570737607 y_min=0.7960666951688756 x_max=0.8779496372430472 y_max=0.8618440658401026,,
nutrient,D01,6,60d8871c-617a-406b-ac87-23c875def520,,,,,,,,,,,1654,2339,595.3200073242188,842.0399780273438,True,x_min=0.33091446209821623 y_min=1.0 x_max=0.36451778426760734 y_max=1.0,x_min=0.11910519951632406 y_min=0.903805044890979 x_max=0.1311999576783555 y_max=0.9169502274476273,,
nutrient,D01,6,b3ee8da0-0bfe-406b-81a6-8f548d793209,,,,,,,,,,,1654,2339,595.3200073242188,842.0399780273438,True,x_min=0.6015710132264367 y_min=1.0 x_max=1.0 y_max=1.0,x_min=0.21652192261185005 y_min=0.46319354424967935 x_max=0.8029479625151149 y_max=0.7362557930739633,,
nutrient,D01,7,3f0224ed-602a-4eb4-a171-797c41d7ee22,,,,,,,,,,,1654,2339,595.3200073242188,842.0399780273438,True,x_min=0.32587515556880176 y_min=0.19357750730774312 x_max=1.0 y_max=0.5985464029638192,x_min=0.11729141475211609 y_min=0.06968790081231295 x_max=0.8774901451027811 y_max=0.21547669944420692,,
nutrient,D01,7,73ec0f9d-b20d-4179-835c-c61da68ad3d5,,,,,,,,,,,1654,2339,595.3200073242188,842.0399780273438,True,x_min=0.3295021124549057 y_min=0.6250733263675375 x_max=1.0 y_max=0.7339318988723021,x_min=0.1185968561064087 y_min=0.22502639162035057 x_max=0.8774118500604595 y_max=0.26421547669944423,,
nutrient,D01,7,c04bc7c4-7252-4134-b62f-76c8b63ec8be,,,,,,,,,,,1654,2339,595.3200073242188,842.0399780273438,True,x_min=0.3297936363376323 y_min=0.8978392472185562 x_max=1.0 y_max=1.0,x_min=0.11870178355501813 y_min=0.32322212056434374 x_max=0.8776564389359129 y_max=0.36041043180846516,,
nutrient,D01,7,f18399e2-9941-45ca-9059-553bdbc7729d,,,,,,,,,,,1654,2339,595.3200073242188,842.0399780273438,True,x_min=0.32587515556880176 y_min=1.0 x_max=1.0 y_max=1.0,x_min=0.11729141475211609 y_min=0.36896109448482256 x_max=0.8785786577992746 y_max=0.48051264215476697,,
nutrient,D01,7,f996f92d-c5de-46ce-a50e-46263c80fc29,,,,,,,,,,,1654,2339,595.3200073242188,842.0399780273438,True,x_min=0.6599320116349419 y_min=1.0 x_max=1.0 y_max=1.0,x_min=0.23752764812575572 y_min=0.5113296280461735 x_max=0.7758529201934704 y_max=0.5468148781530568,,
nutrient,D01,7,b4c1b898-734a-45eb-ba79-0544f7fb6548_table_remainder_para_0000,,,,,,,,,,,1654,2339,595.3200073242188,842.0399780273438,True,x_min=1.0 y_min=1.0 x_max=1.0 y_max=1.0,x_min=0.47944377267230953 y_min=0.6049593843522874 x_max=0.5060459492140266 y_max=0.6152201795639162,,
nutrient,D01,7,b4c1b898-734a-45eb-ba79-0544f7fb6548_table_remainder_para_0001,,,,,,,,,,,1654,2339,595.3200073242188,842.0399780273438,True,x_min=0.9121144818240173 y_min=1.0 x_max=0.9675468536475764 y_max=1.0,x_min=0.3282950423216445 y_min=0.6331765711842667 x_max=0.3482466747279323 y_max=0.6412997007268063,,
nutrient,D01,7,b4c1b898-734a-45eb-ba79-0544f7fb6548_table_remainder_para_0002,,,,,,,,,,,1654,2339,595.3200073242188,842.0399780273438,True,x_min=0.9121144818240173 y_min=1.0 x_max=0.9675468536475764 y_max=1.0,x_min=0.3282950423216445 y_min=0.6498503634031637 x_max=0.3482466747279323 y_max=0.6579734929457033,,
nutrient,D01,7,3b08eef8-4475-44ad-9d1b-0f6af0307af4,,,,,,,,,,,1654,2339,595.3200073242188,842.0399780273438,True,x_min=0.8061442486320352 y_min=1.0 x_max=1.0 y_max=1.0,x_min=0.290153446191052 y_min=0.6784950833689611 x_max=0.7065899032648125 y_max=0.6958026079521162,,
nutrient,D01,7,049c7978-51a9-4fa3-aae7-dd327cbfe1e4,,,,,,,,,,,1654,2339,595.3200073242188,842.0399780273438,True,x_min=0.3286449432119407 y_min=1.0 x_max=1.0 y_max=1.0,x_min=0.11828833736396614 y_min=0.7105600684053014 x_max=0.8778902116082224 y_max=0.7507481829841812,,
nutrient,D01,7,39c26a1e-a9e8-42f6-8b0d-64bdf01cef78,,,,,,,,,,,1654,2339,595.3200073242188,842.0399780273438,True,x_min=0.3279849452357833 y_min=1.0 x_max=1.0 y_max=1.0,x_min=0.11805078597339783 y_min=0.7567336468576314 x_max=0.8780400846432891 y_max=0.8656389952971356,,
nutrient,D01,7,4e5c822e-18ff-4ccc-bf1d-8a3f832309e0,,,,,,,,,,,1654,2339,595.3200073242188,842.0399780273438,True,x_min=1.0 y_min=1.0 x_max=1.0 y_max=1.0,x_min=0.8639661426844014 y_min=0.903805044890979 x_max=0.877846216444982 y_max=0.9166342744762719,,
nutrient,D01,7,3f643602-f7b0-47a5-9fd0-5a6d20def2de,,,,,,,,,,,1654,2339,595.3200073242188,842.0399780273438,True,x_min=0.4269818868384923 y_min=1.0 x_max=1.0 y_max=1.0,x_min=0.1536825030229746 y_min=0.5686736212056435 x_max=0.8559463482466747 y_max=0.662208811457888,,
nutrient,D01,7,57892ab5-e6e3-43a9-9d6c-5535a1e55720,,,,,,,,,,,1654,2339,595.3200073242188,842.0399780273438,True,x_min=1.0 y_min=0.7527733201990754 x_max=1.0 y_max=0.8722467212550203,x_min=0.4202678657799275 y_min=0.2709983882000855 x_max=0.5592717412333736 y_max=0.31400881145788795,,
nutrient,D01,8,9fbdf3bd-6dfc-4984-8ca8-65fba981e50c,,,,,,,,,,,1654,2339,595.3200073242188,842.0399780273438,True,x_min=0.32587515556880176 y_min=0.19357750730774312 x_max=1.0 y_max=0.6211106522818998,x_min=0.11729141475211609 y_min=0.06968790081231295 x_max=0.8783680169286578 y_max=0.22359982898674646,,
nutrient,D01,8,4d534f28-7841-465e-b0f6-9e694a151c42,,,,,,,,,,,1654,2339,595.3200073242188,842.0399780273438,True,x_min=0.7465562966674366 y_min=1.0 x_max=1.0 y_max=1.0,x_min=0.2687061064087062 y_min=0.47170209491235576 x_max=0.707578415961306 y_max=0.48439505899957247,,
nutrient,D01,8,56f2a107-be63-4932-9ff0-8e3c6787fbf5,,,,,,,,,,,1654,2339,595.3200073242188,842.0399780273438,True,x_min=0.3269316965757588 y_min=1.0 x_max=1.0 y_max=1.0,x_min=0.11767169286577993 y_min=0.5134672937152629 x_max=0.8782264691656589 y_max=0.5741769987174006,,
nutrient,D01,8,355530c1-1e85-4a82-b20c-ceaf5cf3e271,,,,,,,,,,,1654,2339,595.3200073242188,842.0399780273438,True,x_min=1.0 y_min=1.0 x_max=1.0 y_max=1.0,x_min=0.7128174123337364 y_min=0.5810175288584866 x_max=0.8398950423216446 y_max=0.5964087216759298,,
nutrient,D01,8,bdd74139-7dad-4e77-9f33-cbcd9e8ad38e,,,,,,,,,,,1654,2339,595.3200073242188,842.0399780273438,True,x_min=0.33091446209821623 y_min=1.0 x_max=0.36421133731847827 y_max=1.0,x_min=0.11910519951632406 y_min=0.903805044890979 x_max=0.13108965900846434 y_max=0.9169577426250535,,
nutrient,D01,8,41768527-a7bb-4119-a21d-ba39a27d258d,,,,,,,,,,,1654,2339,595.3200073242188,842.0399780273438,True,x_min=0.30275674894601784 y_min=1.0 x_max=1.0 y_max=1.0,x_min=0.10897046553808949 y_min=0.6024515604959384 x_max=0.8876814087061669 y_max=0.8614144634459171,,
nutrient,D01,8,e517d2e6-2e2f-4073-ad5f-375fc42b96cf,,,,,,,,,,,1654,2339,595.3200073242188,842.0399780273438,True,x_min=0.37570659015024316 y_min=0.7070203500250761 x_max=1.0 y_max=1.0,x_min=0.1352271160822249 y_min=0.2545273193672509 x_max=0.8783809854897219 y_max=0.45612289012398455,,
nutrient,D01,9,709ee74a-c1a8-427d-a3d9-59236e5d16c2,,,,,,,,,,,1654,2339,595.3200073242188,842.0399780273438,True,x_min=0.8382046527259386 y_min=0.19294784599256173 x_max=1.0 y_max=0.23989359445050057,x_min=0.30169286577992743 y_min=0.06946122274476271 x_max=0.6924593470374849 y_max=0.08636169174861053,,
nutrient,D01,9,42a5a936-84ce-4823-9d0c-4046d3d8ea9e,,,,,,,,,,,1654,2339,595.3200073242188,842.0399780273438,True,x_min=0.45970200334784983 y_min=0.2826469125106924 x_max=1.0 y_max=0.32896300321622607,x_min=0.16545937122128174 y_min=0.10175288584865327 x_max=0.877794377267231 y_max=0.11842667806755024,,
nutrient,D01,9,a72032b4-3293-4974-94b9-10fe0b0ba0ad,,,,,,,,,,,1654,2339,595.3200073242188,842.0399780273438,True,x_min=0.40654397134714615 y_min=1.0 x_max=1.0 y_max=1.0,x_min=0.1463263361547763 y_min=0.4059661393758016 x_max=0.36987397823458285 y_max=0.4383095532278751,,
nutrient,D01,9,f3a975af-2c4c-41f4-9227-1b1a3021aba9,,,,,,,,,,,1654,2339,595.3200073242188,842.0399780273438,True,x_min=1.0 y_min=0.34227503149576216 x_max=1.0 y_max=1.0,x_min=0.407496977025393 y_min=0.12321900812312953 x_max=0.8779419407496976 y_max=0.37109878580589994,,
nutrient,D01,9,d1f7973d-92ca-4be3-a5c0-837975759d15,,,,,,,,,,,1654,2339,595.3200073242188,842.0399780273438,True,x_min=1.0 y_min=1.0 x_max=1.0 y_max=1.0,x_min=0.4081354292623942 y_min=0.37708422402736214 x_max=0.8774588029020556 y_max=0.4622231765711843,,
nutrient,D01,9,14978b4e-303e-4990-963c-96863b3644a9,,,,,,,,,,,1654,2339,595.3200073242188,842.0399780273438,True,x_min=0.6282335473336694 y_min=1.0 x_max=1.0 y_max=1.0,x_min=0.22611850060459493 y_min=0.5014963659683626 x_max=0.76883446191052 y_max=0.5181701581872595,,
nutrient,D01,9,8e8ef70d-e827-45b0-a017-e40cae7d6810,,,,,,,,,,,1654,2339,595.3200073242188,842.0399780273438,True,x_min=0.7542162105690309 y_min=1.0 x_max=1.0 y_max=1.0,x_min=0.2714631197097944 y_min=0.5382642154766994 x_max=0.7233917775090689 y_max=0.5551693621205643,,
nutrient,D01,9,dc7599fd-3252-42cc-9101-b110e6699ed9,,,,,,,,,,,1654,2339,595.3200073242188,842.0399780273438,True,x_min=0.32791389101371854 y_min=1.0 x_max=1.0 y_max=1.0,x_min=0.11802521160822248 y_min=0.5715813595553655 x_max=0.8774923821039903 y_max=0.6369147071398032,,
nutrient,D01,9,4b23b2ab-9634-4222-8011-3a23bac708ed,,,,,,,,,,,1654,2339,595.3200073242188,842.0399780273438,True,x_min=0.59127863278463 y_min=1.0 x_max=1.0 y_max=1.0,x_min=0.21281741233373638 y_min=0.8161607524583155 x_max=0.7820607255139057 y_max=0.85866830696879,,
nutrient,D01,9,d4c4c594-76b7-4874-a210-db5c8db38370,,,,,,,,,,,1654,2339,595.3200073242188,842.0399780273438,True,x_min=1.0 y_min=1.0 x_max=1.0 y_max=1.0,x_min=0.8639661426844014 y_min=0.903805044890979 x_max=0.8775970568319227 y_max=0.9169847768277042,,
nutrient,D01,9,038bcf62-f263-45a8-92e3-32043db8dad2,,,,,,,,,,,1654,2339,595.3200073242188,842.0399780273438,True,x_min=0.39385150358688675 y_min=0.34924905903986686 x_max=1.0 y_max=1.0,x_min=0.1417579685610641 y_min=0.12572965797349295 x_max=0.3767002720677146 y_max=0.39330926464300986,,
nutrient,D01,9,b8513fc4-91a7-4987-b823-d5a8d99b1d6c,,,,,,,,,,,1654,2339,595.3200073242188,842.0399780273438,True,x_min=0.4050336743825922 y_min=1.0 x_max=1.0 y_max=1.0,x_min=0.14578273881499396 y_min=0.6595232578024797 x_max=0.854368954050786 y_max=0.7782759598118855,,
nutrient,D01,10,087ffd8a-0e63-435b-8f6b-b470e65063be,,,,,,,,,,,1654,2339,595.3200073242188,842.0399780273438,True,x_min=0.32587515556880176 y_min=0.19351426803004904 x_max=1.0 y_max=1.0,x_min=0.11729141475211609 y_min=0.06966513467293715 x_max=0.8785605804111246 y_max=0.3675219666524156,,
nutrient,D01,10,54f361ad-6e28-4981-b43c-782189756cc7,,,,,,,,,,,1654,2339,595.3200073242188,842.0399780273438,True,x_min=0.32771146207043195 y_min=1.0 x_max=1.0 y_max=1.0,x_min=0.11795235187424426 y_min=0.37366395895681914 x_max=0.8784144437726723 y_max=0.4588802052159042,,
nutrient,D01,10,08e31323-4270-4573-b40f-cdc2f8ee14db,,,,,,,,,,,1654,2339,595.3200073242188,842.0399780273438,True,x_min=0.6600882637327306 y_min=1.0 x_max=1.0 y_max=1.0,x_min=0.23758388754534462 y_min=0.48837319367250964 x_max=0.8401230229746071 y_max=0.5283231680205216,,
nutrient,D01,10,25b25c04-4237-43c8-968a-846f551fedfb,,,,,,,,,,,1654,2339,595.3200073242188,842.0399780273438,True,x_min=0.4602566630198541 y_min=1.0 x_max=1.0 y_max=1.0,x_min=0.1656590084643289 y_min=0.8349722103463019 x_max=0.8774986094316808 y_max=0.8521846464300984,,
nutrient,D01,10,fb247f7c-cb76-4acc-82ae-6d4113cd9c21,,,,,,,,,,,1654,2339,595.3200073242188,842.0399780273438,True,x_min=0.33427399978449257 y_min=1.0 x_max=0.3988633626934044 y_max=1.0,x_min=0.12031438935912939 y_min=0.903805044890979 x_max=0.14356187424425637 y_max=0.9171182761864044,,
nutrient,D01,10,88048a89-ddd7-4d81-a351-1ee660c80e39,,,,,,,,,,,1654,2339,595.3200073242188,842.0399780273438,True,x_min=0.30177190047328595 y_min=1.0 x_max=1.0 y_max=1.0,x_min=0.1086159915356711 y_min=0.5403898674647285 x_max=0.8877801390568318 y_max=0.8105858486532707,,
nutrient,D01,11,fa3a1150-7cd2-43dc-8a01-6b62bd73f9ac,,,,,,,,,,,1654,2339,595.3200073242188,842.0399780273438,True,x_min=0.32711171740267797 y_min=0.192277640284132 x_max=1.0 y_max=0.4310959211822746,x_min=0.11773648730350665 y_min=0.06921994869602395 x_max=0.8777670798065296 y_max=0.15519452757588714,,
nutrient,D01,11,56941eac-e998-4080-af0c-bf306bb62627,,,,,,,,,,,1654,2339,595.3200073242188,842.0399780273438,True,x_min=0.32900065106216364 y_min=0.4477222101534918 x_max=1.0 y_max=0.5582861648698755,x_min=0.11841636638452237 y_min=0.1611799914493373 x_max=0.8778746493349456 y_max=0.2009830141085934,,
nutrient,D01,11,2c47e19b-1611-4fff-bd66-e6266a772bcb,,,,,,,,,,,1654,2339,595.3200073242188,842.0399780273438,True,x_min=0.3270282496888624 y_min=0.5749175367351497 x_max=1.0 y_max=0.9500700333423142,x_min=0.11770644498186215 y_min=0.20697030782385634 x_max=0.8777762756952843 y_max=0.3420252030782385,,
nutrient,D01,11,e38c30c3-6c10-4dfa-a8da-b9dfa23f105e,,,,,,,,,,,1654,2339,595.3200073242188,842.0399780273438,True,x_min=0.3280022468548676 y_min=1.0 x_max=1.0 y_max=1.0,x_min=0.11805701330108827 y_min=0.3805044890979051 x_max=0.8780614873035066 y_max=0.4467721248396751,,
nutrient,D01,11,19b7e520-ddcb-44e2-9391-844f5ec27698,,,,,,,,,,,1654,2339,595.3200073242188,842.0399780273438,True,x_min=0.6603868090492215 y_min=1.0 x_max=1.0 y_max=1.0,x_min=0.23769134220072552 y_min=0.4754168448054724 x_max=0.8399348972188634 y_max=0.5157559940145362,,
nutrient,D01,11,b4226348-c261-4634-b567-ab589d1be95a,,,,,,,,,,,1654,2339,595.3200073242188,842.0399780273438,True,x_min=1.0 y_min=1.0 x_max=1.0 y_max=1.0,x_min=0.8536880290205562 y_min=0.903805044890979 x_max=0.87538030834341 y_max=0.9166699717828133,,
nutrient,D01,11,ddecdbeb-0ce8-4a9b-aa27-ffee8760a900,,,,,,,,,,,1654,2339,595.3200073242188,842.0399780273438,True,x_min=0.3023569807590394 y_min=1.0 x_max=1.0 y_max=1.0,x_min=0.10882657799274485 y_min=0.5286622488242838 x_max=0.888098585247884 y_max=0.7986104916631038,,
nutrient,D01,11,78c0ba78-a1ec-48af-a28c-e4695702ea0f,,,,,,,,,,,1654,2339,595.3200073242188,842.0399780273438,True,x_min=0.998275117060429 y_min=0.9696432726540761 x_max=1.0 y_max=1.0,x_min=0.3593066203143893 y_min=0.3490715690466011 x_max=0.6638901753325271 y_max=0.3703781872595126,,
nutrient,D01,12,4a2b8d80-9c76-48f1-a826-4a1d9abcfb23,,,,,,,,,,,1654,2339,595.3200073242188,842.0399780273438,True,x_min=0.7542162105690309 y_min=0.1922677832699562 x_max=1.0 y_max=0.23989360276364508,x_min=0.2714631197097944 y_min=0.06921640017101326 x_max=0.7236066142684401 y_max=0.08636169474134246,,
nutrient,D01,12,cb21dae0-99fc-493f-9da6-eac123418fa9,,,,,,,,,,,1654,2339,595.3200073242188,842.0399780273438,True,x_min=0.3271535436468721 y_min=0.28261717520527535 x_max=1.0 y_max=0.5189777343158513,x_min=0.11775154171704959 y_min=0.10174218041898248 x_max=0.8779178053204354 y_max=0.18683197947840957,,
nutrient,D01,12,16759a93-deac-46f3-883b-fe59d1c52fe2,,,,,,,,,,,1654,2339,595.3200073242188,842.0399780273438,True,x_min=0.4602566630198541 y_min=0.537996023729516 x_max=1.0 y_max=0.584787977826879,x_min=0.1656590084643289 y_min=0.19367856348867038 x_max=0.6415681983071343 y_max=0.2105236665241556,,
nutrient,D01,12,c9310025-55f1-4502-9b74-9a963138d017,,,,,,,,,,,1654,2339,595.3200073242188,842.0399780273438,True,x_min=0.3289032076715732 y_min=0.6018894390113412 x_max=1.0 y_max=0.7113676495542217,x_min=0.1183812938331318 y_min=0.21668019238991024 x_max=0.8776667835550181 y_max=0.25609234715690465,,
nutrient,D01,12,5bbe652d-76d3-47ef-93d1-244cec37c52b,,,,,,,,,,,1654,2339,595.3200073242188,842.0399780273438,True,x_min=0.3275400584576782 y_min=0.7308858439735683 x_max=1.0 y_max=0.9768472180228114,x_min=0.11789065900846434 y_min=0.26311889696451474 x_max=0.8778266324062878 y_max=0.3516649893116716,,
nutrient,D01,12,a8db53aa-6932-4eec-b83f-1df367ef90cf,,,,,,,,,,,1654,2339,595.3200073242188,842.0399780273438,True,x_min=0.32587515556880176 y_min=0.9936578094072746 x_max=1.0 y_max=1.0,x_min=0.11729141475211609 y_min=0.35771680205215906 x_max=0.8773902055622733 y_max=0.39742553227875166,,
nutrient,D01,12,f384be28-975e-4447-9c18-cc56ca8f1c51,,,,,,,,,,,1654,2339,595.3200073242188,842.0399780273438,True,x_min=0.3269506611659978 y_min=1.0 x_max=1.0 y_max=1.0,x_min=0.11767851874244256 y_min=0.4365113296280462 x_max=0.8775104413542927 y_max=0.5019913253527148,,
nutrient,D01,12,476321b3-5b54-42ce-a676-b2b245c577da,,,,,,,,,,,1654,2339,595.3200073242188,842.0399780273438,True,x_min=1.0 y_min=1.0 x_max=1.0 y_max=1.0,x_min=0.7128174123337364 y_min=0.5287536554082941 x_max=0.8336323337363967 y_max=0.5430350470286447,,
nutrient,D01,12,7f18b131-341f-4f23-b9ce-1dc886274c24,,,,,,,,,,,1654,2339,595.3200073242188,842.0399780273438,True,x_min=0.7542162105690309 y_min=1.0 x_max=1.0 y_max=1.0,x_min=0.2714631197097944 y_min=0.7055716973065412 x_max=0.7235332527206773 y_max=0.7227450961949552,,
nutrient,D01,12,ee1cfc6a-e576-400b-afca-83d891a8d6cd,,,,,,,,,,,1654,2339,595.3200073242188,842.0399780273438,True,x_min=0.32587515556880176 y_min=1.0 x_max=1.0 y_max=1.0,x_min=0.11729141475211609 y_min=0.7379221889696451 x_max=0.8779440145102781 y_max=0.8465820436083797,,
nutrient,D01,12,2da2ac4c-e23a-40a3-ae1a-d4ea776191ba,,,,,,,,,,,1654,2339,595.3200073242188,842.0399780273438,True,x_min=0.4602566630198541 y_min=1.0 x_max=1.0 y_max=1.0,x_min=0.1656590084643289 y_min=0.8529286019666524 x_max=0.8775097944377267 y_max=0.8700198033347585,,
nutrient,D01,12,8d1e37aa-d290-4770-a389-f991b84ee6c7,,,,,,,,,,,1654,2339,595.3200073242188,842.0399780273438,True,x_min=0.33427399978449257 y_min=1.0 x_max=0.3982915290647479 y_max=1.0,x_min=0.12031438935912939 y_min=0.903805044890979 x_max=0.14335605562273276 y_max=0.9169956318939717,,
nutrient,D01,12,363bc3e2-6645-4001-ad8f-d4b6263fab22,,,,,,,,,,,1654,2339,595.3200073242188,842.0399780273438,True,x_min=0.30360593928697793 y_min=1.0 x_max=1.0 y_max=1.0,x_min=0.10927611245465539 y_min=0.5544546814878153 x_max=0.888130223700121 y_max=0.689924967935015,,
nutrient,D01,12,fe71c32a-42bb-450b-b5af-161e5cb0ea6a,,,,,,,,,,,1654,2339,595.3200073242188,842.0399780273438,True,x_min=0.9988392674263971 y_min=1.0 x_max=1.0 y_max=1.0,x_min=0.35950967351874247 y_min=0.4036104318084652 x_max=0.6638973881499395 y_max=0.4256885361265498,,
nutrient,D01,13,9aa1c3dc-8487-4908-b886-6cbcbb017c6d,,,,,,,,,,,1654,2339,595.3200073242188,842.0399780273438,True,x_min=0.3270929207893232 y_min=0.19550380539610696 x_max=1.0 y_max=0.6223163195025683,x_min=0.11772972188633617 y_min=0.07038136810602821 x_max=0.8783733131801692 y_max=0.22403386917486104,,
nutrient,D01,13,7e03a063-7aa8-4825-afff-8c8acffd23ef,,,,,,,,,,,1654,2339,595.3200073242188,842.0399780273438,True,x_min=0.4602566630198541 y_min=0.6389245333224896 x_max=1.0 y_max=0.685425967959514,x_min=0.1656590084643289 y_min=0.23001282599401454 x_max=0.6405932648125755 y_max=0.24675334202650706,,
nutrient,D01,13,f7cffb2f-42d9-46e3-9ed2-a7cb118f5cf3,,,,,,,,,,,1654,2339,595.3200073242188,842.0399780273438,True,x_min=0.33001818783658304 y_min=0.7018669129992404 x_max=1.0 y_max=0.8123129754508975,x_min=0.11878260580411125 y_min=0.2526720820863617 x_max=0.877638107617896 y_max=0.29243266353142366,,
nutrient,D01,13,ba4b1102-b417-4b2b-b607-bcadfa814d57,,,,,,,,,,,1654,2339,595.3200073242188,842.0399780273438,True,x_min=0.3274400282230693 y_min=0.8319797376381226 x_max=1.0 y_max=1.0,x_min=0.1178546553808948 y_min=0.2995126977340744 x_max=0.8776900241837969 y_max=0.3880027148353998,,
nutrient,D01,13,7d14d8b3-9e33-4f75-9caf-98881b3980c0,,,,,,,,,,,1654,2339,595.3200073242188,842.0399780273438,True,x_min=0.32587515556880176 y_min=1.0 x_max=1.0 y_max=1.0,x_min=0.11729141475211609 y_min=0.3937580162462591 x_max=0.8772377871825876 y_max=0.43394613082513894,,
nutrient,D01,13,b9d98fe8-faea-44c5-9151-1b55cb3c6697,,,,,,,,,,,1654,2339,595.3200073242188,842.0399780273438,True,x_min=0.327697872740491 y_min=1.0 x_max=1.0 y_max=1.0,x_min=0.11794746070133011 y_min=0.47327917913638307 x_max=0.8776725513905683 y_max=0.5385819410004276,,
nutrient,D01,13,affc97ce-22d0-4329-a50d-1be0cd9bcd32,,,,,,,,,,,1654,2339,595.3200073242188,842.0399780273438,True,x_min=1.0 y_min=1.0 x_max=1.0 y_max=1.0,x_min=0.7128174123337364 y_min=0.5669089354424968 x_max=0.817478754534462 y_max=0.5797349294570329,,
nutrient,D01,13,817fc0d0-096f-4427-9697-0f84265ddb36,,,,,,,,,,,1654,2339,595.3200073242188,842.0399780273438,True,x_min=0.7542162105690309 y_min=1.0 x_max=1.0 y_max=1.0,x_min=0.2714631197097944 y_min=0.7447627191107311 x_max=0.7233202539298671 y_max=0.7620401303976059,,
nutrient,D01,13,689717fa-096a-4631-a341-345b9cafd05b,,,,,,,,,,,1654,2339,595.3200073242188,842.0399780273438,True,x_min=0.3285310884797528 y_min=1.0 x_max=1.0 y_max=1.0,x_min=0.11824735792019347 y_min=0.7781103035485251 x_max=0.878110477629988 y_max=0.8630174348011971,,
nutrient,D01,13,7b1dcdda-a3c1-4a2d-aa3f-e377caf89506,,,,,,,,,,,1654,2339,595.3200073242188,842.0399780273438,True,x_min=1.0 y_min=1.0 x_max=1.0 y_max=1.0,x_min=0.8536880290205562 y_min=0.903805044890979 x_max=0.8775867243047158 y_max=0.9169913522873022,,
nutrient,D01,13,b3a71495-4fbd-4418-963d-30d31fb15d1f,,,,,,,,,,,1654,2339,595.3200073242188,842.0399780273438,True,x_min=0.3018695286384491 y_min=1.0 x_max=1.0 y_max=1.0,x_min=0.10865113059250302 y_min=0.5841974775545105 x_max=0.8878073579201935 y_max=0.7197824198375374,,
nutrient,D01,13,6363052a-d8ac-49a0-a689-635be601d6ec,,,,,,,,,,,1654,2339,595.3200073242188,842.0399780273438,True,x_min=0.9998637584438269 y_min=1.0 x_max=1.0 y_max=1.0,x_min=0.3598784159613059 y_min=0.4404452330055579 x_max=0.6643136638452236 y_max=0.46212510902094905,,
nutrient,D01,14,68091345-cd2f-4295-9e37-d86cc1e569b0,,,,,,,,,,,1654,2339,595.3200073242188,842.0399780273438,True,x_min=0.3292502311168771 y_min=0.1933807233018481 x_max=1.0 y_max=0.23989359207531644,x_min=0.11850619709794438 y_min=0.06961705857203934 x_max=0.8140901148730351 y_max=0.08636169089354426,,
nutrient,D01,14,1af5b6f0-a6b8-414b-b1f0-7ef7f0f65965,,,,,,,,,,,1654,2339,595.3200073242188,842.0399780273438,True,x_min=0.32802253846249274 y_min=0.2599330503437124 x_max=1.0 y_max=0.5580413783925364,x_min=0.11806431680773881 y_min=0.09357589568191535 x_max=0.8783375937122128 y_max=0.20089489097905086,,
nutrient,D01,14,2885e2ee-1b99-40bf-86df-646b083b43a6,,,,,,,,,,,1654,2339,595.3200073242188,842.0399780273438,True,x_min=0.4602566630198541 y_min=0.5741181685132549 x_max=1.0 y_max=0.6211106522818998,x_min=0.1656590084643289 y_min=0.20668253527148353 x_max=0.8327275090689239 y_max=0.22359982898674646,,
nutrient,D01,14,09a12995-3d89-406f-8d17-2c3f1bf64926,,,,,,,,,,,1654,2339,595.3200073242188,842.0399780273438,True,x_min=1.0 y_min=0.6911785843748866 x_max=1.0 y_max=0.7268063464560662,x_min=0.6759371221281741 y_min=0.24882428388200087 x_max=0.7784905743651753 y_max=0.261650277896537,,
nutrient,D01,14,b30db798-1b00-4f8e-926e-3a025d1532a7,,,,,,,,,,,1654,2339,595.3200073242188,842.0399780273438,True,x_min=0.3291169246614857 y_min=1.0 x_max=1.0 y_max=1.0,x_min=0.11845821644498186 y_min=0.5166221889696452 x_max=0.8776986033857316 y_max=0.5562206199230441,,
nutrient,D01,14,89bb0460-b605-4020-a415-76852df3381c,,,,,,,,,,,1654,2339,595.3200073242188,842.0399780273438,True,x_min=0.3269389027840959 y_min=1.0 x_max=1.0 y_max=1.0,x_min=0.11767428657799275 y_min=0.5633470713980333 x_max=0.8782544558645708 y_max=0.6513172295852929,,
nutrient,D01,14,fcff9d60-f16f-4f8e-90ec-ed475dfe498f,,,,,,,,,,,1654,2339,595.3200073242188,842.0399780273438,True,x_min=0.32587515556880176 y_min=1.0 x_max=1.0 y_max=1.0,x_min=0.11729141475211609 y_min=0.6571184266780675 x_max=0.8775233373639661 y_max=0.6970054638734502,,
nutrient,D01,14,9666a0ec-5b22-45c7-8faf-cde374d94431,,,,,,,,,,,1654,2339,595.3200073242188,842.0399780273438,True,x_min=0.3275181206765868 y_min=1.0 x_max=1.0 y_max=1.0,x_min=0.11788276299879082 y_min=0.735356990166738 x_max=0.8774981197097945 y_max=0.8020673963232151,,
nutrient,D01,14,2ceddb89-7902-4fb8-9fd3-0db7559a66f0,,,,,,,,,,,1654,2339,595.3200073242188,842.0399780273438,True,x_min=0.33427399978449257 y_min=1.0 x_max=0.39810521582374236 y_max=1.0,x_min=0.12031438935912939 y_min=0.903805044890979 x_max=0.14328899637243048 y_max=0.9166310389055152,,
nutrient,D01,14,c6fc965a-ed56-4c30-b15d-763d50878401,,,,,,,,,,,1654,2339,595.3200073242188,842.0399780273438,True,x_min=0.6855553231519903 y_min=0.8094558664504008 x_max=1.0 y_max=1.0,x_min=0.24675018137847643 y_min=0.29140410431808467 x_max=0.7387799637243048 y_max=0.49115505344164173,,
nutrient,D01,14,8b63dc0c-ccb8-4b74-a685-e37c43f09e55,,,,,,,,,,,1654,2339,595.3200073242188,842.0399780273438,True,x_min=0.9994407254583711 y_min=1.0 x_max=1.0 y_max=1.0,x_min=0.3597261547762999 y_min=0.7038894826849081 x_max=0.6638954836759371 y_max=0.725586789226165,,
nutrient,D01,15,71cfdc14-fe8e-4a97-8212-89baf206a323,,,,,,,,,,,1654,2339,595.3200073242188,842.0399780273438,True,x_min=0.8062890447063137 y_min=0.1875930527313639 x_max=1.0 y_max=0.3028359824403959,x_min=0.29020556227327693 y_min=0.06753349722103463 x_max=0.7055633010882709 y_max=0.10902095083368961,,
nutrient,D01,15,ab8e92fa-4691-495d-84e7-448a67a5f1d8,,,,,,,,,,,1654,2339,595.3200073242188,842.0399780273438,True,x_min=0.32587515556880176 y_min=0.34307548042644004 x_max=1.0 y_max=1.0,x_min=0.11729141475211609 y_min=0.12350716973065412 x_max=0.8787478234582831 y_max=0.39333047028644724,,
nutrient,D01,15,263c92bc-ea8d-4914-a8ec-0e9985fb1f8d,,,,,,,,,,,1654,2339,595.3200073242188,842.0399780273438,True,x_min=0.32587515556880176 y_min=1.0 x_max=1.0 y_max=1.0,x_min=0.11729141475211609 y_min=0.3993058144506199 x_max=0.8789819830713422 y_max=0.7159082941427961,,
nutrient,D01,15,e37394ee-24cc-4ae1-8f6b-bbe2d966bede,,,,,,,,,,,1654,2339,595.3200073242188,842.0399780273438,True,x_min=0.3278120634264475 y_min=1.0 x_max=1.0 y_max=1.0,x_min=0.11798856106408706 y_min=0.7209179991449337 x_max=0.8782102660217654 y_max=0.8268064001710133,,
nutrient,D01,15,130af84e-a35a-4d2f-a80b-a5ef4ab89927,,,,,,,,,,,1654,2339,595.3200073242188,842.0399780273438,True,x_min=1.0 y_min=1.0 x_max=1.0 y_max=1.0,x_min=0.8536880290205562 y_min=0.9019069260367679 x_max=0.8781030507859734 y_max=0.9175458084651561,,
nutrient,D01,16,ffda3dd8-359e-41ee-8ab7-da51bff5791b,,,,,,,,,,,1654,2339,595.3200073242188,842.0399780273438,True,x_min=0.3291398535061945 y_min=0.19283336211707422 x_max=1.0 y_max=0.4415703525990138,x_min=0.11846646916565902 y_min=0.06942000855066267 x_max=0.8784908343409916 y_max=0.15896532278751602,,
nutrient,D01,16,1b66b50b-165c-4735-a560-bfa2a6b0deee,,,,,,,,,,,1654,2339,595.3200073242188,842.0399780273438,True,x_min=0.32961091108287577 y_min=0.5498551281195403 x_max=1.0 y_max=0.6614887826405701,x_min=0.11863601571946795 y_min=0.19794784095767423 x_max=0.878049800483676 y_max=0.2381359555365541,,
nutrient,D01,16,5cc7982a-e2b5-4b47-b04c-21f5501d5a47,,,,,,,,,,,1654,2339,595.3200073242188,842.0399780273438,True,x_min=0.32760172277190974 y_min=0.6776509606310764 x_max=1.0 y_max=1.0,x_min=0.11791285368802902 y_min=0.24395433946130823 x_max=0.8782997339782346 y_max=0.3947194527575887,,
nutrient,D01,16,74ba0fd2-121d-4e21-b504-c639fa0d45ce,,,,,,,,,,,1654,2339,595.3200073242188,842.0399780273438,True,x_min=0.32771137808198986 y_min=1.0 x_max=1.0 y_max=1.0,x_min=0.11795232164449819 y_min=0.40444634459170586 x_max=0.878170338573156 y_max=0.512817015818726,,
nutrient,D01,16,cf175d77-861b-4d50-ad1b-00e1e7fcd601,,,,,,,,,,,1654,2339,595.3200073242188,842.0399780273438,True,x_min=0.4058186303629906 y_min=1.0 x_max=1.0 y_max=1.0,x_min=0.14606526602176542 y_min=0.5335613510047028 x_max=0.8503011789600967 y_max=0.5503291363830697,,
nutrient,D01,16,f77ada4d-5b6a-47ea-a943-b56913de541a,,,,,,,,,,,1654,2339,595.3200073242188,842.0399780273438,True,x_min=0.6041118315785675 y_min=1.0 x_max=1.0 y_max=1.0,x_min=0.21743643288996373 y_min=0.5703292005130398 x_max=0.7786665054413544 y_max=0.587467370671227,,
nutrient,D01,16,5268dbd9-0be0-42ef-b111-eaa68af5dc8d,,,,,,,,,,,1654,2339,595.3200073242188,842.0399780273438,True,x_min=0.32838992070617545 y_min=1.0 x_max=1.0 y_max=1.0,x_min=0.11819654776299879 y_min=0.6036507054296708 x_max=0.8781148065296253 y_max=0.7117426378794357,,
nutrient,D01,16,36e29d9c-837d-4cc1-9aaa-828583e14af0,,,,,,,,,,,1654,2339,595.3200073242188,842.0399780273438,True,x_min=0.34046337685005 y_min=1.0 x_max=1.0 y_max=1.0,x_min=0.12254211608222491 y_min=0.7174005985463874 x_max=0.8776233131801693 y_max=0.7583835014963659,,
nutrient,D01,16,f0b2d93c-f9e6-4427-bc4e-3fdd704cdc7d,,,,,,,,,,,1654,2339,595.3200073242188,842.0399780273438,True,x_min=0.32942385202450386 y_min=1.0 x_max=1.0 y_max=1.0,x_min=0.11856868802902056 y_min=0.7674219752030782 x_max=0.8775791475211607 y_max=0.8294749764856776,,
nutrient,D01,16,c30a26aa-5260-4c03-b66a-cd3a0dcc03fa,,,,,,,,,,,1654,2339,595.3200073242188,842.0399780273438,True,x_min=0.33427399978449257 y_min=1.0 x_max=0.39891459900265774 y_max=1.0,x_min=0.12031438935912939 y_min=0.903805044890979 x_max=0.14358031559854897 y_max=0.9168837383497221,,
nutrient,D01,16,b2cf5df6-d818-4f12-8001-1d4e8cf1b993,,,,,,,,,,,1654,2339,595.3200073242188,842.0399780273438,True,x_min=1.0 y_min=0.4661944328577384 x_max=1.0 y_max=0.5292495268977934,x_min=0.3617343712212817 y_min=0.16782999144933733 x_max=0.801225906892382 y_max=0.19052982471141514,,
nutrient,D01,17,f8a8a947-3394-4f77-9b65-e10f3b81d420,,,,,,,,,,,1654,2339,595.3200073242188,842.0399780273438,True,x_min=0.33091446209821623 y_min=0.19357750730774312 x_max=1.0 y_max=0.3147118983837542,x_min=0.11910519951632406 y_min=0.06968790081231295 x_max=0.8776451027811366 y_max=0.11329628046173579,,
nutrient,D01,17,3efb2c66-88a8-4041-9da2-84dd3e98fc36,,,,,,,,,,,1654,2339,595.3200073242188,842.0399780273438,True,x_min=0.327168611173395 y_min=0.4793378111875029 x_max=0.9780166008815301 y_max=0.5261032712933902,x_min=0.11775696493349455 y_min=0.17256160752458316 x_max=0.3520150241837968 y_max=0.18939717272338605,,
nutrient,D01,17,d66c3ca4-bd23-4cd3-9342-27ba25be5821,,,,,,,,,,,1654,2339,595.3200073242188,842.0399780273438,True,x_min=0.3285734018569115 y_min=0.7413054917681472 x_max=1.0 y_max=0.7920525098611675,x_min=0.11826258766626362 y_min=0.2668699700726806 x_max=0.43754963119709794 y_max=0.2851388961094484,,
nutrient,D01,17,2543542e-9dd3-4640-9a5a-d0b79468266f,,,,,,,,,,,1654,2339,595.3200073242188,842.0399780273438,True,x_min=0.4687681861295425 y_min=0.8145503989095957 x_max=1.0 y_max=0.8645850363370265,x_min=0.16872253929866987 y_min=0.29323813595553655 x_max=0.4370976299879081 y_max=0.31125060495938434,,
nutrient,D01,17,7a104e41-53c2-4228-9f80-9ef6470483dd,,,,,,,,,,,1654,2339,595.3200073242188,842.0399780273438,True,x_min=0.4738034948091103 y_min=0.88802291994706 x_max=1.0 y_max=0.9387585585328716,x_min=0.17053488512696494 y_min=0.31968824283882 x_max=0.7003841596130593 y_max=0.3379530722530996,,
nutrient,D01,17,b3e5ed67-b3cd-4c58-aa96-79dccf215c0c,,,,,,,,,,,1654,2339,595.3200073242188,842.0399780273438,True,x_min=0.470335276078683 y_min=0.9609274156977434 x_max=1.0 y_max=1.0,x_min=0.16928657799274485 y_min=0.3459338606241984 x_max=0.6426452237001209 y_max=0.36443680205215906,,
nutrient,D01,17,8223a1c1-3095-4be1-9622-97d08892c839,,,,,,,,,,,1654,2339,595.3200073242188,842.0399780273438,True,x_min=0.47281285113386956 y_min=1.0 x_max=1.0 y_max=1.0,x_min=0.1701783252720677 y_min=0.3724874604531851 x_max=0.8262237908101573 y_max=0.39028235271483536,,
nutrient,D01,17,bad5162b-e120-4984-b80f-1a572f196169,,,,,,,,,,,1654,2339,595.3200073242188,842.0399780273438,True,x_min=0.4726987108409783 y_min=1.0 x_max=1.0 y_max=1.0,x_min=0.17013724304715838 y_min=0.3997434801197093 x_max=0.4338115719467956 y_max=0.4206095968362548,,
nutrient,D01,17,92b9ae01-034e-4a5f-8adb-603beb71d81e,,,,,,,,,,,1654,2339,595.3200073242188,842.0399780273438,True,x_min=0.47225731798206694 y_min=1.0 x_max=1.0 y_max=1.0,x_min=0.16997837363966142 y_min=0.42907815305686187 x_max=0.7053841172914147 y_max=0.44745717186831985,,
nutrient,D01,17,3bc0f54e-a9ba-4c95-a42d-0ad6f8125dde,,,,,,,,,,,1654,2339,595.3200073242188,842.0399780273438,True,x_min=0.32587515556880176 y_min=1.0 x_max=1.0 y_max=1.0,x_min=0.11729141475211609 y_min=0.4553227875160325 x_max=0.8785863966142685 y_max=0.6629675716117999,,
nutrient,D01,17,3a5be97b-f84b-408c-8fd6-c07380faff07,,,,,,,,,,,1654,2339,595.3200073242188,842.0399780273438,True,x_min=0.4602566630198541 y_min=1.0 x_max=1.0 y_max=1.0,x_min=0.1656590084643289 y_min=0.6687170585720393 x_max=0.6311179806529625 y_max=0.6859528230012826,,
nutrient,D01,17,8bde0cd7-7a4c-4ad2-ac0c-81aed3ee26bf,,,,,,,,,,,1654,2339,595.3200073242188,842.0399780273438,True,x_min=0.4602566630198541 y_min=1.0 x_max=1.0 y_max=1.0,x_min=0.1656590084643289 y_min=0.7233860624198375 x_max=0.6421027569528417 y_max=0.7412823843522872,,
nutrient,D01,17,e07fac5a-0fb8-4f21-8ece-1bb4cf9891cc,,,,,,,,,,,1654,2339,595.3200073242188,842.0399780273438,True,x_min=0.4602566630198541 y_min=1.0 x_max=1.0 y_max=1.0,x_min=0.1656590084643289 y_min=0.8029072253099615 x_max=0.6859847642079806 y_max=0.8189614805472425,,
nutrient,D01,17,0b14bb60-d2f0-4533-afbe-4a44f2d4f143,,,,,,,,,,,1654,2339,595.3200073242188,842.0399780273438,True,x_min=0.4602566630198541 y_min=1.0 x_max=0.9971863076939955 y_max=1.0,x_min=0.1656590084643289 y_min=0.8255664814023087 x_max=0.3589147279322854 y_max=0.8417317956391621,,
nutrient,D01,17,fce18bb6-7c97-435e-aa1f-fc3e4f93d4e8,,,,,,,,,,,1654,2339,595.3200073242188,842.0399780273438,True,x_min=1.0 y_min=1.0 x_max=1.0 y_max=1.0,x_min=0.8536880290205562 y_min=0.903805044890979 x_max=0.8777930773881499 y_max=0.9167676699444206,,
nutrient,D01,17,4ead7cca-2ef5-47f0-ab7e-caf8f012fc8a,,,,,,,,,,,1654,2339,595.3200073242188,842.0399780273438,True,x_min=0.837141157475971 y_min=0.3389781690278975 x_max=1.0 y_max=0.4537371502182918,x_min=0.301310084643289 y_min=0.1220321376656691 x_max=0.8609208766626361 y_max=0.16334536981616074,,
nutrient,D01,17,dc0a3e77-df0b-48a6-9afc-40da1d00284b,,,,,,,,,,,1654,2339,595.3200073242188,842.0399780273438,True,x_min=0.865654763252965 y_min=0.5442081278296733 x_max=1.0 y_max=0.714820834766178,x_min=0.31157291414752114 y_min=0.19591492090637025 x_max=0.8609041898428053 y_max=0.2573354938007696,,
nutrient,D01,17,8d9ced63-6c41-4fd0-bb9a-46727e32361b,,,,,,,,,,,1654,2339,595.3200073242188,842.0399780273438,True,x_min=1.0 y_min=1.0 x_max=1.0 y_max=1.0,x_min=0.4194234582829504 y_min=0.6928105600684052 x_max=0.801781438935913 y_max=0.7145085451047456,,
nutrient,D01,17,f5b5546c-d2e4-4247-aeac-a40d87bb221b,,,,,,,,,,,1654,2339,595.3200073242188,842.0399780273438,True,x_min=0.997686274092467 y_min=1.0 x_max=1.0 y_max=1.0,x_min=0.35909467956469165 y_min=0.7473832834544677 x_max=0.8018639238210398 y_max=0.7937808576314664,,
nutrient,D01,18,fe21eb63-5bb8-4586-9bd2-31cc30751d05,,,,,,,,,,,1654,2339,595.3200073242188,842.0399780273438,True,x_min=0.4602566630198541 y_min=0.3455892921874433 x_max=1.0 y_max=0.39071779082360425,x_min=0.1656590084643289 y_min=0.12441214194100043 x_max=0.3603385731559855 y_max=0.14065840102607952,,
nutrient,D01,18,a29fd949-4dae-4e5d-8480-faa83e285ef8_unclaimed_para_0000,,,,,,,,,,,1654,2339,595.3200073242188,842.0399780273438,True,x_min=1.0 y_min=0.4109068560029394 x_max=1.0 y_max=0.42040759255792065,x_min=0.5380894800483675 y_min=0.14792646430098333 x_max=0.5513905683192262 y_max=0.1513467293715263,,
nutrient,D01,18,a29fd949-4dae-4e5d-8480-faa83e285ef8_unclaimed_para_0001,,,,,,,,,,,1654,2339,595.3200073242188,842.0399780273438,True,x_min=1.0 y_min=0.4180324084191753 x_max=1.0 y_max=0.47028645947157227,x_min=0.37061668681983073 y_min=0.15049166310389056 x_max=0.5646916565900847 y_max=0.16930312099187686,,
nutrient,D01,18,a29fd949-4dae-4e5d-8480-faa83e285ef8_unclaimed_para_0002,,,,,,,,,,,1654,2339,595.3200073242188,842.0399780273438,True,x_min=0.8331653461965242 y_min=0.45366017050035506 x_max=1.0 y_max=0.4999762612058887,x_min=0.2998790810157195 y_min=0.1633176571184267 x_max=0.7998790810157195 y_max=0.17999144933732364,,
nutrient,D01,18,a29fd949-4dae-4e5d-8480-faa83e285ef8_unclaimed_para_0003,,,,,,,,,,,1654,2339,595.3200073242188,842.0399780273438,True,x_min=1.0 y_min=0.49047552465090744 x_max=1.0 y_max=0.5427295757033044,x_min=0.38210399032648124 y_min=0.17657118426678067 x_max=0.5646916565900847 y_max=0.195382642154767,,
nutrient,D01,18,f041ba82-028d-494a-8abf-540bb681a7be,,,,,,,,,,,1654,2339,595.3200073242188,842.0399780273438,True,x_min=0.3278440966182861 y_min=0.5629186408826395 x_max=1.0 y_max=0.959021686704021,x_min=0.1180000906892382 y_min=0.2026507054296708 x_max=0.8781549274486093 y_max=0.3452477982043608,,
nutrient,D01,18,3b702b13-2e1e-4045-b71b-8ec6023c0a0e,,,,,,,,,,,1654,2339,595.3200073242188,842.0399780273438,True,x_min=0.4602566630198541 y_min=0.9746018852009313 x_max=1.0 y_max=1.0,x_min=0.1656590084643289 y_min=0.35085666951688754 x_max=0.672457823458283 y_max=0.3681131530568619,,
nutrient,D01,18,16f8a2f7-80a0-4173-9660-645a01b63a75,,,,,,,,,,,1654,2339,595.3200073242188,842.0399780273438,True,x_min=0.3281806886990742 y_min=1.0 x_max=1.0 y_max=1.0,x_min=0.11812123941958888 y_min=0.3756916203505772 x_max=0.87789669286578 y_max=0.43694333475844377,,
nutrient,D01,18,a5f9da73-b923-4c12-8f97-da0cb1c5efa3,,,,,,,,,,,1654,2339,595.3200073242188,842.0399780273438,True,x_min=0.45965088798195314 y_min=1.0 x_max=0.9606891469523996 y_max=1.0,x_min=0.16544097339782346 y_min=0.4433518597691321 x_max=0.34577839782345826 y_max=0.4600256519880291,,
nutrient,D01,18,13be8b11-9d24-4a80-874f-9096d60e95f0,,,,,,,,,,,1654,2339,595.3200073242188,842.0399780273438,True,x_min=0.4601607986119762 y_min=1.0 x_max=0.9631969242513858 y_max=1.0,x_min=0.16562450423216443 y_min=0.4959384352287302 x_max=0.34668101571946797 y_max=0.512567501496366,,
nutrient,D01,18,6745b084-9799-4f17-b82d-413502ee7354,,,,,,,,,,,1654,2339,595.3200073242188,842.0399780273438,True,x_min=0.3268004730337329 y_min=1.0 x_max=1.0 y_max=1.0,x_min=0.11762446191051995 y_min=0.5703292005130398 x_max=0.8777633373639662 y_max=0.6377875844377939,,
nutrient,D01,18,51187736-94c2-4aae-bd14-345a4f227b41,,,,,,,,,,,1654,2339,595.3200073242188,842.0399780273438,True,x_min=0.3274132023146444 y_min=1.0 x_max=1.0 y_max=1.0,x_min=0.11784499999999999 y_min=0.6464300983326208 x_max=0.8785190024183797 y_max=0.869621504916631,,
nutrient,D01,18,665fdf4b-b67e-48a5-92c3-c37c2b886aff,,,,,,,,,,,1654,2339,595.3200073242188,842.0399780273438,True,x_min=0.33427399978449257 y_min=1.0 x_max=0.39810521582374236 y_max=1.0,x_min=0.12031438935912939 y_min=0.903805044890979 x_max=0.14328899637243048 y_max=0.9170184908080377,,
nutrient,D01,18,d0100f38-4d0a-48a5-a072-73e1364be167,,,,,,,,,,,1654,2339,595.3200073242188,842.0399780273438,True,x_min=0.9987129488093931 y_min=0.19813229104732877 x_max=1.0 y_max=0.32286695061308784,x_min=0.359464207980653 y_min=0.07132762291577598 x_max=0.8018717654171705 y_max=0.11623209918768704,,
nutrient,D01,18,62ab1a03-a3c5-4611-8100-e58e35c7ff6f,,,,,,,,,,,1654,2339,595.3200073242188,842.0399780273438,True,x_min=1.0 y_min=1.0 x_max=1.0 y_max=1.0,x_min=0.420890931076179 y_min=0.46671483539974346 x_max=0.8017109431680773 y_max=0.48839643309106456,,
nutrient,D01,18,0dd3c26a-7d87-400d-bdcd-807a4d4542cf,,,,,,,,,,,1654,2339,595.3200073242188,842.0399780273438,True,x_min=1.0 y_min=1.0 x_max=1.0 y_max=1.0,x_min=0.36119276904474 y_min=0.5202925181701581 x_max=0.807772091898428 y_max=0.5623612141941,,
nutrient,D01,19,f73ae16f-7421-4967-a953-65165704b1e8,,,,,,,,,,,1654,2339,595.3200073242188,842.0399780273438,True,x_min=0.3281167566969044 y_min=0.1926797114551388 x_max=1.0 y_max=0.6343092773947315,x_min=0.11809822853688029 y_min=0.06936469431380932 x_max=0.8782071765417171 y_max=0.22835133390337753,,
nutrient,D01,19,5ad0def9-8626-43de-9f3a-d5911afba19b,,,,,,,,,,,1654,2339,595.3200073242188,842.0399780273438,True,x_min=0.32587515556880176 y_min=0.7338630185322785 x_max=1.0 y_max=1.0,x_min=0.11729141475211609 y_min=0.2641906797776828 x_max=0.8783308343409915 y_max=0.40530140230867895,,
nutrient,D01,19,91b2a49d-45ac-4e8b-9127-a99c0ad210b6,,,,,,,,,,,1654,2339,595.3200073242188,842.0399780273438,True,x_min=0.3286218463903476 y_min=1.0 x_max=1.0 y_max=1.0,x_min=0.11828002418379686 y_min=0.43808837109876014 x_max=0.8774078960096736 y_max=0.5061992218896965,,
nutrient,D01,19,be5bc6f7-dec0-4514-8db0-d081b6aa75b0,,,,,,,,,,,1654,2339,595.3200073242188,842.0399780273438,True,x_min=0.3289876664490062 y_min=1.0 x_max=1.0 y_max=1.0,x_min=0.11841169286577992 y_min=0.5147498931167166 x_max=0.8779076420798065 y_max=0.5536554082941428,,
nutrient,D01,19,4a5a00b4-4843-41c9-b775-94c255e3c514,,,,,,,,,,,1654,2339,595.3200073242188,842.0399780273438,True,x_min=0.32951733116062454 y_min=1.0 x_max=1.0 y_max=1.0,x_min=0.11860233373639661 y_min=0.6117715262932878 x_max=0.622270592503023 y_max=0.6287605408294143,,
nutrient,D01,19,ec104f30-ed83-4401-b8f6-2fa94253d64f,,,,,,,,,,,1654,2339,595.3200073242188,842.0399780273438,True,x_min=0.4602566630198541 y_min=1.0 x_max=1.0 y_max=1.0,x_min=0.1656590084643289 y_min=0.6370243693886276 x_max=0.7462671100362758 y_max=0.6546422103463019,,
nutrient,D01,19,d7f9c1b8-6a6d-48fe-9345-47448cd79a2a,,,,,,,,,,,1654,2339,595.3200073242188,842.0399780273438,True,x_min=0.3269455378710263 y_min=1.0 x_max=1.0 y_max=1.0,x_min=0.11767667472793229 y_min=0.715262932877298 x_max=0.8772754050785974 y_max=0.7833782214621633,,
nutrient,D01,19,11fa3fb0-4108-4651-b545-f17ea846ab76,,,,,,,,,,,1654,2339,595.3200073242188,842.0399780273438,True,x_min=0.32587515556880176 y_min=1.0 x_max=1.0 y_max=1.0,x_min=0.11729141475211609 y_min=0.791363830696879 x_max=0.8776290205562274 y_max=0.830927345019239,,
nutrient,D01,19,3e5946ef-103c-4bec-a9ab-a31170080142,,,,,,,,,,,1654,2339,595.3200073242188,842.0399780273438,True,x_min=1.0 y_min=1.0 x_max=1.0 y_max=1.0,x_min=0.8536880290205562 y_min=0.903805044890979 x_max=0.8774923301088271 y_max=0.9169457392047884,,
nutrient,D01,19,cd262b5a-f635-4273-a7e0-f988a80c6c93,,,,,,,,,,,1654,2339,595.3200073242188,842.0399780273438,True,x_min=0.9995951634058091 y_min=0.6669582379160659 x_max=1.0 y_max=0.7112683098528028,x_min=0.3597817412333736 y_min=0.24010495938435228 x_max=0.8124014087061668 y_max=0.25605658486532706,,
nutrient,D01,19,d53df90d-ac94-4427-8330-1840dae49977,,,,,,,,,,,1654,2339,595.3200073242188,842.0399780273438,True,x_min=0.8898592916120337 y_min=1.0 x_max=1.0 y_max=1.0,x_min=0.3202847883917775 y_min=0.41151462163317654 x_max=0.7754044377267231 y_max=0.42998945959811885,,
nutrient,D01,19,df2e8d34-293c-4488-ab98-32ee423594f7,,,,,,,,,,,1654,2339,595.3200073242188,842.0399780273438,True,x_min=0.5193505109792436 y_min=1.0 x_max=1.0 y_max=1.0,x_min=0.18692850665054414 y_min=0.5606021804189825 x_max=0.837977176541717 y_max=0.6031378131680205,,
nutrient,D01,19,a5c8da94-0462-44d9-ac93-0898fc4eeeae,,,,,,,,,,,1654,2339,595.3200073242188,842.0399780273438,True,x_min=0.999753632798471 y_min=1.0 x_max=1.0 y_max=1.0,x_min=0.3598387787182588 y_min=0.6617879863189398 x_max=0.828352623941959 y_max=0.7066485912783241,,
nutrient,D01,19,69277860-8e65-4f64-aa7f-2d3aadef7bd5,,,,,,,,,,,1654,2339,595.3200073242188,842.0399780273438,True,x_min=1.0 y_min=1.0 x_max=1.0 y_max=1.0,x_min=0.367057738814994 y_min=0.8378786233433091 x_max=0.8151819830713423 y_max=0.8561706951688756,,
nutrient,D01,20,4ad59763-5a18-4bef-a8b9-87087d78e8da,,,,,,,,,,,1654,2339,595.3200073242188,842.0399780273438,True,x_min=0.4888127333532027 y_min=0.19335573636470849 x_max=1.0 y_max=0.30313274507224314,x_min=0.1759371221281741 y_min=0.0696080632749038 x_max=0.8202088875453447 y_max=0.10912778537836682,,
nutrient,D01,20,953abddc-9bac-4844-9b53-b28250cf42a8,,,,,,,,,,,1654,2339,595.3200073242188,842.0399780273438,True,x_min=0.3279216011527086 y_min=0.34915206839556123 x_max=1.0 y_max=0.7066172812767311,x_min=0.11802798669891172 y_min=0.12569474134245404 x_max=0.8781706106408707 y_max=0.2543822146216332,,
nutrient,D01,20,255a6df1-1a48-4476-a453-00cf52330090,,,,,,,,,,,1654,2339,595.3200073242188,842.0399780273438,True,x_min=0.42184332276813685 y_min=1.0 x_max=1.0 y_max=1.0,x_min=0.15183299274486092 y_min=0.45386293287729795 x_max=0.8188654594921403 y_max=0.48054722103463016,,
nutrient,D01,20,05abff04-dec3-4fdd-b5fa-91402f96afb0,,,,,,,,,,,1654,2339,595.3200073242188,842.0399780273438,True,x_min=0.3265637432106694 y_min=1.0 x_max=1.0 y_max=1.0,x_min=0.11753925634824668 y_min=0.5074818298418128 x_max=0.8783424002418381 y_max=0.8680424112868748,,
nutrient,D01,20,55518538-e0ce-4fb3-99f4-3f8b202c34af,,,,,,,,,,,1654,2339,595.3200073242188,842.0399780273438,True,x_min=0.3297058012248246 y_min=1.0 x_max=0.39978498970618703 y_max=1.0,x_min=0.11867016928657799 y_min=0.903805044890979 x_max=0.1438935931076179 y_max=0.9170701581872595,,
nutrient,D01,20,7ffe3f77-8678-43e0-8915-38a6f1480a74,,,,,,,,,,,1654,2339,595.3200073242188,842.0399780273438,True,x_min=0.37550431238615245 y_min=0.790034579543915 x_max=1.0 y_max=1.0,x_min=0.1351543107617896 y_min=0.28441244121419407 x_max=0.8486078778718259 y_max=0.4371877169730654,,
nutrient,D01,21,44b77612-17b7-44ab-a024-a57484016626,,,,,,,,,,,1654,2339,595.3200073242188,842.0399780273438,True,x_min=0.32810963447700947 y_min=0.19288650686217865 x_max=1.0 y_max=0.5138821924033974,x_min=0.11809566505441355 y_min=0.06943914065840102 x_max=0.8782595102781137 y_max=0.1849975844377939,,
nutrient,D01,21,901ba09c-6eda-4862-a788-491569c0ce04,,,,,,,,,,,1654,2339,595.3200073242188,842.0399780273438,True,x_min=0.329333598044562 y_min=0.5322459879517103 x_max=1.0 y_max=0.7059492013581055,x_min=0.11853620314389358 y_min=0.19160855066267635 x_max=0.8781008948004837 y_max=0.2541417058572039,,
nutrient,D01,21,696b8de0-96af-4ba5-b8e7-e2b9664ebd86,,,,,,,,,,,1654,2339,595.3200073242188,842.0399780273438,True,x_min=0.32850236443253517 y_min=0.7218781956457905 x_max=1.0 y_max=0.8967406889266245,x_min=0.11823701934703748 y_min=0.25987614365113293 x_max=0.8780599334945587 y_max=0.3228266395895682,,
nutrient,D01,21,94e4a88e-6dff-4385-90e2-51b2697f32a6,,,,,,,,,,,1654,2339,595.3200073242188,842.0399780273438,True,x_min=0.32587515556880176 y_min=0.9880766017180508 x_max=1.0 y_max=1.0,x_min=0.11729141475211609 y_min=0.3557075673364686 x_max=0.8783600362756953 y_max=0.5168170500213767,,
nutrient,D01,21,a3afc4ad-61e3-4bf2-9f72-8062816e588c,,,,,,,,,,,1654,2339,595.3200073242188,842.0399780273438,True,x_min=0.3809056594943285 y_min=1.0 x_max=1.0 y_max=1.0,x_min=0.1370984038694075 y_min=0.5370292005130398 x_max=0.8595195646916566 y_max=0.5537697426250535,,
nutrient,D01,21,6cff2f78-680d-4559-9f17-790c16872493,,,,,,,,,,,1654,2339,595.3200073242188,842.0399780273438,True,x_min=0.3280707982213561 y_min=1.0 x_max=1.0 y_max=1.0,x_min=0.11808168681983071 y_min=0.569474134245404 x_max=0.8785274546553808 y_max=0.6762111842667807,,
nutrient,D01,21,5e2a899a-372b-4cfb-a9ec-049502a39090,,,,,,,,,,,1654,2339,595.3200073242188,842.0399780273438,True,x_min=0.32587515556880176 y_min=1.0 x_max=1.0 y_max=1.0,x_min=0.11729141475211609 y_min=0.6844805472424113 x_max=0.8783717049576784 y_max=0.7515971440786661,,
nutrient,D01,21,e1ffbc7d-2f7d-47ac-8fd0-bc9bd1cbe7d6,,,,,,,,,,,1654,2339,595.3200073242188,842.0399780273438,True,x_min=0.3284816696803877 y_min=1.0 x_max=1.0 y_max=1.0,x_min=0.11822957073760582 y_min=0.7945627191107311 x_max=0.8775722551390568 y_max=0.8406996622488243,,
nutrient,D01,21,f48d17eb-14be-4584-9b9a-b510012b3b5f,,,,,,,,,,,1654,2339,595.3200073242188,842.0399780273438,True,x_min=1.0 y_min=1.0 x_max=1.0 y_max=1.0,x_min=0.8518742442563483 y_min=0.903805044890979 x_max=0.8751519607013301 y_max=0.9173546930312099,,
nutrient,D01,21,fd9a417c-f178-434d-a348-fe749d9908de,,,,,,,,,,,1654,2339,595.3200073242188,842.0399780273438,True,x_min=0.9941632948977533 y_min=0.9115130872979474 x_max=1.0 y_max=0.9638381729823818,x_min=0.35782666263603385 y_min=0.32814470286447195 x_max=0.8188038331318016 y_max=0.34698173321932446,,
nutrient,D01,21,2e4c90da-4c87-4269-b00d-e513f3f37c38,,,,,,,,,,,1654,2339,595.3200073242188,842.0399780273438,True,x_min=1.0 y_min=1.0 x_max=1.0 y_max=1.0,x_min=0.36140997581620316 y_min=0.7580268490808038 x_max=0.5393746553808949 y_max=0.7800480418982471,,
nutrient,D01,22,f9a046d7-1c0b-47a6-9edb-7228d4020efd,,,,,,,,,,,1654,2339,595.3200073242188,842.0399780273438,True,x_min=0.33066271514169515 y_min=0.19782508473082344 x_max=1.0 y_max=0.34202651597932526,x_min=0.11901458887545345 y_min=0.07121702864471996 x_max=0.8741296432889963 y_max=0.12312954253954682,,
nutrient,D01,22,cdf63b31-a81d-4a4c-9e66-e7119fffe254,,,,,,,,,,,1654,2339,595.3200073242188,842.0399780273438,True,x_min=0.3294378444989672 y_min=0.37208805778319676 x_max=1.0 y_max=0.608936242197457,x_min=0.11857372430471584 y_min=0.13395169730654125 x_max=0.8779480894800484 y_max=0.21921704147071397,,
nutrient,D01,22,5097c987-7bdb-4680-90e9-a032552e9b0f,,,,,,,,,,,1654,2339,595.3200073242188,842.0399780273438,True,x_min=0.3296275407944228 y_min=0.6256958265025406 x_max=1.0 y_max=0.804080290327989,x_min=0.11864200120918984 y_min=0.2252504916631039 x_max=0.8784770072551391 y_max=0.2894688969645148,,
nutrient,D01,22,42d547db-51db-4e69-b7d3-81084ef19b25,,,,,,,,,,,1654,2339,595.3200073242188,842.0399780273438,True,x_min=0.32908510983959666 y_min=0.8180157213125008 x_max=1.0 y_max=1.0,x_min=0.1184467654171705 y_min=0.29448565198802906 x_max=0.8787964631197098 y_max=0.3809455921333903,,
nutrient,D01,22,5fd1368e-e381-43b2-9222-aec47a5e5aa3,,,,,,,,,,,1654,2339,595.3200073242188,842.0399780273438,True,x_min=0.32740307330852025 y_min=1.0 x_max=1.0 y_max=1.0,x_min=0.11784135429262395 y_min=0.38645391192817447 x_max=0.8783352478839177 y_max=0.4960149935870031,,
nutrient,D01,22,cdbcd9c8-6738-43bb-ad9e-d313b0ff8291,,,,,,,,,,,1654,2339,595.3200073242188,842.0399780273438,True,x_min=0.4040444585108681 y_min=1.0 x_max=1.0 y_max=1.0,x_min=0.14542669286577994 y_min=0.5161816160752458 x_max=0.8507156892382104 y_max=0.5560223086789227,,
nutrient,D01,22,89e9707b-cb1e-4b4f-8455-78ef17e33b25,,,,,,,,,,,1654,2339,595.3200073242188,842.0399780273438,True,x_min=0.32587515556880176 y_min=1.0 x_max=1.0 y_max=1.0,x_min=0.11729141475211609 y_min=0.5711839675074818 x_max=0.8787675937122129 y_max=0.7262412911500641,,
nutrient,D01,22,7d7687f3-15eb-4d86-961c-55ffadb3dd39,,,,,,,,,,,1654,2339,595.3200073242188,842.0399780273438,True,x_min=0.3291607162352263 y_min=1.0 x_max=1.0 y_max=1.0,x_min=0.11847397823458283 y_min=0.7312296280461735 x_max=0.8782953204353083 y_max=0.7949660410431808,,
nutrient,D01,22,67691773-6643-41b6-985b-6c02880bc6d5,,,,,,,,,,,1654,2339,595.3200073242188,842.0399780273438,True,x_min=0.32587515556880176 y_min=1.0 x_max=1.0 y_max=1.0,x_min=0.11729141475211609 y_min=0.799930012825994 x_max=0.8779019347037484 y_max=0.8636843266353142,,
nutrient,D01,22,6a9f8873-6756-4bee-8079-7842ba854f3c,,,,,,,,,,,1654,2339,595.3200073242188,842.0399780273438,True,x_min=0.3305217153450021 y_min=1.0 x_max=0.39787197152102843 y_max=1.0,x_min=0.1189638391777509 y_min=0.903805044890979 x_max=0.14320504534461911 y_max=0.9168151620350578,,
nutrient,D01,23,ce6681d6-de97-4afa-9fb8-fa898276cd54,,,,,,,,,,,1654,2339,595.3200073242188,842.0399780273438,True,x_min=0.3282377504466756 y_min=0.1910505251506906 x_max=1.0 y_max=0.3659688233828644,x_min=0.11814177750906892 y_min=0.06877818725951261 x_max=0.8783050181378477 y_max=0.13174877297990592,,
nutrient,D01,23,97bff2c3-26d6-4682-a1a1-e171b407c391,,,,,,,,,,,1654,2339,595.3200073242188,842.0399780273438,True,x_min=0.39978498466688056 y_min=0.7667185488181596 x_max=1.0 y_max=0.8135005722706384,x_min=0.14389359129383314 y_min=0.2760186703719538 x_max=0.8505785368802902 y_max=0.2928601983753741,,
nutrient,D01,23,39899360-9fd7-41b4-a344-e4cc6a5df517,,,,,,,,,,,1654,2339,595.3200073242188,842.0399780273438,True,x_min=0.3270653389849189 y_min=0.8928684143493074 x_max=1.0 y_max=1.0,x_min=0.11771979443772672 y_min=0.3214326207781103 x_max=0.8785668319226119 y_max=0.42705057716973066,,
nutrient,D01,23,3023ceda-407f-4124-9925-db260c600eb9,,,,,,,,,,,1654,2339,595.3200073242188,842.0399780273438,True,x_min=0.3281369643160873 y_min=1.0 x_max=1.0 y_max=1.0,x_min=0.11810550181378476 y_min=0.43575046601111583 x_max=0.8776889963724305 y_max=0.49872246259085073,,
nutrient,D01,23,e16a425a-85bd-4959-a840-19d410b460e9,,,,,,,,,,,1654,2339,595.3200073242188,842.0399780273438,True,x_min=0.3304586064295654 y_min=1.0 x_max=1.0 y_max=1.0,x_min=0.11894112454655381 y_min=0.505319495510902 x_max=0.8780445102781137 y_max=0.5447908978195809,,
nutrient,D01,23,84de53bd-217e-4637-8993-ef3fbc50be26,,,,,,,,,,,1654,2339,595.3200073242188,842.0399780273438,True,x_min=1.0 y_min=1.0 x_max=1.0 y_max=1.0,x_min=0.8518742442563483 y_min=0.903805044890979 x_max=0.8777496819830714 y_max=0.9170685925609235,,
nutrient,D01,24,dc3345b2-52b3-4f94-bfaa-b9735cef50ec,,,,,,,,,,,1654,2339,595.3200073242188,842.0399780273438,True,x_min=1.0 y_min=0.3542684169210705 x_max=1.0 y_max=0.39071779438638043,x_min=0.4244256348246675 y_min=0.1275366267635742 x_max=0.5702417593712212 y_max=0.14065840230867893,,
nutrient,D01,24,551322f0-feed-4646-928d-02d9241ec864,,,,,,,,,,,1654,2339,595.3200073242188,842.0399780273438,True,x_min=0.36283007011784113 y_min=0.4321158252514518 x_max=1.0 y_max=0.5499952473574373,x_min=0.13059250302297462 y_min=0.1555616930312099 x_max=0.8652269649334945 y_max=0.19799828388200083,,
nutrient,D01,24,62e7b0f9-1554-4696-958d-e5fa9e8a94ed,,,,,,,,,,,1654,2339,595.3200073242188,842.0399780273438,True,x_min=1.0 y_min=0.6310521636334286 x_max=1.0 y_max=0.6781150656738268,x_min=0.41233373639661425 y_min=0.2271787729799059 x_max=0.582443700120919 y_max=0.24412141727233858,,
nutrient,D01,24,86ecc8c4-d849-4abb-a37a-cbd742d0eded,,,,,,,,,,,1654,2339,595.3200073242188,842.0399780273438,True,x_min=0.32587515556880176 y_min=0.7186336941122644 x_max=1.0 y_max=0.8936915344125895,x_min=0.11729141475211609 y_min=0.25870812312954256 x_max=0.8777401451027812 y_max=0.3217289439931595,,
nutrient,D01,24,a43ae3c8-d695-41e0-bded-7a4035db142a,,,,,,,,,,,1654,2339,595.3200073242188,842.0399780273438,True,x_min=0.3293309440097899 y_min=0.9098469431283005 x_max=1.0 y_max=1.0,x_min=0.11853524788391777 y_min=0.3275448909790509 x_max=0.8781151148730351 y_max=0.368325012825994,,
nutrient,D01,24,965382b5-9de8-47ec-bf8a-daab84d45359,,,,,,,,,,,1654,2339,595.3200073242188,842.0399780273438,True,x_min=1.0 y_min=1.0 x_max=1.0 y_max=1.0,x_min=0.38210399032648124 y_min=0.3885186831979478 x_max=0.6129171402660217 y_max=0.40530141941000425,,
nutrient,D01,24,282e70c3-ff15-4854-87c1-1c8f198a7d9e,,,,,,,,,,,1654,2339,595.3200073242188,842.0399780273438,True,x_min=0.32939637100623015 y_min=1.0 x_max=1.0 y_max=1.0,x_min=0.1185587968561064 y_min=0.42071233005557934 x_max=0.8778430773881499 y_max=0.46004156904660115,,
nutrient,D01,24,5c669437-10d6-41d9-89b1-fa162ad5d990,,,,,,,,,,,1654,2339,595.3200073242188,842.0399780273438,True,x_min=0.32587515556880176 y_min=1.0 x_max=1.0 y_max=1.0,x_min=0.11729141475211609 y_min=0.4653272766139376 x_max=0.8778195888754535 y_max=0.5515786404446344,,
nutrient,D01,24,e747bcb7-b435-4ae1-bc1a-4e5316667ba6,,,,,,,,,,,1654,2339,595.3200073242188,842.0399780273438,True,x_min=0.32897117111896657 y_min=1.0 x_max=1.0 y_max=1.0,x_min=0.11840575574365175 y_min=0.5568968362548097 x_max=0.8777166989117291 y_max=0.6187701496365967,,
nutrient,D01,24,a3ec38f1-b1da-439b-909e-bd84a39b0ce5,,,,,,,,,,,1654,2339,595.3200073242188,842.0399780273438,True,x_min=0.32819167438730834 y_min=1.0 x_max=1.0 y_max=1.0,x_min=0.11812519347037485 y_min=0.6257517315091919 x_max=0.8780562696493349 y_max=0.6879008123129543,,
nutrient,D01,24,bc2c4d00-a9d3-4b07-a52a-13e866b65cdc,,,,,,,,,,,1654,2339,595.3200073242188,842.0399780273438,True,x_min=0.7456797932850872 y_min=1.0 x_max=1.0 y_max=1.0,x_min=0.2683906287787182 y_min=0.7105600684053014 x_max=0.7272145707376058 y_max=0.7273372466866181,,
nutrient,D01,24,6b1ba8f0-5c04-451a-bd5e-1def25d1430b,,,,,,,,,,,1654,2339,595.3200073242188,842.0399780273438,True,x_min=0.9692266224907146 y_min=1.0 x_max=1.0 y_max=1.0,x_min=0.34885126964933494 y_min=0.7430204360837965 x_max=0.6464806831922613 y_max=0.7594103719538264,,
nutrient,D01,24,6a551554-ba00-491a-b145-e3bd1bfea07c,,,,,,,,,,,1654,2339,595.3200073242188,842.0399780273438,True,x_min=0.4602566630198541 y_min=1.0 x_max=1.0 y_max=1.0,x_min=0.1656590084643289 y_min=0.774690038477982 x_max=0.7069840145102781 y_max=0.7919557075673365,,
nutrient,D01,24,e34bbc57-469d-4944-9f76-b14e9d84cc9f,,,,,,,,,,,1654,2339,595.3200073242188,842.0399780273438,True,x_min=0.4602566630198541 y_min=1.0 x_max=1.0 y_max=1.0,x_min=0.1656590084643289 y_min=0.7969217614365113 x_max=0.7281461668681983 y_max=0.8145724292432663,,
nutrient,D01,24,502ed370-b881-4ba6-8112-6d2034d77b72,,,,,,,,,,,1654,2339,595.3200073242188,842.0399780273438,True,x_min=0.4602566630198541 y_min=1.0 x_max=1.0 y_max=1.0,x_min=0.1656590084643289 y_min=0.8208636169303121 x_max=0.6671162636033857 y_max=0.837585684053014,,
nutrient,D01,24,62618ba0-0256-4848-b057-bbc8ed9b2f0b,,,,,,,,,,,1654,2339,595.3200073242188,842.0399780273438,True,x_min=0.4602566630198541 y_min=1.0 x_max=1.0 y_max=1.0,x_min=0.1656590084643289 y_min=0.8435228730226593 x_max=0.4708105441354293 y_max=0.8606463266353143,,
nutrient,D01,24,917d0f52-1f89-428b-a44c-bfcb8982b118,,,,,,,,,,,1654,2339,595.3200073242188,842.0399780273438,True,x_min=0.32977930790940035 y_min=1.0 x_max=0.39978498466688056 y_max=1.0,x_min=0.11869662636033858 y_min=0.903805044890979 x_max=0.14389359129383314 y_max=0.9166310389055152,,
nutrient,D01,25,ca3c83fe-e7a1-4917-b909-eee6ee3e0410,,,,,,,,,,,1654,2339,595.3200073242188,842.0399780273438,True,x_min=0.4602566630198541 y_min=0.19232209185528862 x_max=1.0 y_max=0.23989360276364502,x_min=0.1656590084643289 y_min=0.06923595126122274 x_max=0.6295144498186215 y_max=0.08636169474134245,,
nutrient,D01,25,6ee8db43-9323-4a45-94b0-5822afc76506,,,,,,,,,,,1654,2339,595.3200073242188,842.0399780273438,True,x_min=0.3289091540532779 y_min=0.2581355584911927 x_max=1.0 y_max=0.35871724369622665,x_min=0.11838343409915356 y_min=0.09292879863189396 x_max=0.8777134824667473 y_max=0.12913820436083798,,
nutrient,D01,25,f0914a2e-1c48-4a24-8e4a-83659d8f955c,,,,,,,,,,,1654,2339,595.3200073242188,842.0399780273438,True,x_min=1.0 y_min=0.42397036876603866 x_max=1.0 y_max=0.4693276296997467,x_min=0.36215235792019346 y_min=0.1526293287729799 x_max=0.6332181983071343 y_max=0.16895794228302694,,
nutrient,D01,25,e220f008-b022-4cee-998c-96389dee811c,,,,,,,,,,,1654,2339,595.3200073242188,842.0399780273438,True,x_min=0.32587515556880176 y_min=0.5130397739689879 x_max=1.0 y_max=1.0,x_min=0.11729141475211609 y_min=0.18469431380932022 x_max=0.877905562273277 y_max=0.4078666096622488,,
nutrient,D01,25,99a680d6-bf2d-456c-ba4d-4833cec2860b,,,,,,,,,,,1654,2339,595.3200073242188,842.0399780273438,True,x_min=0.9877040797652342 y_min=1.0 x_max=1.0 y_max=1.0,x_min=0.3555018137847642 y_min=0.8336896109448483 x_max=0.7043896916565902 y_max=0.8503634031637451,,
nutrient,D01,25,b154420b-89d7-4ae0-b473-571bdbcadafc,,,,,,,,,,,1654,2339,595.3200073242188,842.0399780273438,True,x_min=1.0 y_min=1.0 x_max=1.0 y_max=1.0,x_min=0.8518742442563483 y_min=0.903805044890979 x_max=0.8776889419588875 y_max=0.9172245335613509,,
nutrient,D01,25,28ba8434-4c97-4156-a23b-5fe1d32c5303,,,,,,,,,,,1654,2339,595.3200073242188,842.0399780273438,True,x_min=0.530602929707969 y_min=1.0 x_max=1.0 y_max=1.0,x_min=0.19097856106408706 y_min=0.4445183839247541 x_max=0.7586346674727932 y_max=0.8056645788798632,,
nutrient,D01,26,674301bc-f0c4-46c4-abfd-6c21d89e027b,,,,,,,,,,,1654,2339,595.3200073242188,842.0399780273438,True,x_min=0.32840060403601784 y_min=0.25594624438722485 x_max=1.0 y_max=0.4940383008590254,x_min=0.1182003929866989 y_min=0.09214064557503206 x_max=0.8782889056831923 y_max=0.1778537836682343,,
nutrient,D01,26,2197d85a-48a6-457d-ac47-26c8ece423ab,,,,,,,,,,,1654,2339,595.3200073242188,842.0399780273438,True,x_min=0.32702238729559985 y_min=0.5106645898302427 x_max=1.0 y_max=0.9412303699127492,x_min=0.11770433494558646 y_min=0.1838392475416845 x_max=0.8781388573155986 y_max=0.3388429243266353,,
nutrient,D01,26,414361b7-ce10-4580-a0b1-8157bbd09551,,,,,,,,,,,1654,2339,595.3200073242188,842.0399780273438,True,x_min=0.4602566630198541 y_min=0.9563272184374249 x_max=1.0 y_max=1.0,x_min=0.1656590084643289 y_min=0.34427778965369815 x_max=0.6801058041112454 y_max=0.3612654993587003,,
nutrient,D01,26,f06824c4-fb68-4e6d-821f-34c88f43dbd4,,,,,,,,,,,1654,2339,595.3200073242188,842.0399780273438,True,x_min=0.4602566630198541 y_min=1.0 x_max=1.0 y_max=1.0,x_min=0.1656590084643289 y_min=0.3669096194955109 x_max=0.6706686819830714 y_max=0.3843407537409149,,
nutrient,D01,26,4380cc49-4e91-4de1-8746-fd801214c2b7,,,,,,,,,,,1654,2339,595.3200073242188,842.0399780273438,True,x_min=0.4602566630198541 y_min=1.0 x_max=1.0 y_max=1.0,x_min=0.1656590084643289 y_min=0.3893920051303976 x_max=0.6334507496977024 y_max=0.40744471141513466,,
nutrient,D01,26,a65a2393-97b3-4955-95f5-d5f1ad6247d3,,,,,,,,,,,1654,2339,595.3200073242188,842.0399780273438,True,x_min=0.32859999259769834 y_min=1.0 x_max=1.0 y_max=1.0,x_min=0.11827215840386941 y_min=0.413852073535699 x_max=0.8780667775090688 y_max=0.45452659042325777,,
nutrient,D01,26,880d64ce-3a03-4faa-a305-585feab1aa78,,,,,,,,,,,1654,2339,595.3200073242188,842.0399780273438,True,x_min=0.327815624536395 y_min=1.0 x_max=1.0 y_max=1.0,x_min=0.11798984280532045 y_min=0.46108922616502773 x_max=0.8780801088270858 y_max=0.5463446686618212,,
nutrient,D01,26,0731bde7-720f-4e63-ac2a-717ca9992814,,,,,,,,,,,1654,2339,595.3200073242188,842.0399780273438,True,x_min=0.6618289241964325 y_min=1.0 x_max=1.0 y_max=1.0,x_min=0.23821039903264812 y_min=0.5669089354424968 x_max=0.7582019588875455 y_max=0.5839776955964087,,
nutrient,D01,26,8c2216cd-a5ad-49ff-acec-ed921d57a04a,,,,,,,,,,,1654,2339,595.3200073242188,842.0399780273438,True,x_min=0.3277259248801714 y_min=1.0 x_max=1.0 y_max=1.0,x_min=0.11795755743651753 y_min=0.5995251389482684 x_max=0.878342261185006 y_max=0.7304625908507909,,
nutrient,D01,26,c420715e-e71d-4e84-b292-1154ca9411bb,,,,,,,,,,,1654,2339,595.3200073242188,842.0399780273438,True,x_min=0.32875530402493486 y_min=1.0 x_max=1.0 y_max=1.0,x_min=0.11832805925030229 y_min=0.7365012398460881 x_max=0.8775931741233374 y_max=0.7993620778110304,,
nutrient,D01,26,954d1801-8823-4053-8ca7-e5320de8c6f2,,,,,,,,,,,1654,2339,595.3200073242188,842.0399780273438,True,x_min=0.3287108741390339 y_min=1.0 x_max=1.0 y_max=1.0,x_min=0.11831206771463121 y_min=0.8054724241128688 x_max=0.8781476178960096 y_max=0.8678922616502779,,
nutrient,D01,26,cd585b7d-6f6c-4912-8a0a-2aa309219905,,,,,,,,,,,1654,2339,595.3200073242188,842.0399780273438,True,x_min=0.330065809283286 y_min=1.0 x_max=0.39978498466688056 y_max=1.0,x_min=0.11879974607013301 y_min=0.903805044890979 x_max=0.14389359129383314 y_max=0.9170188037622916,,
nutrient,D01,27,b239846e-d61c-4302-90eb-8cb37b30833f,,,,,,,,,,,1654,2339,595.3200073242188,842.0399780273438,True,x_min=0.32587515556880176 y_min=0.19240694530864527 x_max=1.0 y_max=0.5522303122582857,x_min=0.11729141475211609 y_min=0.06926649850363403 x_max=0.8781079806529625 y_max=0.19880290722530997,,
nutrient,D01,27,a87daae9-ae0a-4e99-86e0-f8e25de1a0f8,,,,,,,,,,,1654,2339,595.3200073242188,842.0399780273438,True,x_min=0.44681851227474884 y_min=1.0 x_max=1.0 y_max=1.0,x_min=0.1608222490931076 y_min=0.39841419410004275 x_max=0.8339873035066505 y_max=0.4138520692603677,,
nutrient,D01,27,2824827b-96da-4366-ae15-6d99dff5ea0c,,,,,,,,,,,1654,2339,595.3200073242188,842.0399780273438,True,x_min=0.3275637431983664 y_min=1.0 x_max=1.0 y_max=1.0,x_min=0.1178991837968561 y_min=0.4493373236425823 x_max=0.8785262091898427 y_max=0.5819183112441214,,
nutrient,D01,27,6fb8a2c0-8d85-4426-ae3e-cf3ecf76b70d,,,,,,,,,,,1654,2339,595.3200073242188,842.0399780273438,True,x_min=0.3282613176035448 y_min=1.0 x_max=1.0 y_max=1.0,x_min=0.11815025997581621 y_min=0.5886062419837538 x_max=0.8779842986698912 y_max=0.6970398546387345,,
nutrient,D01,27,af438a39-5f3b-47a2-b510-d9d8bbd15f8d,,,,,,,,,,,1654,2339,595.3200073242188,842.0399780273438,True,x_min=0.32735489753809904 y_min=1.0 x_max=1.0 y_max=1.0,x_min=0.11782401451027812 y_min=0.731936725096195 x_max=0.8772414268440145 y_max=0.8021184395040615,,
nutrient,D01,27,5fb6def3-53ec-454d-b2bc-a8ac95eb0704,,,,,,,,,,,1654,2339,595.3200073242188,842.0399780273438,True,x_min=0.33080547869567345 y_min=1.0 x_max=1.0 y_max=1.0,x_min=0.11906597339782346 y_min=0.8076100897819581 x_max=0.8778506166868199 y_max=0.8469188713125267,,
nutrient,D01,27,feb1efe5-e0ad-401f-9550-7a9e03fb0792,,,,,,,,,,,1654,2339,595.3200073242188,842.0399780273438,True,x_min=1.0 y_min=1.0 x_max=1.0 y_max=1.0,x_min=0.8518742442563483 y_min=0.903805044890979 x_max=0.8778099050785974 y_max=0.9174701351004703,,
nutrient,D01,27,716d4420-17b2-4748-935f-75dcd7a474ba,,,,,,,,,,,1654,2339,595.3200073242188,842.0399780273438,True,x_min=0.99831098012523 y_min=1.0 x_max=1.0 y_max=1.0,x_min=0.35931952841596126 y_min=0.7022429670799487 x_max=0.6583902781136638 y_max=0.7243253249251816,,
nutrient,D01,27,4f83200a-1e62-4bfe-a05c-f8e9fe54598d,,,,,,,,,,,1654,2339,595.3200073242188,842.0399780273438,True,x_min=0.3418873840891319 y_min=0.6393602608527424 x_max=1.0 y_max=1.0,x_min=0.1230546553808948 y_min=0.2301696879008123 x_max=0.9226813180169287 y_max=0.38679370243693884,,
nutrient,D01,28,daeffe08-6e05-4197-abb3-5da53ca0e602,,,,,,,,,,,1654,2339,595.3200073242188,842.0399780273438,True,x_min=0.3281366955530724 y_min=0.19158389650088725 x_max=1.0 y_max=0.5652938250213848,x_min=0.11810540507859733 y_min=0.06897020094057289 x_max=0.8781602418379686 y_max=0.20350577169730655,,
nutrient,D01,28,f425b6c7-bbeb-41f4-b538-1d34cc416fd3,,,,,,,,,,,1654,2339,595.3200073242188,842.0399780273438,True,x_min=0.6147953965885642 y_min=0.6245920784332657 x_max=1.0 y_max=0.6687597913334627,x_min=0.22128174123337363 y_min=0.22485314236853357 x_max=0.7749582829504232 y_max=0.2407535185976913,,
nutrient,D01,28,60cb0a02-b3a5-467c-a33d-0e76b27f556b,,,,,,,,,,,1654,2339,595.3200073242188,842.0399780273438,True,x_min=0.6332728538630839 y_min=0.7140305278717726 x_max=1.0 y_max=0.7600589243985006,x_min=0.2279322853688029 y_min=0.2570509833262078 x_max=0.7676062273276905 y_max=0.2736212056434374,,
nutrient,D01,28,a9b2a952-a847-4b1a-8202-e29f6a351e80,,,,,,,,,,,1654,2339,595.3200073242188,842.0399780273438,True,x_min=0.328483315853854 y_min=0.8039998309652889 x_max=1.0 y_max=0.9110925253184206,x_min=0.11823016324062878 y_min=0.2894399315946986 x_max=0.8783802237001209 y_max=0.32799330055579307,,
nutrient,D01,28,b12eced3-15ba-42bc-ae29-33d61cb63332,,,,,,,,,,,1654,2339,595.3200073242188,842.0399780273438,True,x_min=0.32587515556880176 y_min=0.9302175911350427 x_max=1.0 y_max=1.0,x_min=0.11729141475211609 y_min=0.3348783240701154 x_max=0.8785334945586457 y_max=0.8448969217614366,,
nutrient,D01,28,5f1b5807-afc6-4a76-a7b9-ed3d8ad162a3,,,,,,,,,,,1654,2339,595.3200073242188,842.0399780273438,True,x_min=0.3302170220745453 y_min=1.0 x_max=0.39978499642526244 y_max=1.0,x_min=0.11885417170495768 y_min=0.903805044890979 x_max=0.1438935955259976 y_max=0.9168652637879436,,
nutrient,D01,29,3c66cee1-6088-4655-bdf7-f2031c972352,,,,,,,,,,,1654,2339,595.3200073242188,842.0399780273438,True,x_min=0.326987347317532 y_min=0.1971402835158611 x_max=1.0 y_max=0.9323983664520318,x_min=0.117691723095526 y_min=0.07097050021376657 x_max=0.878137007255139 y_max=0.3356634031637452,,
nutrient,D01,29,fd591ac5-74c1-4cf4-a9d1-70cfc0a90661,,,,,,,,,,,1654,2339,595.3200073242188,842.0399780273438,True,x_min=0.32587515556880176 y_min=0.9487895834490373 x_max=1.0 y_max=1.0,x_min=0.11729141475211609 y_min=0.3415642411286875 x_max=0.8786306529625152 y_max=0.5457336297563061,,
nutrient,D01,29,d40ff256-ed3c-480f-a1e9-05c9c34ebc0d,,,,,,,,,,,1654,2339,595.3200073242188,842.0399780273438,True,x_min=0.32833526102801974 y_min=1.0 x_max=1.0 y_max=1.0,x_min=0.11817687424425635 y_min=0.5561737067122702 x_max=0.8778334643288995 y_max=0.6257458016246259,,
nutrient,D01,29,9e288fa6-dfe9-44a8-b315-9779a68ef07f,,,,,,,,,,,1654,2339,595.3200073242188,842.0399780273438,True,x_min=1.0 y_min=1.0 x_max=1.0 y_max=1.0,x_min=0.7128174123337364 y_min=0.6545532278751603 x_max=0.8155153748488512 y_max=0.6680040299273194,,
nutrient,D01,29,9c2b2479-5132-4895-964c-a53d3bf3d768,,,,,,,,,,,1654,2339,595.3200073242188,842.0399780273438,True,x_min=0.33091446209821623 y_min=1.0 x_max=0.34435261284332147 y_max=1.0,x_min=0.11910519951632406 y_min=0.8482257374946558 x_max=0.12394195888754535 y_max=0.8516460025651988,,
nutrient,D01,29,047e9687-8c22-4f6a-a29c-a7fce6d2820d,,,,,,,,,,,1654,2339,595.3200073242188,842.0399780273438,True,x_min=1.0 y_min=1.0 x_max=1.0 y_max=1.0,x_min=0.8518742442563483 y_min=0.903805044890979 x_max=0.8776302684401451 y_max=0.9171938460880718,,
nutrient,D01,29,955c8018-316e-45a0-a616-46e02f431b5f,,,,,,,,,,,1654,2339,595.3200073242188,842.0399780273438,True,x_min=0.3103257369601331 y_min=1.0 x_max=1.0 y_max=1.0,x_min=0.11169475211608222 y_min=0.6769814878153058 x_max=0.8953154292623943 y_max=0.812210239418555,,
nutrient,D01,30,8d059ab0-b3e6-4a80-9592-4b373f2ff986,,,,,,,,,,,1654,2339,595.3200073242188,842.0399780273438,True,x_min=0.6282335473336694 y_min=0.19357750730774312 x_max=1.0 y_max=0.23989359801327675,x_min=0.22611850060459493 y_min=0.06968790081231295 x_max=0.7692962515114874 y_max=0.08636169303120991,,
nutrient,D01,30,9a376d5f-ae42-4fe6-a20d-0bb69adfec30,,,,,,,,,,,1654,2339,595.3200073242188,842.0399780273438,True,x_min=0.3265293919378272 y_min=0.2826469125106924 x_max=1.0 y_max=0.9025699727232195,x_min=0.11752689238210398 y_min=0.10175288584865327 x_max=0.8783161910519951 y_max=0.32492518170158186,,
nutrient,D01,30,07187e36-3df4-40b7-b055-440c7f2905ae,,,,,,,,,,,1654,2339,595.3200073242188,842.0399780273438,True,x_min=0.3269325532578688 y_min=0.9191962616944367 x_max=1.0 y_max=1.0,x_min=0.11767200120918984 y_min=0.3309106455750321 x_max=0.8782617835550182 y_max=0.5339556904660111,,
nutrient,D01,30,5394b7d9-c29c-45c7-ae1c-74b23438e751,,,,,,,,,,,1654,2339,595.3200073242188,842.0399780273438,True,x_min=0.32587515556880176 y_min=1.0 x_max=1.0 y_max=1.0,x_min=0.11729141475211609 y_min=0.5455322787516033 x_max=0.8783092503022975 y_max=0.566053869174861,,
nutrient,D01,30,1be6fd07-7ce0-4201-8f85-de96f740694f,,,,,,,,,,,1654,2339,595.3200073242188,842.0399780273438,True,x_min=0.32587515556880176 y_min=1.0 x_max=1.0 y_max=1.0,x_min=0.11729141475211609 y_min=0.5669089354424968 x_max=0.8783092503022975 y_max=0.7032920051303976,,
nutrient,D01,30,5e1f25ec-c8b3-4f21-8910-683a0662d19b,,,,,,,,,,,1654,2339,595.3200073242188,842.0399780273438,True,x_min=0.32724908889866977 y_min=1.0 x_max=1.0 y_max=1.0,x_min=0.11778593107617895 y_min=0.711842667806755 x_max=0.876328192261185 y_max=0.7494655835827276,,
nutrient,D01,30,ab843cc5-f8cb-4910-8ff9-1497ea4d100e,,,,,,,,,,,1654,2339,595.3200073242188,842.0399780273438,True,x_min=0.3291084586265162 y_min=1.0 x_max=1.0 y_max=1.0,x_min=0.11845516928657798 y_min=0.8174433518597691 x_max=0.8781893288996372 y_max=0.8597691321077383,,
nutrient,D01,30,c398083a-bcd7-414d-a9d4-983d088a93f6,,,,,,,,,,,1654,2339,595.3200073242188,842.0399780273438,True,x_min=0.330182821980899 y_min=1.0 x_max=0.3997849880264182 y_max=1.0,x_min=0.11884186215235791 y_min=0.903805044890979 x_max=0.14389359250302297 y_max=0.9171590880718256,,
nutrient,D01,30,1632bac3-8b7a-4d7f-9d15-36b2c688ff0e,,,,,,,,,,,1654,2339,595.3200073242188,842.0399780273438,True,x_min=0.8347412045390257 y_min=1.0 x_max=1.0 y_max=1.0,x_min=0.30044627569528415 y_min=0.757321718683198 x_max=0.5484377085852479 y_max=0.807127242411287,,
nutrient,D01,31,9d9d05b0-ae76-4e65-8e33-0aa337d43b8f,,,,,,,,,,,1654,2339,595.3200073242188,842.0399780273438,True,x_min=0.32587515556880176 y_min=0.19317966396450328 x_max=1.0 y_max=0.23989360632642123,x_min=0.11729141475211609 y_min=0.06954467721248396 x_max=0.6572688633615477 y_max=0.08636169602394185,,
nutrient,D01,31,601754df-1f5c-4524-b489-f77e990a5ba4,,,,,,,,,,,1654,2339,595.3200073242188,842.0399780273438,True,x_min=0.32587515556880176 y_min=0.2594181222983531 x_max=1.0 y_max=0.4310959211822746,x_min=0.11729141475211609 y_min=0.09339052159042326 x_max=0.8777532043530833 y_max=0.15519452757588714,,
nutrient,D01,31,f9e6ab30-df21-4adf-8b7e-425649fe636b,,,,,,,,,,,1654,2339,595.3200073242188,842.0399780273438,True,x_min=0.4602566630198541 y_min=0.6745522954036693 x_max=1.0 y_max=0.7173332261670661,x_min=0.1656590084643289 y_min=0.24283882000855067 x_max=0.5998850060459492 y_max=0.2582399546814878,,
nutrient,D01,31,527602df-5ece-4fc8-8cbf-ff4143716973_table_remainder_para_0000,,,,,,,,,,,1654,2339,595.3200073242188,842.0399780273438,True,x_min=0.6618289241964325 y_min=0.8099377913121523 x_max=0.6987838387454719 y_max=0.838440000977096,x_min=0.23821039903264812 y_min=0.29157759726378796 x_max=0.25151148730350664 y_max=0.30183839247541683,,
nutrient,D01,31,a55e0a3d-b9b7-4c7b-81c2-0f138eb9a3f1,,,,,,,,,,,1654,2339,595.3200073242188,842.0399780273438,True,x_min=0.4652959695492685 y_min=0.8764429471970211 x_max=1.0 y_max=0.928696998249418,x_min=0.1674727932285369 y_min=0.3155194527575887 x_max=0.7460701330108828 y_max=0.334330910645575,,
nutrient,D01,31,9481d86e-3adf-456f-8fc6-9fa4fde5ca4c,,,,,,,,,,,1654,2339,595.3200073242188,842.0399780273438,True,x_min=0.4602566630198541 y_min=0.9678875365387156 x_max=1.0 y_max=1.0,x_min=0.1656590084643289 y_min=0.34843950406156476 x_max=0.602193107617896 y_max=0.3637800213766567,,
nutrient,D01,31,0af24d85-db2b-4ca4-9bba-287d7232ddb8,,,,,,,,,,,1654,2339,595.3200073242188,842.0399780273438,True,x_min=0.4652959695492685 y_min=1.0 x_max=1.0 y_max=1.0,x_min=0.1674727932285369 y_min=0.42112013681060284 x_max=0.7460701330108828 y_max=0.43993159469858917,,
nutrient,D01,31,d87a7ad9-fedb-4f5c-97d9-912f8b9fb777,,,,,,,,,,,1654,2339,595.3200073242188,842.0399780273438,True,x_min=1.0 y_min=1.0 x_max=1.0 y_max=1.0,x_min=0.6002681378476421 y_min=0.42090793501496365 x_max=0.7480124062877872 y_max=0.43971099059427105,,
nutrient,D01,31,3e33aa3d-4803-4660-82ce-b631666f2207,,,,,,,,,,,1654,2339,595.3200073242188,842.0399780273438,True,x_min=0.4602566630198541 y_min=1.0 x_max=1.0 y_max=1.0,x_min=0.1656590084643289 y_min=0.45404018811457886 x_max=0.6017662333736397 y_max=0.4693833668234288,,
nutrient,D01,31,d6d2e462-966f-4ec5-bce4-6f5339298dbf,,,,,,,,,,,1654,2339,595.3200073242188,842.0399780273438,True,x_min=0.4652959695492685 y_min=1.0 x_max=1.0 y_max=1.0,x_min=0.1674727932285369 y_min=0.5267208208636169 x_max=0.7460701330108828 y_max=0.5455322787516033,,
nutrient,D01,31,21a2019e-ad7d-4100-8a93-e6d667a075c0,,,,,,,,,,,1654,2339,595.3200073242188,842.0399780273438,True,x_min=0.3281222999340867 y_min=1.0 x_max=1.0 y_max=1.0,x_min=0.11810022370012092 y_min=0.5609234715690466 x_max=0.8778503446191053 y_max=0.5998289867464729,,
nutrient,D01,31,8f1f33af-152b-4c91-a825-56d0be571990,,,,,,,,,,,1654,2339,595.3200073242188,842.0399780273438,True,x_min=0.6282335473336694 y_min=1.0 x_max=1.0 y_max=1.0,x_min=0.22611850060459493 y_min=0.6203505771697306 x_max=0.7692112454655381 y_max=0.6375447469003848,,
nutrient,D01,31,52b9b41c-d22f-4c83-81a7-202a91066019,,,,,,,,,,,1654,2339,595.3200073242188,842.0399780273438,True,x_min=0.32587515556880176 y_min=1.0 x_max=1.0 y_max=1.0,x_min=0.11729141475211609 y_min=0.6534262932877298 x_max=0.8783456469165659 y_max=0.7840595339888842,,
nutrient,D01,31,dda1aea0-aee7-452b-bde4-c8879e92c71d,,,,,,,,,,,1654,2339,595.3200073242188,842.0399780273438,True,x_min=0.32921154604041963 y_min=1.0 x_max=1.0 y_max=1.0,x_min=0.11849227327690448 y_min=0.791363830696879 x_max=0.8781342926239419 y_max=0.853233488670372,,
nutrient,D01,31,7057ecee-2834-4b03-b450-e81d2b1543d2,,,,,,,,,,,1654,2339,595.3200073242188,842.0399780273438,True,x_min=1.0 y_min=1.0 x_max=1.0 y_max=1.0,x_min=0.8518742442563483 y_min=0.903805044890979 x_max=0.8751116638452238 y_max=0.9171524078666097,,
nutrient,D01,31,e134c47d-4abd-4000-8eb3-8aafda3f33b8,,,,,,,,,,,1654,2339,595.3200073242188,842.0399780273438,True,x_min=0.42471544192919974 y_min=0.7382917156218589 x_max=1.0 y_max=0.8698068846040184,x_min=0.15286674727932284 y_min=0.2657850106883284 x_max=0.8827558041112454 y_max=0.31313047028644725,,
nutrient,D01,31,90f98428-cedb-4d5d-9251-f5d70a05ab42,,,,,,,,,,,1654,2339,595.3200073242188,842.0399780273438,True,x_min=0.42465989197355714 y_min=1.0 x_max=1.0 y_max=1.0,x_min=0.15284675332527206 y_min=0.3717678922616503 x_max=0.8825849637243047 y_max=0.4189271398033348,,
nutrient,D01,31,2921ef6a-1efd-4fdb-942c-3259df5db4a4,,,,,,,,,,,1654,2339,595.3200073242188,842.0399780273438,True,x_min=0.42446374536574394 y_min=1.0 x_max=1.0 y_max=1.0,x_min=0.15277615477629988 y_min=0.4768077383497221 x_max=0.8828256106408706 y_max=0.5254106669516888,,
nutrient,D01,31,160b9cb5-fa16-440e-8bc1-86dfcc39143d,,,,,,,,,,,1654,2339,595.3200073242188,842.0399780273438,True,x_min=0.4731425561624007 y_min=0.515196892451955 x_max=1.0 y_max=0.6387249109715487,x_min=0.17029699516324062 y_min=0.18547087644292432 x_max=0.7984103567110036 y_max=0.22994096194955108,,
nutrient,D01,31,7584c19a-5e55-435a-a339-7006a2296bda,,,,,,,,,,,1654,2339,595.3200073242188,842.0399780273438,True,x_min=1.0 y_min=0.8755299264140873 x_max=1.0 y_max=0.9294504066582279,x_min=0.6003986698911729 y_min=0.3151907652843095 x_max=0.7477009673518743 y_max=0.33460213766566904,,
nutrient,D01,31,9fc95419-219f-4ad4-8361-d66251aeae79,,,,,,,,,,,1654,2339,595.3200073242188,842.0399780273438,True,x_min=1.0 y_min=1.0 x_max=1.0 y_max=1.0,x_min=0.6002485852478839 y_min=0.5273874305258657 x_max=0.7480466565900846 y_max=0.5450169619495511,,
nutrient,D01,32,ec2bdad7-8649-45c2-b678-919859421ae7,,,,,,,,,,,1654,2339,595.3200073242188,842.0399780273438,True,x_min=0.3263681677242628 y_min=0.19357750730774312 x_max=1.0 y_max=0.9873411734531711,x_min=0.11746886336154776 y_min=0.06968790081231295 x_max=0.8784247883917775 y_max=0.3554428131680205,,
nutrient,D01,32,a7c77052-f791-4eb3-868f-e21b117831f0,,,,,,,,,,,1654,2339,595.3200073242188,842.0399780273438,True,x_min=1.0 y_min=1.0 x_max=1.0 y_max=1.0,x_min=0.6541717049576784 y_min=0.3851775972637879 x_max=0.7572213361547763 y_max=0.3980333390337751,,
nutrient,D01,32,a3774b87-71e2-4c37-9e9f-d7a5d6f8aa41,,,,,,,,,,,1654,2339,595.3200073242188,842.0399780273438,True,x_min=0.4602566630198541 y_min=1.0 x_max=1.0 y_max=1.0,x_min=0.1656590084643289 y_min=0.41043180846515603 x_max=0.7478839177750907 y_max=0.42667806755023513,,
nutrient,D01,32,d289a538-23db-4438-be87-e5e43b4410b0,,,,,,,,,,,1654,2339,595.3200073242188,842.0399780273438,True,x_min=1.0 y_min=1.0 x_max=1.0 y_max=1.0,x_min=0.40386940749697703 y_min=0.42112013681060284 x_max=0.7291414752116082 y_max=0.4232578024796922,,
nutrient,D01,32,f55569ae-23f7-434a-9373-1af2a030463a,,,,,,,,,,,1654,2339,595.3200073242188,842.0399780273438,True,x_min=0.4602566630198541 y_min=1.0 x_max=1.0 y_max=1.0,x_min=0.1656590084643289 y_min=0.7126977340743907 x_max=0.636646130592503 y_max=0.7270943591278324,,
nutrient,D01,32,da2dbb49-f394-4ecd-8337-917ecbd9a311,,,,,,,,,,,1654,2339,595.3200073242188,842.0399780273438,True,x_min=1.0 y_min=1.0 x_max=1.0 y_max=1.0,x_min=0.6541717049576784 y_min=0.7366395895681915 x_max=0.767588530834341 y_max=0.7494655835827276,,
nutrient,D01,32,e67bb641-e6da-426e-8bbd-badb5922cff1,,,,,,,,,,,1654,2339,595.3200073242188,842.0399780273438,True,x_min=0.33091446209821623 y_min=1.0 x_max=0.39775117094467416 y_max=1.0,x_min=0.11910519951632406 y_min=0.903805044890979 x_max=0.14316156590084644 y_max=0.9169800795211629,,
nutrient,D01,32,3ba48723-3023-4b46-abb8-1c6fded386f5,,,,,,,,,,,1654,2339,595.3200073242188,842.0399780273438,True,x_min=0.3100846901311427 y_min=1.0 x_max=1.0 y_max=1.0,x_min=0.11160799274486094 y_min=0.44171342454040186 x_max=0.883016215235792 y_max=0.686063274903805,,
nutrient,D01,32,8a74cb8b-12c5-477b-a555-0753b9ec7505,,,,,,,,,,,1654,2339,595.3200073242188,842.0399780273438,True,x_min=0.31093855022948674 y_min=1.0 x_max=1.0 y_max=1.0,x_min=0.11191532043530836 y_min=0.7592639162035058 x_max=0.8827379322853688 y_max=0.8370174861051732,,
nutrient,D01,33,0c104503-b592-4e08-85c9-35a4710bfed2,,,,,,,,,,,1654,2339,595.3200073242188,842.0399780273438,True,x_min=0.4602566630198541 y_min=0.19249411456653723 x_max=1.0 y_max=0.24020845598548504,x_min=0.1656590084643289 y_min=0.06929787943565627 x_max=0.8139640266021765 y_max=0.0864750418982471,,
nutrient,D01,33,84933ba2-8bf3-4e17-8055-ad306326ec83,,,,,,,,,,,1654,2339,595.3200073242188,842.0399780273438,True,x_min=0.32825720216987914 y_min=0.25651988698449396 x_max=1.0 y_max=0.5189777343158513,x_min=0.11814877871825877 y_min=0.09234715690466011 x_max=0.878025622732769 y_max=0.18683197947840957,,
nutrient,D01,33,99dd9ce6-8a3e-46d6-82ef-39c56303c8cf,,,,,,,,,,,1654,2339,595.3200073242188,842.0399780273438,True,x_min=0.3293369911776252 y_min=0.5392601204799977 x_max=1.0 y_max=0.6519880460855888,x_min=0.11853742442563482 y_min=0.19413363830696878 x_max=0.8776889963724305 y_max=0.23471569046601112,,
nutrient,D01,33,542d329e-f29c-4c77-9597-4ee44f460648,,,,,,,,,,,1654,2339,595.3200073242188,842.0399780273438,True,x_min=0.32890409794906006 y_min=0.8431903692545867 x_max=1.0 y_max=1.0,x_min=0.11838161426844014 y_min=0.30354852501068835 x_max=0.8781822793228538 y_max=0.3971422702009406,,
nutrient,D01,33,ee5c75de-26c0-49db-9f33-78e1a032de42,,,,,,,,,,,1654,2339,595.3200073242188,842.0399780273438,True,x_min=0.6282335473336694 y_min=1.0 x_max=1.0 y_max=1.0,x_min=0.22611850060459493 y_min=0.4245404018811458 x_max=0.769330876662636 y_max=0.44088597691321074,,
nutrient,D01,33,c9050c18-ff55-44ac-b54c-c492ab05c63a,,,,,,,,,,,1654,2339,595.3200073242188,842.0399780273438,True,x_min=0.32587515556880176 y_min=1.0 x_max=1.0 y_max=1.0,x_min=0.11729141475211609 y_min=0.4566053869174861 x_max=0.8778383917775091 y_max=0.5419049251817016,,
nutrient,D01,33,c3b55f18-c707-4c2c-85f9-f163473f94ce,,,,,,,,,,,1654,2339,595.3200073242188,842.0399780273438,True,x_min=0.4602566630198541 y_min=1.0 x_max=1.0 y_max=1.0,x_min=0.1656590084643289 y_min=0.5480974775545104 x_max=0.4861807376058041 y_max=0.5648861380932022,,
nutrient,D01,33,b7a2306b-33e4-479d-91b6-37f6ca2bd9dd,,,,,,,,,,,1654,2339,595.3200073242188,842.0399780273438,True,x_min=0.4602566630198541 y_min=1.0 x_max=1.0 y_max=1.0,x_min=0.1656590084643289 y_min=0.6216331765711842 x_max=0.7408187424425635 y_max=0.6379208738777254,,
nutrient,D01,33,924e6594-0a03-4af7-8b53-dd4d950a393b,,,,,,,,,,,1654,2339,595.3200073242188,842.0399780273438,True,x_min=0.4602566630198541 y_min=1.0 x_max=1.0 y_max=1.0,x_min=0.1656590084643289 y_min=0.6737922188969645 x_max=0.8720224909310762 y_max=0.6917892659256092,,
nutrient,D01,33,c9ecb3b0-864a-4d04-a489-f9fb4ade0b6c,,,,,,,,,,,1654,2339,595.3200073242188,842.0399780273438,True,x_min=0.3283783303011579 y_min=1.0 x_max=1.0 y_max=1.0,x_min=0.11819237605804112 y_min=0.702009405728944 x_max=0.8778424365175332 y_max=0.7689373364685763,,
nutrient,D01,33,87de9cd0-7b14-40c4-b558-500ac3d5d734,,,,,,,,,,,1654,2339,595.3200073242188,842.0399780273438,True,x_min=0.3292577564812944 y_min=1.0 x_max=1.0 y_max=1.0,x_min=0.11850890568319226 y_min=0.774690038477982 x_max=0.8779189419588875 y_max=0.8146969003847798,,
nutrient,D01,33,d7072e07-770d-4651-b37b-1c1cdd0956f1,,,,,,,,,,,1654,2339,595.3200073242188,842.0399780273438,True,x_min=0.4602566630198541 y_min=1.0 x_max=1.0 y_max=1.0,x_min=0.1656590084643289 y_min=0.8208636169303121 x_max=0.8592035066505441 y_max=0.83786108593416,,
nutrient,D01,33,e65bcc5d-da90-4f58-8206-28899fb3e026,,,,,,,,,,,1654,2339,595.3200073242188,842.0399780273438,True,x_min=0.4602566630198541 y_min=1.0 x_max=1.0 y_max=1.0,x_min=0.1656590084643289 y_min=0.8435228730226593 x_max=0.8776665054413543 y_max=0.8610522530996153,,
nutrient,D01,33,779c8ae6-bb33-49a7-be4f-526ba02bc9df,,,,,,,,,,,1654,2339,595.3200073242188,842.0399780273438,True,x_min=1.0 y_min=1.0 x_max=1.0 y_max=1.0,x_min=0.8518742442563483 y_min=0.903805044890979 x_max=0.8775475350665055 y_max=0.9173197263787943,,
nutrient,D01,33,9ef1c6b1-92f2-41db-8c9f-25864e23d2a8,,,,,,,,,,,1654,2339,595.3200073242188,842.0399780273438,True,x_min=0.999792032314225 y_min=0.6746982504689951 x_max=1.0 y_max=0.815030768025736,x_min=0.35985259975816203 y_min=0.24289136383069687 x_max=0.619267992744861 y_max=0.2934110688328345,,
nutrient,D01,33,56e9109f-b5dd-4b28-8009-dfda57793f96,,,,,,,,,,,1654,2339,595.3200073242188,842.0399780273438,True,x_min=1.0 y_min=1.0 x_max=1.0 y_max=1.0,x_min=0.4196333434099153 y_min=0.5711937152629328 x_max=0.5886823518742442 y_max=0.6122364771269773,,
nutrient,D01,33,6fce6f24-4786-4929-8ad9-ad4e68a2ef61,,,,,,,,,,,1654,2339,595.3200073242188,842.0399780273438,True,x_min=1.0 y_min=1.0 x_max=1.0 y_max=1.0,x_min=0.3614444014510278 y_min=0.6433378794356562 x_max=0.63100469165659 y_max=0.6660457233860624,,
nutrient,D01,34,83ad0618-b040-4b41-b70f-e63057057048,,,,,,,,,,,1654,2339,595.3200073242188,842.0399780273438,True,x_min=0.32587515556880176 y_min=0.20128563301360985 x_max=0.64536085680514 y_max=0.23989359207531644,x_min=0.11729141475211609 y_min=0.07246282599401455 x_max=0.2322830894800484 y_max=0.08636169089354426,,
nutrient,D01,34,8d533fc6-ed01-43f5-80f4-2844a15605d7,,,,,,,,,,,1654,2339,595.3200073242188,842.0399780273438,True,x_min=0.4602566630198541 y_min=0.25921522219330073 x_max=1.0 y_max=0.3028359812528038,x_min=0.1656590084643289 y_min=0.09331747755451048 x_max=0.8408334945586456 y_max=0.10902095040615647,,
nutrient,D01,34,7369a098-12ca-491e-9f01-9a9be7d9b10f,,,,,,,,,,,1654,2339,595.3200073242188,842.0399780273438,True,x_min=0.4602566630198541 y_min=0.3218374507999901 x_max=1.0 y_max=0.365190722559748,x_min=0.1656590084643289 y_min=0.115861479264643 x_max=0.8753143288996372 y_max=0.13146865669089353,,
nutrient,D01,34,1e2c6558-6fa3-4983-9f49-6a8dc7eaddd9,,,,,,,,,,,1654,2339,595.3200073242188,842.0399780273438,True,x_min=0.32808695759762707 y_min=0.38477983047674097 x_max=1.0 y_max=0.49413568340871394,x_min=0.1180875030229746 y_min=0.13852073535699017 x_max=0.8777606590084643 y_max=0.17788884138520736,,
nutrient,D01,34,b3ad8a00-2073-44db-8d8b-d4fcb87a5466,,,,,,,,,,,1654,2339,595.3200073242188,842.0399780273438,True,x_min=0.3276989477925506 y_min=0.6519207096152554 x_max=1.0 y_max=0.7600589243985006,x_min=0.1179478476420798 y_min=0.23469144933732367 x_max=0.878011269649335 y_max=0.2736212056434374,,
nutrient,D01,34,3a3fc018-0f0b-4cab-be03-e1918cddf3f7,,,,,,,,,,,1654,2339,595.3200073242188,842.0399780273438,True,x_min=0.32587515556880176 y_min=0.7766852133697179 x_max=1.0 y_max=0.9522114518581243,x_min=0.11729141475211609 y_min=0.27960666951688756 x_max=0.877944800483676 y_max=0.3427961137238136,,
nutrient,D01,34,90b16ae4-8daf-464c-8979-f4e88af88868,,,,,,,,,,,1654,2339,595.3200073242188,842.0399780273438,True,x_min=1.0 y_min=1.0 x_max=1.0 y_max=1.0,x_min=0.373639661426844 y_min=0.37238135955536555 x_max=0.6223470012091898 y_max=0.38879853783668233,,
nutrient,D01,34,f9d2b4e4-7aa0-46ee-8dfe-c2eb07a7bec7,,,,,,,,,,,1654,2339,595.3200073242188,842.0399780273438,True,x_min=0.8281260396671096 y_min=1.0 x_max=1.0 y_max=1.0,x_min=0.2980652962515115 y_min=0.3954881573321932 x_max=0.6964111245465539 y_max=0.4115935314236853,,
nutrient,D01,34,5af67d0d-5a09-4ee5-8eb5-b6fb1ad1c5d9,,,,,,,,,,,1654,2339,595.3200073242188,842.0399780273438,True,x_min=0.32694332057615333 y_min=1.0 x_max=1.0 y_max=1.0,x_min=0.11767587666263603 y_min=0.427105600684053 x_max=0.8778896614268441 y_max=0.48952543822146216,,
nutrient,D01,34,98637002-7fa0-435e-b970-34714a242355,,,,,,,,,,,1654,2339,595.3200073242188,842.0399780273438,True,x_min=0.4602566630198541 y_min=1.0 x_max=1.0 y_max=1.0,x_min=0.1656590084643289 y_min=0.49769392902949977 x_max=0.5283178778718258 y_max=0.5129344519025224,,
nutrient,D01,34,ce13ca65-3f5d-4340-9335-132e835f6c9e,,,,,,,,,,,1654,2339,595.3200073242188,842.0399780273438,True,x_min=0.4602566630198541 y_min=1.0 x_max=1.0 y_max=1.0,x_min=0.1656590084643289 y_min=0.5202256092347157 x_max=0.5618206408706167 y_max=0.5355070483112441,,
nutrient,D01,34,b3e7b72c-fe9e-446f-842a-daf4f69c3921,,,,,,,,,,,1654,2339,595.3200073242188,842.0399780273438,True,x_min=0.3267735631368658 y_min=1.0 x_max=1.0 y_max=1.0,x_min=0.11761477629987908 y_min=0.5421120136810603 x_max=0.878378500604595 y_max=0.6044011714407866,,
nutrient,D01,34,06c74049-255f-42dc-a4e1-f9b8b6a741c4,,,,,,,,,,,1654,2339,595.3200073242188,842.0399780273438,True,x_min=0.32587515556880176 y_min=1.0 x_max=1.0 y_max=1.0,x_min=0.11729141475211609 y_min=0.6109448482257375 x_max=0.878104776299879 y_max=0.6964228217186832,,
nutrient,D01,34,fca3c726-326a-44eb-80dd-eeff42a1a937,,,,,,,,,,,1654,2339,595.3200073242188,842.0399780273438,True,x_min=0.554271981355222 y_min=1.0 x_max=1.0 y_max=1.0,x_min=0.19949770253929866 y_min=0.7174005985463874 x_max=0.7962896614268439 y_max=0.7567336468576314,,
nutrient,D01,34,1631c394-88f0-42fd-b360-98e2f7f66278,,,,,,,,,,,1654,2339,595.3200073242188,842.0399780273438,True,x_min=0.3291775139236577 y_min=1.0 x_max=1.0 y_max=1.0,x_min=0.11848002418379686 y_min=0.7721248396750748 x_max=0.877891753325272 y_max=0.8316143651132962,,
nutrient,D01,34,d044a192-c678-41e3-b4c2-cb7e413fcfa5,,,,,,,,,,,1654,2339,595.3200073242188,842.0399780273438,True,x_min=0.4601284126686805 y_min=1.0 x_max=1.0 y_max=1.0,x_min=0.1656128476420798 y_min=0.8408367678495083 x_max=0.8773979141475211 y_max=0.8575508507909363,,
nutrient,D01,34,f308a8b6-3705-445d-b655-53e5d10f5dad,,,,,,,,,,,1654,2339,595.3200073242188,842.0399780273438,True,x_min=0.33044197671801834 y_min=1.0 x_max=0.39978498466688056 y_max=1.0,x_min=0.11893513905683192 y_min=0.903805044890979 x_max=0.14389359129383314 y_max=0.9166310389055152,,
nutrient,D01,34,1d9d9a41-20a9-4da9-b6b2-477b5280f113,,,,,,,,,,,1654,2339,595.3200073242188,842.0399780273438,True,x_min=0.329356140542437 y_min=0.5274035812888432 x_max=1.0 y_max=0.6279595907533374,x_min=0.11854431680773882 y_min=0.18986528430953398 x_max=0.8780041112454656 y_max=0.2260654467721248,,
nutrient,D01,35,d915513c-631a-47a7-9980-55e3ecb88e71,,,,,,,,,,,1654,2339,595.3200073242188,842.0399780273438,True,x_min=0.3282215910704046 y_min=0.1924503993024636 x_max=1.0 y_max=0.7066172812767311,x_min=0.11813596130592503 y_min=0.06928214194100042 x_max=0.8778870495767837 y_max=0.2543822146216332,,
nutrient,D01,35,97d5be72-7fd4-4f48-b8d2-ef092830d73d,,,,,,,,,,,1654,2339,595.3200073242188,842.0399780273438,True,x_min=0.32587515556880176 y_min=0.7279939385254389 x_max=1.0 y_max=1.0,x_min=0.11729141475211609 y_min=0.2620778110303549 x_max=0.5316073518742442 y_max=0.3946924112868747,,
nutrient,D01,35,3840469c-2b49-4757-9798-7286bcfbaffd,,,,,,,,,,,1654,2339,595.3200073242188,842.0399780273438,True,x_min=1.0 y_min=0.9851292950998852 x_max=1.0 y_max=1.0,x_min=0.5656728295042321 y_min=0.3546465369816161 x_max=0.8479645949214026 y_max=0.3847798204360838,,
nutrient,D01,35,3f96d8b6-eb30-41a2-bf22-48e987ac9193,,,,,,,,,,,1654,2339,595.3200073242188,842.0399780273438,True,x_min=0.32587515556880176 y_min=1.0 x_max=1.0 y_max=1.0,x_min=0.11729141475211609 y_min=0.40444634459170586 x_max=0.8782406287787182 y_max=0.5703292005130398,,
nutrient,D01,35,b9d8596f-b6c1-43f0-94b4-2e15877433e1,,,,,,,,,,,1654,2339,595.3200073242188,842.0399780273438,True,x_min=0.32808272458014237 y_min=1.0 x_max=1.0 y_max=1.0,x_min=0.11808597944377268 y_min=0.6784950833689611 x_max=0.8778711668681983 y_max=0.743952377084224,,
nutrient,D01,35,a88d7505-a9da-48e9-983b-d716051bbdac,,,,,,,,,,,1654,2339,595.3200073242188,842.0399780273438,True,x_min=0.3279687858595123 y_min=1.0 x_max=1.0 y_max=1.0,x_min=0.11804496977025392 y_min=0.8041898247114151 x_max=0.8780576058041112 y_max=0.8662268020521591,,
nutrient,D01,35,7c3fced2-d358-4c97-a252-ccf20543e79c,,,,,,,,,,,1654,2339,595.3200073242188,842.0399780273438,True,x_min=1.0 y_min=1.0 x_max=1.0 y_max=1.0,x_min=0.8518742442563483 y_min=0.903805044890979 x_max=0.8776324824667473 y_max=0.9174214950833689,,
nutrient,D01,35,3cf57cad-7910-4edb-b592-30785bdff028,,,,,,,,,,,1654,2339,595.3200073242188,842.0399780273438,True,x_min=0.5288451523997555 y_min=1.0 x_max=1.0 y_max=1.0,x_min=0.19034588875453448 y_min=0.5768559213339034 x_max=0.8647521765417171 y_max=0.6631744035912784,,
nutrient,D01,35,c8bd06fa-f1cd-410f-8064-fbfc3bddd6f6,,,,,,,,,,,1654,2339,595.3200073242188,842.0399780273438,True,x_min=0.6675118341580953 y_min=1.0 x_max=1.0 y_max=1.0,x_min=0.24025583434099154 y_min=0.752137409149209 x_max=0.801969377267231 y_max=0.7945656887558785,,
nutrient,D01,35,017046b4-8c3d-405a-afa8-ae09a271be85,,,,,,,,,,,1654,2339,595.3200073242188,842.0399780273438,True,x_min=1.0 y_min=0.660565619821364 x_max=1.0 y_max=0.9687846910916026,x_min=0.5618367291414752 y_min=0.2378036169303121 x_max=0.8729993409915356 y_max=0.34876247969217616,,
nutrient,D01,36,f1a6250f-96e3-4c69-9fce-591f5eaec8c6,,,,,,,,,,,1654,2339,595.3200073242188,842.0399780273438,True,x_min=0.33058801582124075 y_min=0.19357750730774312 x_max=1.0 y_max=0.23989359801327675,x_min=0.11898770253929866 y_min=0.06968790081231295 x_max=0.4417087666263603 y_max=0.08636169303120991,,
nutrient,D01,36,03f83b10-993d-4593-9911-db8f4a0f401c,,,,,,,,,,,1654,2339,595.3200073242188,842.0399780273438,True,x_min=0.32587515556880176 y_min=0.596171218825074 x_max=1.0 y_max=1.0,x_min=0.11729141475211609 y_min=0.21462163317657118 x_max=0.878208645707376 y_max=0.3878450961949551,,
nutrient,D01,36,eca31455-45a7-482f-a24f-29bbe47aebd4,,,,,,,,,,,1654,2339,595.3200073242188,842.0399780273438,True,x_min=0.47873412029437373 y_min=1.0 x_max=1.0 y_max=1.0,x_min=0.17230955259975816 y_min=0.4125694741342454 x_max=0.8222642684401451 y_max=0.42854883796494225,,
nutrient,D01,36,18b703fc-d277-4afa-aa39-c169b5f019c8,,,,,,,,,,,1654,2339,595.3200073242188,842.0399780273438,True,x_min=0.32805117852126825 y_min=1.0 x_max=1.0 y_max=1.0,x_min=0.11807462515114873 y_min=0.44443552800342023 x_max=0.8780384099153566 y_max=0.52929412141941,,
nutrient,D01,36,d7955ca6-8c36-4311-aa4a-636caa9d88fa,,,,,,,,,,,1654,2339,595.3200073242188,842.0399780273438,True,x_min=0.32738273130782986 y_min=1.0 x_max=1.0 y_max=1.0,x_min=0.11783403264812575 y_min=0.5360963232150492 x_max=0.8778706711003628 y_max=0.6205952287302265,,
nutrient,D01,36,79ece7ce-dfdb-4cd7-8554-6c46305e51c5,,,,,,,,,,,1654,2339,595.3200073242188,842.0399780273438,True,x_min=0.3297419834457058 y_min=1.0 x_max=1.0 y_max=1.0,x_min=0.118683192261185 y_min=0.6284737067122702 x_max=0.8779630592503023 y_max=0.6903903890551518,,
nutrient,D01,36,e9acb773-8362-4f84-b970-5ff9af6f4a54,,,,,,,,,,,1654,2339,595.3200073242188,842.0399780273438,True,x_min=0.32858269097861403 y_min=1.0 x_max=1.0 y_max=1.0,x_min=0.11826593107617896 y_min=0.6964514749893117 x_max=0.8776768137847641 y_max=0.7588713125267208,,
nutrient,D01,36,49268d20-dcc0-499a-9a1e-1be015e479e0,,,,,,,,,,,1654,2339,595.3200073242188,842.0399780273438,True,x_min=0.3290269730399356 y_min=1.0 x_max=1.0 y_max=1.0,x_min=0.11842584038694075 y_min=0.7994869602394186 x_max=0.8781552237001209 y_max=0.839069942283027,,
nutrient,D01,36,99d3497c-b676-49df-b12e-6e2c93e46a29,,,,,,,,,,,1654,2339,595.3200073242188,842.0399780273438,True,x_min=0.4602566630198541 y_min=1.0 x_max=1.0 y_max=1.0,x_min=0.1656590084643289 y_min=0.8460040615647713 x_max=0.8774863361547763 y_max=0.8612693219324498,,
nutrient,D01,36,dd94940a-c7fb-4d60-8952-b72c26e6a0ee,,,,,,,,,,,1654,2339,595.3200073242188,842.0399780273438,True,x_min=0.3303130544593075 y_min=1.0 x_max=0.3997849880264182 y_max=1.0,x_min=0.11888873639661426 y_min=0.903805044890979 x_max=0.14389359250302297 y_max=0.9170016857631467,,
nutrient,D01,36,ff7fafa0-8e16-4410-981d-2d3fe00db17b,,,,,,,,,,,1654,2339,595.3200073242188,842.0399780273438,True,x_min=0.6681115452304724 y_min=0.25812933550874917 x_max=1.0 y_max=0.5676963475295671,x_min=0.2404716868198307 y_min=0.09292655835827277 x_max=0.8012937545344619 y_max=0.20437067977768275,,
nutrient,D01,36,4d5c55e8-89f0-4a6c-ad75-cb3fd60bb398,,,,,,,,,,,1654,2339,595.3200073242188,842.0399780273438,True,x_min=0.8325292177356277 y_min=1.0 x_max=1.0 y_max=1.0,x_min=0.2996501209189843 y_min=0.7645559213339034 x_max=0.8013911366384522 y_max=0.7923190637024369,,
nutrient,D01,37,43d63a8f-d521-439f-b5cc-eb4d168f36ae,,,,,,,,,,,1654,2339,595.3200073242188,842.0399780273438,True,x_min=0.3282051965264956 y_min=0.19357750730774312 x_max=1.0 y_max=0.3030579980273968,x_min=0.11813006045949215 y_min=0.06968790081231295 x_max=0.878142877871826 y_max=0.10910087644292432,,
nutrient,D01,37,002fc1c0-d259-4503-8e64-0732bb13a8b2,,,,,,,,,,,1654,2339,595.3200073242188,842.0399780273438,True,x_min=0.32900547199874347 y_min=0.40034247636286596 x_max=1.0 y_max=0.4469253121231013,x_min=0.1184181015719468 y_min=0.14412328772979907 x_max=0.5340950423216445 y_max=0.16089310816588287,,
nutrient,D01,37,f943a8bc-bad9-4eb5-9a23-d428128e12a3,,,,,,,,,,,1654,2339,595.3200073242188,842.0399780273438,True,x_min=0.3279061304816633 y_min=0.464348499124709 x_max=1.0 y_max=0.7768954171659969,x_min=0.1180224183796856 y_min=0.1671654553227875 x_max=0.8779999879081016 y_max=0.27968234288157334,,
nutrient,D01,37,182985b1-3e16-42d6-8315-60849a4e8a04,,,,,,,,,,,1654,2339,595.3200073242188,842.0399780273438,True,x_min=0.3262339541936961 y_min=0.8651797052518838 x_max=1.0 y_max=1.0,x_min=0.1174205562273277 y_min=0.3114646857631466 x_max=0.8783177750906892 y_max=0.37451901239846086,,
nutrient,D01,37,70e9211d-4e6d-43db-b2bf-4bd953458be5,,,,,,,,,,,1654,2339,595.3200073242188,842.0399780273438,True,x_min=0.32808647046466255 y_min=1.0 x_max=1.0 y_max=1.0,x_min=0.1180873276904474 y_min=0.41040983326207786 x_max=0.8783829141475212 y_max=0.4716508251389483,,
nutrient,D01,37,d2d537f3-2e9d-4e7d-8c72-a7a6ff6c26a5,,,,,,,,,,,1654,2339,595.3200073242188,842.0399780273438,True,x_min=0.404824291196295 y_min=1.0 x_max=1.0 y_max=1.0,x_min=0.1457073760580411 y_min=0.4933042753313382 x_max=0.8500380290205563 y_max=0.5322787323642583,,
nutrient,D01,37,f93786bb-32c8-44ba-82b5-81e1a912bdbd,,,,,,,,,,,1654,2339,595.3200073242188,842.0399780273438,True,x_min=0.32761581603250367 y_min=1.0 x_max=1.0 y_max=1.0,x_min=0.11791792623941959 y_min=0.5480974775545104 x_max=0.8782254232164451 y_max=0.6761521077383498,,
nutrient,D01,37,16d4bc70-11c8-4c2d-ae07-3b3e1cd2b6f7,,,,,,,,,,,1654,2339,595.3200073242188,842.0399780273438,True,x_min=0.32863666195154406 y_min=1.0 x_max=1.0 y_max=1.0,x_min=0.11828535671100363 y_min=0.6857613082513895 x_max=0.8779050060459493 y_max=0.7252084950833689,,
nutrient,D01,37,364a06a7-3479-4e0e-bec3-d98a83e717fe,,,,,,,,,,,1654,2339,595.3200073242188,842.0399780273438,True,x_min=0.32831715311989074 y_min=1.0 x_max=1.0 y_max=1.0,x_min=0.11817035671100362 y_min=0.731936725096195 x_max=0.8779738633615478 y_max=0.8237435143223599,,
nutrient,D01,37,b320a824-5d3d-4a57-83a2-1a80dd0b5b18,,,,,,,,,,,1654,2339,595.3200073242188,842.0399780273438,True,x_min=0.4602566630198541 y_min=1.0 x_max=1.0 y_max=1.0,x_min=0.1656590084643289 y_min=0.829600897819581 x_max=0.8778064087061669 y_max=0.8490807939290295,,
nutrient,D01,37,8481fc1c-5f94-485c-95d2-46ab39133b53,,,,,,,,,,,1654,2339,595.3200073242188,842.0399780273438,True,x_min=1.0 y_min=1.0 x_max=1.0 y_max=1.0,x_min=0.8518742442563483 y_min=0.903805044890979 x_max=0.8777089419588875 y_max=0.9174392389910218,,
nutrient,D01,37,88e3132a-1a03-4d64-89de-74daa4baf9b8,,,,,,,,,,,1654,2339,595.3200073242188,842.0399780273438,True,x_min=0.6702863083563066 y_min=0.3186821849345567 x_max=1.0 y_max=0.37429268351171496,x_min=0.2412544437726723 y_min=0.11472558358272766 x_max=0.8014789903264813 y_max=0.13474536254809746,,
nutrient,D01,37,1bd13288-d235-4302-994e-4e45344259ac,,,,,,,,,,,1654,2339,595.3200073242188,842.0399780273438,True,x_min=0.8342624032279776 y_min=0.7906295631706708 x_max=1.0 y_max=0.8421109252570115,x_min=0.30027394195888757 y_min=0.2846266353142369 x_max=0.8017818016928658 y_max=0.3031599251817016,,
nutrient,D01,37,19813ea3-adb4-4653-a07a-e1092a4da0ed,,,,,,,,,,,1654,2339,595.3200073242188,842.0399780273438,True,x_min=0.6110746582079478 y_min=1.0 x_max=1.0 y_max=1.0,x_min=0.2199425453446191 y_min=0.38056072253099615 x_max=0.8013311547762999 y_max=0.3984236955964087,,
nutrient,D01,38,21014db9-b2a2-4249-89c1-e66854d55392,,,,,,,,,,,1654,2339,595.3200073242188,842.0399780273438,True,x_min=0.32897002887615323 y_min=0.19357750730774312 x_max=1.0 y_max=0.23989359801327675,x_min=0.11840534461910521 y_min=0.06968790081231295 x_max=0.39688660217654176 y_max=0.08636169303120991,,
nutrient,D01,38,deb594c2-aad7-4274-add3-4ea61dc30563,,,,,,,,,,,1654,2339,595.3200073242188,842.0399780273438,True,x_min=0.4602566630198541 y_min=0.2600826631926119 x_max=1.0 y_max=0.3028359776900276,x_min=0.1656590084643289 y_min=0.09362975630611373 x_max=0.6686040507859733 y_max=0.10902094912355707,,
nutrient,D01,38,68259b22-05f7-47aa-88e2-03c50411cc07,,,,,,,,,,,1654,2339,595.3200073242188,842.0399780273438,True,x_min=0.4602566630198541 y_min=0.3254338358636713 x_max=1.0 y_max=0.3666032825700061,x_min=0.1656590084643289 y_min=0.11715617785378367 x_max=0.6415352902055622 y_max=0.1319771782813168,,
nutrient,D01,38,f69bc133-8bd5-4b22-b27d-120e6d6a8a39,,,,,,,,,,,1654,2339,595.3200073242188,842.0399780273438,True,x_min=0.32868221728256997 y_min=0.38477983047674097 x_max=1.0 y_max=0.49362383122681436,x_min=0.11830175332527207 y_min=0.13852073535699017 x_max=0.8779526602176543 y_max=0.17770457460453185,,
nutrient,D01,38,797a7824-a4fd-4228-86ac-7e0df8920f8e,,,,,,,,,,,1654,2339,595.3200073242188,842.0399780273438,True,x_min=0.3287341221398229 y_min=0.5130397739689879 x_max=1.0 y_max=0.6211106522818998,x_min=0.11832043530834341 y_min=0.18469431380932022 x_max=0.8773660217654171 y_max=0.22359982898674646,,
nutrient,D01,38,a7861a44-b31f-4bd0-aa62-4f878a64af19,,,,,,,,,,,1654,2339,595.3200073242188,842.0399780273438,True,x_min=0.8247665019808333 y_min=1.0 x_max=1.0 y_max=1.0,x_min=0.2968561064087062 y_min=0.40184707139803333 x_max=0.7292716626360338 y_max=0.4172723437366396,,
nutrient,D01,38,a93c802e-7089-4e60-b17a-304a5287121a,,,,,,,,,,,1654,2339,595.3200073242188,842.0399780273438,True,x_min=0.3274678619928001 y_min=1.0 x_max=1.0 y_max=1.0,x_min=0.11786467351874244 y_min=0.4519025224454895 x_max=0.8781059068923821 y_max=0.5370502949978624,,
nutrient,D01,38,171fa348-1078-4069-ace9-06565448c065,,,,,,,,,,,1654,2339,595.3200073242188,842.0399780273438,True,x_min=0.5862393262552156 y_min=1.0 x_max=1.0 y_max=1.0,x_min=0.21100362756952842 y_min=0.5582932449764857 x_max=0.7848062877871826 y_max=0.5744461906797776,,
nutrient,D01,38,5e01e876-9cff-4489-a239-176b1c57c118,,,,,,,,,,,1654,2339,595.3200073242188,842.0399780273438,True,x_min=0.3273876026374749 y_min=1.0 x_max=1.0 y_max=1.0,x_min=0.11783578597339782 y_min=0.5907317657118427 x_max=0.8782883857315599 y_max=0.7447627362120565,,
nutrient,D01,38,af2f37bc-235a-47cf-9186-94d7d75b9eda,,,,,,,,,,,1654,2339,595.3200073242188,842.0399780273438,True,x_min=0.3274053409964585 y_min=1.0 x_max=1.0 y_max=1.0,x_min=0.11784217049576784 y_min=0.7533133817870885 x_max=0.8779800785973397 y_max=0.8623343309106456,,
nutrient,D01,38,df0ef00f-9a1c-44cc-a1c2-fd91e9ec5572,,,,,,,,,,,1654,2339,595.3200073242188,842.0399780273438,True,x_min=0.33054647513775 y_min=1.0 x_max=0.39978498466688056 y_max=1.0,x_min=0.11897275090689238 y_min=0.903805044890979 x_max=0.14389359129383314 y_max=0.9169501231295425,,
nutrient,D01,38,f6cba4a0-bb38-4e36-9183-7291da21fb7e,,,,,,,,,,,1654,2339,595.3200073242188,842.0399780273438,True,x_min=0.7540704066334466 y_min=0.6570482571339787 x_max=1.0 y_max=1.0,x_min=0.27141064087061667 y_min=0.23653736639589568 x_max=0.7648027569528416 y_max=0.3768865754595981,,
nutrient,D01,39,f9e95839-0840-4525-962c-6225b5b7a984,,,,,,,,,,,1654,2339,595.3200073242188,842.0399780273438,True,x_min=0.34391965242400263 y_min=0.19357750730774312 x_max=1.0 y_max=0.24583155836014006,x_min=0.12378612454655381 y_min=0.06968790081231295 x_max=0.8193606106408706 y_max=0.08849935870029928,,
nutrient,D01,39,00613fe4-450f-4dd7-acdc-037bf399965a,,,,,,,,,,,1654,2339,595.3200073242188,842.0399780273438,True,x_min=0.5627225624512814 y_min=1.0 x_max=1.0 y_max=1.0,x_min=0.20253929866989118 y_min=0.7126977340743907 x_max=0.8103632406287787 y_max=0.7280889268918341,,
nutrient,D01,39,d3963b6d-bc39-4968-acd4-91d4a6c7a194,,,,,,,,,,,1654,2339,595.3200073242188,842.0399780273438,True,x_min=0.3289816864719246 y_min=1.0 x_max=1.0 y_max=1.0,x_min=0.11840954050785973 y_min=0.7627191107310817 x_max=0.8776998669891173 y_max=0.8057339974348012,,
nutrient,D01,39,43c6673b-8336-4852-9d05-37ef8974f7b4,,,,,,,,,,,1654,2339,595.3200073242188,842.0399780273438,True,x_min=0.32900901631100243 y_min=1.0 x_max=1.0 y_max=1.0,x_min=0.11841937726723095 y_min=0.8123129542539547 x_max=0.877889268440145 y_max=0.8517176571184267,,
nutrient,D01,39,5df017e6-eece-4a66-80a8-e7b20e323c17,,,,,,,,,,,1654,2339,595.3200073242188,842.0399780273438,True,x_min=1.0 y_min=1.0 x_max=1.0 y_max=1.0,x_min=0.8518742442563483 y_min=0.903805044890979 x_max=0.8775093790810158 y_max=0.9173669050876443,,
nutrient,D01,39,a709715e-b509-4c15-94fd-5f70ae5b94bf,,,,,,,,,,,1654,2339,595.3200073242188,842.0399780273438,True,x_min=0.5938659471383388 y_min=0.27296055531526825 x_max=1.0 y_max=1.0,x_min=0.2137486577992745 y_min=0.09826579734929458 x_max=0.7860518621523579 y_max=0.7007176571184266,,
nutrient,D01,40,e5fa441d-cc87-48c7-aa19-fcc84cad87b8,,,,,,,,,,,1654,2339,595.3200073242188,842.0399780273438,True,x_min=0.3278667063069148 y_min=0.19357750730774312 x_max=1.0 y_max=0.44072361132947174,x_min=0.11800822853688028 y_min=0.06968790081231295 x_max=0.877960707376058 y_max=0.15866049593843523,,
nutrient,D01,40,990e668a-8af0-4ef3-8e88-72079aca53f2,,,,,,,,,,,1654,2339,595.3200073242188,842.0399780273438,True,x_min=0.32812006584152537 y_min=0.457222946708473 x_max=1.0 y_max=0.8325020406302327,x_min=0.11809941958887546 y_min=0.16460025651988028 x_max=0.878185816203144 y_max=0.2997007268063275,,
nutrient,D01,40,65c5cc23-bd51-4460-97a2-5a28623806e8,,,,,,,,,,,1654,2339,595.3200073242188,842.0399780273438,True,x_min=0.8246943727067091 y_min=1.0 x_max=1.0 y_max=1.0,x_min=0.29683014510278116 y_min=0.4886703719538264 x_max=0.7829603143893592 y_max=0.5044613852073535,,
nutrient,D01,40,9cce334a-0ffb-4075-9cad-3e4c9e6353e9,,,,,,,,,,,1654,2339,595.3200073242188,842.0399780273438,True,x_min=0.32587515556880176 y_min=1.0 x_max=1.0 y_max=1.0,x_min=0.11729141475211609 y_min=0.5400232150491663 x_max=0.8782738814993953 y_max=0.7152629499786233,,
nutrient,D01,40,f9840e15-5ce3-4ab2-a836-6c5430b1c26e,,,,,,,,,,,1654,2339,595.3200073242188,842.0399780273438,True,x_min=0.3284388355748876 y_min=1.0 x_max=1.0 y_max=1.0,x_min=0.11821415356711003 y_min=0.725718811457888 x_max=0.878045169286578 y_max=0.8214997520307824,,
nutrient,D01,40,b0a0e598-f2f7-45d0-a3c2-b8f38f59e403,,,,,,,,,,,1654,2339,595.3200073242188,842.0399780273438,True,x_min=0.32870133305200483 y_min=1.0 x_max=0.39978498466688056 y_max=1.0,x_min=0.11830863361547762 y_min=0.903805044890979 x_max=0.14389359129383314 y_max=0.9169301868319796,,
nutrient,D01,40,f4a70c27-3a3c-4e25-a94e-215494afdbb9,,,,,,,,,,,1654,2339,595.3200073242188,842.0399780273438,True,x_min=0.8367961665509672 y_min=1.0 x_max=1.0 y_max=1.0,x_min=0.3011859129383313 y_min=0.8271362975630612 x_max=0.8610571342200726 y_max=0.8573631295425396,,
nutrient,D01,40,ebf65c89-b3c4-4c0c-b693-3ff8b7107bd9,,,,,,,,,,,1654,2339,595.3200073242188,842.0399780273438,True,x_min=0.6078231296582853 y_min=0.911121514440834 x_max=1.0 y_max=1.0,x_min=0.21877223095525997 y_min=0.3280037366395896 x_max=0.8354687243047159 y_max=0.4594566823428815,,
nutrient,D01,41,a5958771-ddbe-4b17-a8b2-cc36441731c7,,,,,,,,,,,1654,2339,595.3200073242188,842.0399780273438,True,x_min=0.5022508840983079 y_min=0.19421867639007676 x_max=1.0 y_max=0.23989360276364508,x_min=0.1807738814993954 y_min=0.06991872167592988 x_max=0.7956717896009674 y_max=0.08636169474134246,,
nutrient,D01,41,8853a208-400a-44e8-841c-df63192efde3,,,,,,,,,,,1654,2339,595.3200073242188,842.0399780273438,True,x_min=0.32948429010748 y_min=0.2897724649269284 x_max=1.0 y_max=0.39863273568835217,x_min=0.11859044135429263 y_min=0.10431808465156049 x_max=0.8777826420798065 y_max=0.14350778110303547,,
nutrient,D01,41,aa60505d-1502-4001-bea5-1ff88e7498b4,,,,,,,,,,,1654,2339,595.3200073242188,842.0399780273438,True,x_min=0.3283102828653223 y_min=0.41801476080102445 x_max=1.0 y_max=0.6543632302243342,x_min=0.1181678839177751 y_min=0.150485309961522 x_max=0.8780112938331317 y_max=0.23557075673364686,,
nutrient,D01,41,fd1a4641-027a-49cb-9a4f-299ed4eb861d,,,,,,,,,,,1654,2339,595.3200073242188,842.0399780273438,True,x_min=0.32587515556880176 y_min=0.672177111264924 x_max=1.0 y_max=1.0,x_min=0.11729141475211609 y_min=0.2419837537409149 x_max=0.878150423216445 y_max=0.41848800342026504,,
nutrient,D01,41,1960a3f2-b63f-4511-9ac5-6da199aa9bbb,,,,,,,,,,,1654,2339,595.3200073242188,842.0399780273438,True,x_min=0.32809945507782007 y_min=1.0 x_max=1.0 y_max=1.0,x_min=0.11809200120918985 y_min=0.4258230012825994 x_max=0.877963585247884 y_max=0.48696128259940147,,
nutrient,D01,41,2e59d0f3-94e1-4d99-af99-3c9104829cb2,,,,,,,,,,,1654,2339,595.3200073242188,842.0399780273438,True,x_min=0.6452223430663347 y_min=1.0 x_max=1.0 y_max=1.0,x_min=0.2322332345828295 y_min=0.6338920906370245 x_max=0.787935084643289 y_max=0.68277042154767,,
nutrient,D01,41,ae655c72-683d-4e91-8e80-f036ec502fb8,,,,,,,,,,,1654,2339,595.3200073242188,842.0399780273438,True,x_min=0.32587515556880176 y_min=1.0 x_max=1.0 y_max=1.0,x_min=0.11729141475211609 y_min=0.7139803334758443 x_max=0.877853869407497 y_max=0.814450619923044,,
nutrient,D01,41,48333c17-144e-4828-bad8-fb63041d7d13,,,,,,,,,,,1654,2339,595.3200073242188,842.0399780273438,True,x_min=0.32891404218061143 y_min=1.0 x_max=1.0 y_max=1.0,x_min=0.11838519347037485 y_min=0.8268490808037623 x_max=0.8780076239419589 y_max=0.8664378559213338,,
nutrient,D01,41,c772f66e-8b4a-4490-a4eb-503a89dde4b7,,,,,,,,,,,1654,2339,595.3200073242188,842.0399780273438,True,x_min=1.0 y_min=1.0 x_max=1.0 y_max=1.0,x_min=0.8518742442563483 y_min=0.903805044890979 x_max=0.8751000030229746 y_max=0.916766,,
nutrient,D01,41,c7650e02-6906-4a85-824e-17a219359170,,,,,,,,,,,1654,2339,595.3200073242188,842.0399780273438,True,x_min=0.733606622701916 y_min=1.0 x_max=1.0 y_max=1.0,x_min=0.26404516324062877 y_min=0.49543197947840956 x_max=0.7062105501813785 y_max=0.6158734159897392,,
nutrient,D01,42,b7cfe42a-1e3c-4030-a5bb-8e85dff40036,,,,,,,,,,,1654,2339,595.3200073242188,842.0399780273438,True,x_min=0.32816372303375846 y_min=0.19285149664797352 x_max=1.0 y_max=0.3610279890892878,x_min=0.11811513301088271 y_min=0.06942653698161608 x_max=0.8781210580411124 y_max=0.12997007268063274,,
nutrient,D01,42,631d1d20-4f80-484a-9584-afcf12a2b856,,,,,,,,,,,1654,2339,595.3200073242188,842.0399780273438,True,x_min=0.40431646347963746 y_min=0.44949861037085936 x_max=1.0 y_max=0.5581682844810696,x_min=0.14552459492140266 y_min=0.16181949551090208 x_max=0.8504144377267231 y_max=0.20094057716973066,,
nutrient,D01,42,7f05586f-9bd1-48fa-ac97-4bb3c79bfc5a,,,,,,,,,,,1654,2339,595.3200073242188,842.0399780273438,True,x_min=0.32587515556880176 y_min=0.6389245333224896 x_max=1.0 y_max=1.0,x_min=0.11729141475211609 y_min=0.23001282599401454 x_max=0.8782074969770254 y_max=0.3839475587858059,,
nutrient,D01,42,6ae57c82-9554-4187-8e0e-69f9a9e66a2f,,,,,,,,,,,1654,2339,595.3200073242188,842.0399780273438,True,x_min=0.3292361546539716 y_min=1.0 x_max=1.0 y_max=1.0,x_min=0.11850113059250302 y_min=0.3903377511757161 x_max=0.878628700120919 y_max=0.45303163317657114,,
nutrient,D01,42,430d414d-d96a-4c7b-8553-a86a602c38fb,,,,,,,,,,,1654,2339,595.3200073242188,842.0399780273438,True,x_min=0.3277284949265014 y_min=1.0 x_max=1.0 y_max=1.0,x_min=0.11795848246674728 y_min=0.45874305258657544 x_max=0.8773359310761789 y_max=0.5218078965369816,,
nutrient,D01,42,72878c94-430e-4642-8424-97488be4fe9c,,,,,,,,,,,1654,2339,595.3200073242188,842.0399780273438,True,x_min=0.39978498466688056 y_min=1.0 x_max=1.0 y_max=1.0,x_min=0.14389359129383314 y_min=0.5741769987174006 x_max=0.8502269044740024 y_max=0.5910689935870029,,
nutrient,D01,42,cb17016d-0031-4f8a-aa2d-bf090b4dc29a,,,,,,,,,,,1654,2339,595.3200073242188,842.0399780273438,True,x_min=0.326041200718946 y_min=1.0 x_max=1.0 y_max=1.0,x_min=0.11735117896009674 y_min=0.6197074818298418 x_max=0.8606540205562274 y_max=0.7249234288157331,,
nutrient,D01,42,c50ef4cc-b43f-4f19-a20a-74bbde247bbd,,,,,,,,,,,1654,2339,595.3200073242188,842.0399780273438,True,x_min=0.32845061075447807 y_min=1.0 x_max=1.0 y_max=1.0,x_min=0.11821839177750906 y_min=0.7340743907652844 x_max=0.8481369528415962 y_max=0.7737494356562633,,
nutrient,D01,42,d00a6053-f5a6-4f63-941b-ba4f0cdc0b49,,,,,,,,,,,1654,2339,595.3200073242188,842.0399780273438,True,x_min=0.32852074110367907 y_min=1.0 x_max=1.0 y_max=1.0,x_min=0.11824363361547763 y_min=0.7804901667379222 x_max=0.8509135247883918 y_max=0.842903009833262,,
nutrient,D01,42,95ebd10e-18ee-4ef9-b574-f720df3eea07,,,,,,,,,,,1654,2339,595.3200073242188,842.0399780273438,True,x_min=0.3287900920376763 y_min=1.0 x_max=0.397950223552586 y_max=1.0,x_min=0.11834058041112455 y_min=0.903805044890979 x_max=0.14323321039903267 y_max=0.9169644228302695,,
nutrient,D01,43,1214b6ab-e40d-4405-b532-6dbd2836e8cd,,,,,,,,,,,1654,2339,595.3200073242188,842.0399780273438,True,x_min=0.5207283413728276 y_min=0.25796427208702705 x_max=1.0 y_max=0.35746521288116984,x_min=0.18742442563482467 y_min=0.09286713552800342 x_max=0.8151584038694074 y_max=0.12868747327917915,,
nutrient,D01,43,4aa312bb-a2e5-4818-b1fc-376d76ea3ff2,,,,,,,,,,,1654,2339,595.3200073242188,842.0399780273438,True,x_min=0.32690619768471996 y_min=0.44925769544366645 x_max=1.0 y_max=0.5583863453864796,x_min=0.11766251511487304 y_min=0.1617327661393758 x_max=0.8783464933494559 y_max=0.20101907909362976,,
nutrient,D01,43,28aaa9f0-47bc-4344-9c91-79da8d14467f,,,,,,,,,,,1654,2339,595.3200073242188,842.0399780273438,True,x_min=0.4602566630198541 y_min=0.5740486349975931 x_max=1.0 y_max=0.6211106677205966,x_min=0.1656590084643289 y_min=0.2066575032064985 x_max=0.6636249939540508 y_max=0.2235998345446772,,
nutrient,D01,43,d5a97791-2a56-4bac-b517-e64165b78fab,,,,,,,,,,,1654,2339,595.3200073242188,842.0399780273438,True,x_min=0.3268952791872396 y_min=0.6389245333224896 x_max=1.0 y_max=0.8125119446262002,x_min=0.11765858524788392 y_min=0.23001282599401454 x_max=0.8784870012091898 y_max=0.29250429243266357,,
nutrient,D01,43,6f306a55-175f-49f9-a9b1-0e24ccf0b467,,,,,,,,,,,1654,2339,595.3200073242188,842.0399780273438,True,x_min=0.4602566630198541 y_min=0.8301268564914874 x_max=1.0 y_max=0.8761254634587474,x_min=0.1656590084643289 y_min=0.29884566053869177 x_max=0.7349386940749698 y_max=0.3154051586147926,,
nutrient,D01,43,aaa0c60e-b79e-49f3-8d33-6108af350e19,,,,,,,,,,,1654,2339,595.3200073242188,842.0399780273438,True,x_min=0.32775763891592985 y_min=0.8946610014465805 x_max=1.0 y_max=1.0,x_min=0.11796897218863361 y_min=0.32207795211628903 x_max=0.8772207859733978 y_max=0.3612654980761009,,
nutrient,D01,43,9591bdfd-3918-4c88-8a7b-99e3b1907288,,,,,,,,,,,1654,2339,595.3200073242188,842.0399780273438,True,x_min=0.4602566630198541 y_min=1.0 x_max=1.0 y_max=1.0,x_min=0.1656590084643289 y_min=0.3675065583582728 x_max=0.387970677146312 y_max=0.3830696879008123,,
nutrient,D01,43,bed17d1b-09f6-4527-8426-9fc1aa31d564,,,,,,,,,,,1654,2339,595.3200073242188,842.0399780273438,True,x_min=0.4602566630198541 y_min=1.0 x_max=1.0 y_max=1.0,x_min=0.1656590084643289 y_min=0.3903377511757161 x_max=0.7627697097944376 y_max=0.4070196066695169,,
nutrient,D01,43,b80bd903-9989-49aa-90b5-95883b2f2ea4,,,,,,,,,,,1654,2339,595.3200073242188,842.0399780273438,True,x_min=0.4602566630198541 y_min=1.0 x_max=1.0 y_max=1.0,x_min=0.1656590084643289 y_min=0.4135569901667379 x_max=0.436199661426844 y_max=0.4300983266353143,,
nutrient,D01,43,220e6119-6613-4bdd-84c4-855fea9f05e1,,,,,,,,,,,1654,2339,595.3200073242188,842.0399780273438,True,x_min=0.4602566630198541 y_min=1.0 x_max=1.0 y_max=1.0,x_min=0.1656590084643289 y_min=0.4365113296280462 x_max=0.8672140266021766 y_max=0.45275758871312527,,
nutrient,D01,43,0a18f549-9a61-49b6-97b7-023b6bc73acd,,,,,,,,,,,1654,2339,595.3200073242188,842.0399780273438,True,x_min=1.0 y_min=1.0 x_max=1.0 y_max=1.0,x_min=0.8518742442563483 y_min=0.903805044890979 x_max=0.8779285804111245 y_max=0.9168805027789655,,
nutrient,D02,1,dcb7c1e5-d35e-4456-9df1-cca5ef405751,,,,,,,,,,,1614,2283,581.1019897460938,822.0469970703125,True,x_min=0.21338767064655975 y_min=0.10321559509661789 x_max=1.0 y_max=0.13016287679577512,x_min=0.0768277571251549 y_min=0.03716516425755585 x_max=0.5065026270136307 y_max=0.04686815681121332,,
nutrient,D02,1,d8a8d8bd-1e29-4b89-af0a-32051fc6f692,,,,,,,,,,,1614,2283,581.1019897460938,822.0469970703125,True,x_min=1.0 y_min=0.10307464208491303 x_max=1.0 y_max=0.1301628743628242,x_min=0.9002478314745973 y_min=0.0371144108628997 x_max=0.9278155285006197 y_max=0.04686815593517302,,
nutrient,D02,1,5555b7f4-e506-4649-8246-fd8dd3cbe4ef,,,,,,,,,,,1614,2283,581.1019897460938,822.0469970703125,True,x_min=0.48524800289052106 y_min=0.2116667302722562 x_max=0.7797120608689945 y_max=0.24816099411230036,x_min=0.1747079182156134 y_min=0.07621550591327202 x_max=0.28072628872366795 y_max=0.08935611038107753,,
nutrient,D02,1,69381cb0-a899-424b-bdb1-54cf29824c63,,,,,,,,,,,1614,2283,581.1019897460938,822.0469970703125,True,x_min=0.4846896843754841 y_min=0.28587173341367933 x_max=1.0 y_max=0.44975834875335763,x_min=0.17450690210656752 y_min=0.1029347349978099 x_max=0.784185185873606 y_max=0.1619459045116075,,
nutrient,D02,1,23351e26-49e4-4691-878d-ed140c08598b,,,,,,,,,,,1614,2283,581.1019897460938,822.0469970703125,True,x_min=0.48970603271267305 y_min=0.4853737090725874 x_max=1.0 y_max=0.5218679729126317,x_min=0.17631298017348201 y_min=0.1747700394218134 x_max=0.562261741016109 y_max=0.18791064388961892,,
nutrient,D02,1,4a91bd8f-ae24-4b99-ac51-83af52acbe2d,,,,,,,,,,,1614,2283,581.1019897460938,822.0469970703125,True,x_min=0.48858917196971885 y_min=0.5479905304750714 x_max=1.0 y_max=0.6233116620170238,x_min=0.1759108674101611 y_min=0.19731667542706965 x_max=0.8324462453531599 y_max=0.2244377923784494,,
nutrient,D02,1,1f049a3b-7369-4246-b1ce-30e6a49921e1,,,,,,,,,,,1614,2283,581.1019897460938,822.0469970703125,True,x_min=0.4889032648539641 y_min=0.6504743669226779 x_max=1.0 y_max=0.9702015247819009,x_min=0.17602395291201983 y_min=0.23421835304424005 x_max=0.8330665799256505 y_max=0.34934351730179586,,
nutrient,D02,1,d879efd0-1ca0-4269-a23e-aeb716c1912a,,,,,,,,,,,1614,2283,581.1019897460938,822.0469970703125,True,x_min=0.4886116465098692 y_min=0.9914275009878666 x_max=1.0 y_max=1.0,x_min=0.1759189591078067 y_min=0.3569864213753833 x_max=0.803747521685254 y_max=0.3825857367498905,,
nutrient,D02,1,27d755d0-e707-4944-bbc2-19be3d3de956,,,,,,,,,,,1614,2283,581.1019897460938,822.0469970703125,True,x_min=0.21338767064655975 y_min=1.0 x_max=1.0 y_max=1.0,x_min=0.0768277571251549 y_min=0.4069207183530442 x_max=0.4931173234200743 y_max=0.938432282084976,,
nutrient,D02,1,9678a0dd-2612-4d28-b524-f41ea93d0d00,,,,,,,,,,,1614,2283,581.1019897460938,822.0469970703125,True,x_min=1.0 y_min=1.0 x_max=1.0 y_max=1.0,x_min=0.5148698884758365 y_min=0.40779675865089793 x_max=0.931810873605948 y_max=0.518343215067893,,
nutrient,D02,1,1231145e-6415-4f24-85ff-d13737af3fbe,,,,,,,,,,,1614,2283,581.1019897460938,822.0469970703125,True,x_min=1.0 y_min=1.0 x_max=1.0 y_max=1.0,x_min=0.5148698884758365 y_min=0.5208059570740254 x_max=0.9315568153655515 y_max=0.6470763907139728,,
nutrient,D02,1,5b0072cf-0094-41bd-ae18-822aad52f93c,,,,,,,,,,,1614,2283,581.1019897460938,822.0469970703125,True,x_min=1.0 y_min=1.0 x_max=1.0 y_max=1.0,x_min=0.5148698884758365 y_min=0.6495838808585195 x_max=0.9316385068153655 y_max=0.7280978142794569,,
nutrient,D02,1,71403a97-8097-4cb1-b98c-bc3f8d9dfec0,,,,,,,,,,,1614,2283,581.1019897460938,822.0469970703125,True,x_min=1.0 y_min=1.0 x_max=1.0 y_max=1.0,x_min=0.6078066914498141 y_min=0.7393780113885239 x_max=0.8400338909541512 y_max=0.7539489180902321,,
nutrient,D02,1,2d95f626-62d4-414c-befd-0087d2736a0e,,,,,,,,,,,1614,2283,581.1019897460938,822.0469970703125,True,x_min=1.0 y_min=1.0 x_max=1.0 y_max=1.0,x_min=0.5148698884758365 y_min=0.762593079281647 x_max=0.9315888166047088 y_max=0.8903299605781866,,
nutrient,D02,1,7969bf4b-1f76-402e-9148-68686ef4e8e1,,,,,,,,,,,1614,2283,581.1019897460938,822.0469970703125,True,x_min=1.0 y_min=1.0 x_max=1.0 y_max=1.0,x_min=0.5148698884758365 y_min=0.891371003066141 x_max=0.9314981412639406 y_max=0.9387579176522121,,
nutrient,D02,2,d46f6a43-98cc-4971-8f8e-03e6ae4e2fac,,,,,,,,,,,1614,2283,581.1019897460938,822.0469970703125,True,x_min=0.1892955142832385 y_min=0.10340041421345848 x_max=0.25985111506153646 y_max=0.13083086293520144,x_min=0.06815365551425032 y_min=0.03723171265878231 x_max=0.09355638166047088 y_max=0.04710868068331143,,
nutrient,D02,2,623d71d9-dd64-4147-beb4-a0149daccad3,,,,,,,,,,,1614,2283,581.1019897460938,822.0469970703125,True,x_min=1.0 y_min=0.10318761616100718 x_max=1.0 y_max=0.1301628707133978,x_min=0.49256505576208176 y_min=0.03715508979413053 x_max=0.9230851301115242 y_max=0.046868154621112566,,
nutrient,D02,2,2e6af365-a86b-4402-a2ef-7fde4ad46733,,,,,,,,,,,1614,2283,581.1019897460938,822.0469970703125,True,x_min=1.0 y_min=0.18855369650689488 x_max=1.0 y_max=0.2177491075789302,x_min=0.8159851301115242 y_min=0.06789312308366185 x_max=0.9205444052044609 y_max=0.07840560665790626,,
nutrient,D02,2,231ddf40-fc1e-4d16-875c-86c4d23ffc5b,,,,,,,,,,,1614,2283,581.1019897460938,822.0469970703125,True,x_min=0.915501941806208 y_min=0.24454286764191607 x_max=1.0 y_max=0.27857288551157233,x_min=0.32961586121437425 y_min=0.08805332019272887 x_max=0.658354312267658 y_max=0.1003066158563294,,
nutrient,D02,2,10f408ff-272b-4c61-ac66-9a59c5bd2190,,,,,,,,,,,1614,2283,581.1019897460938,822.0469970703125,True,x_min=1.0 y_min=0.7177205221875353 x_max=1.0 y_max=0.7481324087209055,x_min=0.8159851301115242 y_min=0.25843188786684185 x_max=0.9212799256505576 y_max=0.26938239159001315,,
nutrient,D02,2,5b582850-e297-436d-9937-efe60311e7e8,,,,,,,,,,,1614,2283,581.1019897460938,822.0469970703125,True,x_min=0.9877784108961718 y_min=0.7724619179476016 x_max=1.0 y_max=0.8082031603640457,x_min=0.355638166047088 y_min=0.2781427945685502 x_max=0.6326059107806692 y_max=0.2910122562417871,,
nutrient,D02,2,4d1b2663-6b9d-474c-9d0b-ea4f4081630e,,,,,,,,,,,1614,2283,581.1019897460938,822.0469970703125,True,x_min=0.18585377765990688 y_min=1.0 x_max=1.0 y_max=1.0,x_min=0.06691449814126393 y_min=0.7117827420061322 x_max=0.4827278810408922 y_max=0.7418472755146737,,
nutrient,D02,2,c4178ab2-63fc-4c71-8ac0-bf9a1eafb068,,,,,,,,,,,1614,2283,581.1019897460938,822.0469970703125,True,x_min=0.18585377765990688 y_min=1.0 x_max=1.0 y_max=1.0,x_min=0.06691449814126393 y_min=0.7433201927288655 x_max=0.4823766418835192 y_max=0.8238096014016645,,
nutrient,D02,2,cc470eb5-4dcf-4b1d-981c-edf30d6ecb35,,,,,,,,,,,1614,2283,581.1019897460938,822.0469970703125,True,x_min=0.18585377765990688 y_min=1.0 x_max=1.0 y_max=1.0,x_min=0.06691449814126393 y_min=0.8247919404292597 x_max=0.4827357868649319 y_max=0.9359865002190101,,
nutrient,D02,2,503f31aa-21aa-43e1-9935-93aa86995705,,,,,,,,,,,1614,2283,581.1019897460938,822.0469970703125,True,x_min=1.0 y_min=1.0 x_max=1.0 y_max=1.0,x_min=0.5049566294919455 y_min=0.7117827420061322 x_max=0.921922800495663 y_max=0.9352193166885677,,
nutrient,D02,2,d36a5365-a547-4ea3-91ae-d5f946978ad0,,,,,,,,,,,1614,2283,581.1019897460938,822.0469970703125,True,x_min=0.18798682834958289 y_min=0.29667764844245254 x_max=1.0 y_max=0.6566619085329842,x_min=0.06768247831474597 y_min=0.10682565484012264 x_max=0.9232560842627014 y_max=0.23644632063074897,,
nutrient,D02,2,6cd2b87b-4156-4ef6-ba94-e9fb7110354c,,,,,,,,,,,1614,2283,581.1019897460938,822.0469970703125,True,x_min=0.1878600863984287 y_min=0.8262818335457066 x_max=1.0 y_max=1.0,x_min=0.06763684634448575 y_min=0.2975219010074463 x_max=0.9221656567534077 y_max=0.6927245291283399,,
nutrient,D02,3,a521ada8-f703-46e3-bb1c-911560e7da96,,,,,,,,,,,1614,2283,581.1019897460938,822.0469970703125,True,x_min=0.21338767064655975 y_min=0.10320350941290951 x_max=1.0 y_max=0.1301628743628242,x_min=0.0768277571251549 y_min=0.037160812527376255 x_max=0.5067741821561338 y_max=0.04686815593517302,,
nutrient,D02,3,c2d1058a-1c8e-4062-8280-b89a965a87a8,,,,,,,,,,,1614,2283,581.1019897460938,822.0469970703125,True,x_min=1.0 y_min=0.10287815696839821 x_max=1.0 y_max=0.13016287557929965,x_min=0.9002478314745973 y_min=0.03704366184844503 x_max=0.9265312187112764 y_max=0.046868156373193165,,
nutrient,D02,3,adf53a06-5193-4baf-9fd0-b41b1b1c4391,,,,,,,,,,,1614,2283,581.1019897460938,822.0469970703125,True,x_min=0.21338767064655975 y_min=0.18855369650689488 x_max=1.0 y_max=0.7191201623590833,x_min=0.0768277571251549 y_min=0.06789312308366185 x_max=0.4934671933085502 y_max=0.2589358607095926,,
nutrient,D02,3,ed01a2f5-ebe8-4f05-8d38-b01c6d91e0c8,,,,,,,,,,,1614,2283,581.1019897460938,822.0469970703125,True,x_min=0.2137271463384021 y_min=0.7285176299339685 x_max=1.0 y_max=0.770028964591981,x_min=0.07694998141263941 y_min=0.2623196364432764 x_max=0.4935314560099132 y_max=0.2772667533946562,,
nutrient,D02,3,c1297340-8450-4376-8081-4bc94025c2c8,,,,,,,,,,,1614,2283,581.1019897460938,822.0469970703125,True,x_min=0.21338767064655975 y_min=0.7724619179476016 x_max=1.0 y_max=1.0,x_min=0.0768277571251549 y_min=0.2781427945685502 x_max=0.49353144361833956 y_max=0.4697816907577749,,
nutrient,D02,3,8dc0cdf5-b501-4cb4-b21d-bcc4be5a9a6a,,,,,,,,,,,1614,2283,581.1019897460938,822.0469970703125,True,x_min=0.21320715156066603 y_min=1.0 x_max=1.0 y_max=1.0,x_min=0.07676276332094176 y_min=0.472185720543145 x_max=0.4934884758364312 y_max=0.4870784056066579,,
nutrient,D02,3,f249c725-8860-4d41-82af-04ff55bf9575,,,,,,,,,,,1614,2283,581.1019897460938,822.0469970703125,True,x_min=0.21320715156066603 y_min=1.0 x_max=1.0 y_max=1.0,x_min=0.07676276332094176 y_min=0.4879544459045116 x_max=0.4934884758364312 y_max=0.6454387297415681,,
nutrient,D02,3,20035203-0ab1-42b3-a49a-538c1a9d8be9,,,,,,,,,,,1614,2283,581.1019897460938,822.0469970703125,True,x_min=0.20994593402322814 y_min=1.0 x_max=1.0 y_max=1.0,x_min=0.07558859975216853 y_min=0.6495838808585195 x_max=0.4934457249070632 y_max=0.9385254314498466,,
nutrient,D02,3,d6fa8855-3815-4ac5-9386-7957e64a9e31,,,,,,,,,,,1614,2283,581.1019897460938,822.0469970703125,True,x_min=1.0 y_min=0.18855369650689488 x_max=1.0 y_max=0.22991386219227827,x_min=0.5156099752168525 y_min=0.06789312308366185 x_max=0.9315712515489467 y_max=0.08278580814717477,,
nutrient,D02,3,87baf2fd-10e6-4dd5-a068-49308988b091,,,,,,,,,,,1614,2283,581.1019897460938,822.0469970703125,True,x_min=1.0 y_min=0.23234681311494787 x_max=1.0 y_max=0.6310490176945801,x_min=0.5148698884758365 y_min=0.08366184844502847 x_max=0.9315712515489467 y_max=0.2272238063950942,,
nutrient,D02,3,fe09de4b-867d-4001-834e-b3e09569fd83,,,,,,,,,,,1614,2283,581.1019897460938,822.0469970703125,True,x_min=1.0 y_min=0.6374331417394381 x_max=1.0 y_max=0.6787933074248216,x_min=0.5156934076827757 y_min=0.22952255803766974 x_max=0.93190009913259 y_max=0.24441524310118265,,
nutrient,D02,3,67a7c083-69f6-4ef3-a0df-27125e6eebb7,,,,,,,,,,,1614,2283,581.1019897460938,822.0469970703125,True,x_min=1.0 y_min=0.6812262583474912 x_max=1.0 y_max=1.0,x_min=0.5148698884758365 y_min=0.24529128339903636 x_max=0.9319001239157373 y_max=0.38858985107314936,,
nutrient,D02,3,af995a35-041a-4818-9ce2-a36e29171032,,,,,,,,,,,1614,2283,581.1019897460938,822.0469970703125,True,x_min=1.0 y_min=1.0 x_max=1.0 y_max=1.0,x_min=0.5978934324659232 y_min=0.4007884362680683 x_max=0.8490905390334572 y_max=0.414350485326325,,
nutrient,D02,3,2d79e1e1-3c39-442b-86d0-08ecdf24718a,,,,,,,,,,,1614,2283,581.1019897460938,822.0469970703125,True,x_min=1.0 y_min=1.0 x_max=1.0 y_max=1.0,x_min=0.5148698884758365 y_min=0.42356548401226457 x_max=0.9322879615861215 y_max=0.4542268944371441,,
nutrient,D02,3,7035b3ee-a9c3-4dff-9f67-c85b1d041687,,,,,,,,,,,1614,2283,581.1019897460938,822.0469970703125,True,x_min=1.0 y_min=1.0 x_max=1.0 y_max=1.0,x_min=0.5148698884758365 y_min=0.4551029347349978 x_max=0.9322879615861215 y_max=0.631715523434078,,
nutrient,D02,3,e4bd8b98-51d6-4cea-843e-003285eb7c60,,,,,,,,,,,1614,2283,581.1019897460938,822.0469970703125,True,x_min=1.0 y_min=1.0 x_max=1.0 y_max=1.0,x_min=0.5148698884758365 y_min=0.6338151554971528 x_max=0.9317914498141263 y_max=0.6956695137976348,,
nutrient,D02,3,e98718a1-1a18-4c56-b8db-74a7487a1441,,,,,,,,,,,1614,2283,581.1019897460938,822.0469970703125,True,x_min=1.0 y_min=1.0 x_max=1.0 y_max=1.0,x_min=0.5148698884758365 y_min=0.6982041173893999 x_max=0.9314478314745973 y_max=0.7449882194480947,,
nutrient,D02,3,c18185ff-1eed-4ba2-a5e8-7d708fd136bd,,,,,,,,,,,1614,2283,581.1019897460938,822.0469970703125,True,x_min=1.0 y_min=1.0 x_max=1.0 y_max=1.0,x_min=0.5427314126394052 y_min=0.7660972404730617 x_max=0.9313412019826517 y_max=0.8112350240911081,,
nutrient,D02,3,7ca7e47d-bbba-48f1-92e7-51c873289772,,,,,,,,,,,1614,2283,581.1019897460938,822.0469970703125,True,x_min=1.0 y_min=1.0 x_max=1.0 y_max=1.0,x_min=0.516431883519207 y_min=0.8182476565922033 x_max=0.9327379553903347 y_max=0.9351487209811652,,
nutrient,D02,4,6f567781-98ee-42e3-8222-ddad2b9514d8,,,,,,,,,,,1614,2283,581.1019897460938,822.0469970703125,True,x_min=0.1892955142832385 y_min=0.10340041421345848 x_max=0.25985111506153646 y_max=0.13088101700199684,x_min=0.06815365551425032 y_min=0.03723171265878231 x_max=0.09355638166047088 y_max=0.04712673981603154,,
nutrient,D02,4,85061d0d-0dfd-41b3-99d6-b63918e9659c,,,,,,,,,,,1614,2283,581.1019897460938,822.0469970703125,True,x_min=1.0 y_min=0.10299261514455521 x_max=1.0 y_max=0.13029659177848507,x_min=0.49256505576208176 y_min=0.037084875164257555 x_max=0.9231109665427509 y_max=0.04691630398598336,,
nutrient,D02,4,9d1ec1d6-f97d-42b0-82c3-b8092c9795c1,,,,,,,,,,,1614,2283,581.1019897460938,822.0469970703125,True,x_min=1.0 y_min=0.18855369650689488 x_max=1.0 y_max=0.2177491075789302,x_min=0.8159851301115242 y_min=0.06789312308366185 x_max=0.9218811276332094 y_max=0.07840560665790626,,
nutrient,D02,4,b7507b9f-7a20-4370-b4fe-429f54c5866d,,,,,,,,,,,1614,2283,581.1019897460938,822.0469970703125,True,x_min=0.7003934028479825 y_min=0.2436211563496173 x_max=1.0 y_max=0.27857288551157233,x_min=0.25216852540272616 y_min=0.08772143670608848 x_max=0.7377037980173482 y_max=0.1003066158563294,,
nutrient,D02,4,e12ad165-253f-4b5d-9e46-9d95e1f30596,,,,,,,,,,,1614,2283,581.1019897460938,822.0469970703125,True,x_min=0.18584443334497452 y_min=0.5759182281393405 x_max=1.0 y_max=0.7948875579240264,x_min=0.06691113382899629 y_min=0.2073726894437144 x_max=0.48323904584882277 y_max=0.28621766535260623,,
nutrient,D02,4,c225b7b3-5d52-4625-a421-a2932d3b263a,,,,,,,,,,,1614,2283,581.1019897460938,822.0469970703125,True,x_min=0.18585377765990688 y_min=0.7992243780969673 x_max=1.0 y_max=1.0,x_min=0.06691449814126393 y_min=0.28777923784494086 x_max=0.48289476456009917 y_max=0.3662474813841437,,
nutrient,D02,4,33119a1d-4f96-4228-8fd0-dff9666daa0a,,,,,,,,,,,1614,2283,581.1019897460938,822.0469970703125,True,x_min=0.18585377765990688 y_min=1.0 x_max=1.0 y_max=1.0,x_min=0.06691449814126393 y_min=0.369222032413491 x_max=0.4831806691449814 y_max=0.4806996846254928,,
nutrient,D02,4,63cb592c-8af7-4f3b-b7c6-4bc4ced35084,,,,,,,,,,,1614,2283,581.1019897460938,822.0469970703125,True,x_min=0.18585377765990688 y_min=1.0 x_max=1.0 y_max=1.0,x_min=0.06691449814126393 y_min=0.4818221638195357 x_max=0.4831833333333333 y_max=0.6099206000876041,,
nutrient,D02,4,199cc82f-1a6d-4e64-aaea-36656a83c6a6,,,,,,,,,,,1614,2283,581.1019897460938,822.0469970703125,True,x_min=1.0 y_min=0.5753576640820028 x_max=1.0 y_max=0.9296538065628791,x_min=0.5049566294919455 y_min=0.20717084537888744 x_max=0.9224211276332094 y_max=0.3347433727551467,,
nutrient,D02,4,d8370bea-ecff-4a93-9070-328986e88b5c,,,,,,,,,,,1614,2283,581.1019897460938,822.0469970703125,True,x_min=1.0 y_min=0.9342531543051307 x_max=1.0 y_max=1.0,x_min=0.5049566294919455 y_min=0.3363994743758213 x_max=0.9223313506815366 y_max=0.47964901445466496,,
nutrient,D02,4,eb8fcf9c-515c-401f-9773-20ce06429c18,,,,,,,,,,,1614,2283,581.1019897460938,822.0469970703125,True,x_min=1.0 y_min=1.0 x_max=1.0 y_max=1.0,x_min=0.5049566294919455 y_min=0.4818221638195357 x_max=0.922124907063197 y_max=0.6097116425755585,,
nutrient,D02,4,9eebb1aa-db7b-4d0b-97cd-d48b3150de20,,,,,,,,,,,1614,2283,581.1019897460938,822.0469970703125,True,x_min=0.7652855399691727 y_min=1.0 x_max=1.0 y_max=1.0,x_min=0.27553218711276334 y_min=0.8807864213753832 x_max=0.41615040272614623 y_max=0.8923784494086727,,
nutrient,D02,4,f4d0d7be-081d-46ba-bd75-f8c580f1f8e6,,,,,,,,,,,1614,2283,581.1019897460938,822.0469970703125,True,x_min=0.5523987280447232 y_min=1.0 x_max=1.0 y_max=1.0,x_min=0.19888475836431227 y_min=0.9097678493210688 x_max=0.7902438661710037 y_max=0.9233368493210689,,
nutrient,D02,4,be5db878-899e-4f5b-b324-7a5e8d9f32f6,,,,,,,,,,,1614,2283,581.1019897460938,822.0469970703125,True,x_min=0.18775810774227938 y_min=0.2967245679009962 x_max=1.0 y_max=0.5016684222066764,x_min=0.06760013011152416 y_min=0.10684254927726675 x_max=0.9232086183395292 y_max=0.18063732807709154,,
nutrient,D02,4,67815b00-6d0c-4192-b0bb-7eb6acf533ef,,,,,,,,,,,1614,2283,581.1019897460938,822.0469970703125,True,x_min=0.373467280837957 y_min=1.0 x_max=1.0 y_max=1.0,x_min=0.1344625650557621 y_min=0.6345168199737188 x_max=0.8758245229244114 y_max=0.8929365746824354,,
nutrient,D02,5,386c411a-318a-4e12-b3b7-8e0956e55e5e,,,,,,,,,,,1614,2283,581.1019897460938,822.0469970703125,True,x_min=0.21338767064655975 y_min=0.1029801219415673 x_max=1.0 y_max=0.13016287071339783,x_min=0.0768277571251549 y_min=0.037080376697328075 x_max=0.5068421313506815 y_max=0.04686815462111257,,
nutrient,D02,5,5eac13a9-39a5-4d14-85a2-de0bdfd92d8d,,,,,,,,,,,1614,2283,581.1019897460938,822.0469970703125,True,x_min=1.0 y_min=0.10221593205675679 x_max=1.0 y_max=0.13016287557929965,x_min=0.9002478314745973 y_min=0.03680521243977223 x_max=0.9278371592317224 y_max=0.046868156373193165,,
nutrient,D02,5,1a5efb8e-ce49-496f-9b64-d2c38741cc39,,,,,,,,,,,1614,2283,581.1019897460938,822.0469970703125,True,x_min=0.4190337226454779 y_min=0.18855369650689488 x_max=1.0 y_max=0.33209780094440194,x_min=0.1508682342007435 y_min=0.06789312308366185 x_max=0.9317119144981413 y_max=0.11957950065703023,,
nutrient,D02,5,189673b7-c2ce-4206-bd18-2c58404d7afe,,,,,,,,,,,1614,2283,581.1019897460938,822.0469970703125,True,x_min=0.4525883659681066 y_min=0.8028738044809717 x_max=1.0 y_max=0.9464179089184788,x_min=0.16294919454770757 y_min=0.2890932982917214 x_max=0.9321754646840148 y_max=0.3407796758650898,,
nutrient,D02,5,d849c030-9038-4d8a-8234-d59ceb567a79,,,,,,,,,,,1614,2283,581.1019897460938,822.0469970703125,True,x_min=0.21338767064655975 y_min=1.0 x_max=1.0 y_max=1.0,x_min=0.0768277571251549 y_min=0.4275076653526062 x_max=0.4930516109045849 y_max=0.5552063074901445,,
nutrient,D02,5,2cbe8259-6e27-4b20-964b-018ddc9835b7,,,,,,,,,,,1614,2283,581.1019897460938,822.0469970703125,True,x_min=0.21338767064655975 y_min=1.0 x_max=1.0 y_max=1.0,x_min=0.0768277571251549 y_min=0.557161629434954 x_max=0.49256889714993807 y_max=0.6035917652212002,,
nutrient,D02,5,b371b69e-1ec2-48a5-8e95-292064b5b54f,,,,,,,,,,,1614,2283,581.1019897460938,822.0469970703125,True,x_min=0.21289318602067583 y_min=1.0 x_max=1.0 y_max=1.0,x_min=0.07664972366790583 y_min=0.6557161629434954 x_max=0.4928080693928129 y_max=0.6706088480070084,,
nutrient,D02,5,2f503f17-a0c1-4d36-832a-1be194ddbfeb,,,,,,,,,,,1614,2283,581.1019897460938,822.0469970703125,True,x_min=0.21289318602067583 y_min=1.0 x_max=1.0 y_max=1.0,x_min=0.07664972366790583 y_min=0.671484888304862 x_max=0.4928080693928129 y_max=0.814602838370565,,
nutrient,D02,5,b981e5c9-1bd6-43f7-8150-8c8c46cd8b5f,,,,,,,,,,,1614,2283,581.1019897460938,822.0469970703125,True,x_min=0.21338767064655975 y_min=1.0 x_max=1.0 y_max=1.0,x_min=0.0768277571251549 y_min=0.8160315374507228 x_max=0.4928549566294919 y_max=0.9285145992115638,,
nutrient,D02,5,93caf120-0613-4871-b746-9df19f5f1f20,,,,,,,,,,,1614,2283,581.1019897460938,822.0469970703125,True,x_min=1.0 y_min=1.0 x_max=1.0 y_max=1.0,x_min=0.5148698884758365 y_min=0.4275076653526062 x_max=0.9319289343246592 y_max=0.6852648269820413,,
nutrient,D02,5,56eb76d3-516d-41e8-bb7f-d49b3de5c669,,,,,,,,,,,1614,2283,581.1019897460938,822.0469970703125,True,x_min=1.0 y_min=1.0 x_max=1.0 y_max=1.0,x_min=0.5148698884758365 y_min=0.6872536136662286 x_max=0.9318970260223048 y_max=0.7954445904511608,,
nutrient,D02,5,63628b59-08ef-484b-90da-7dced6235ec7,,,,,,,,,,,1614,2283,581.1019897460938,822.0469970703125,True,x_min=1.0 y_min=1.0 x_max=1.0 y_max=1.0,x_min=0.5148698884758365 y_min=0.7989487516425755 x_max=0.9317872738537796 y_max=0.9271884537888743,,
nutrient,D02,5,9adde5ee-78b8-4f09-835e-c3e76ef361e1,,,,,,,,,,,1614,2283,581.1019897460938,822.0469970703125,True,x_min=0.21517639279575454 y_min=0.34523305968080287 x_max=1.0 y_max=0.7533394954388851,x_min=0.0774717657992565 y_min=0.12430915462111257 x_max=0.9325635873605947 y_max=0.27125732369689004,,
nutrient,D02,5,41d23dc2-17c5-4ada-810b-f11a62f95f79,,,,,,,,,,,1614,2283,581.1019897460938,822.0469970703125,True,x_min=0.21601258852141764 y_min=0.9589511339490652 x_max=1.0 y_max=1.0,x_min=0.07777282837670384 y_min=0.34529255365746825 x_max=0.9328474876084263 y_max=0.4044550591327201,,
nutrient,D02,5,7de5a4e2-f0ba-4058-9da1-102090417518,,,,,,,,,,,1614,2283,581.1019897460938,822.0469970703125,True,x_min=0.2793188852630169 y_min=1.0 x_max=1.0 y_max=1.0,x_min=0.10056552664188352 y_min=0.6130863337713535 x_max=0.4809031970260223 y_max=0.6475207490144546,,
nutrient,D02,6,df05aa6c-182a-4186-ad4a-85c6c7f8db68,,,,,,,,,,,1614,2283,581.1019897460938,822.0469970703125,True,x_min=0.1892955142832385 y_min=0.10340041421345848 x_max=0.25985111506153646 y_max=0.1301628743628242,x_min=0.06815365551425032 y_min=0.03723171265878231 x_max=0.09355638166047088 y_max=0.04686815593517302,,
nutrient,D02,6,b17f8a32-0238-4664-b435-83f8eb6cb20b,,,,,,,,,,,1614,2283,581.1019897460938,822.0469970703125,True,x_min=1.0 y_min=0.1031784317712741 x_max=1.0 y_max=0.1301628743628242,x_min=0.49256505576208176 y_min=0.03715178274200613 x_max=0.9231954770755886 y_max=0.04686815593517302,,
nutrient,D02,6,a86dee6d-48b7-4b92-b488-844dd0c64401,,,,,,,,,,,1614,2283,581.1019897460938,822.0469970703125,True,x_min=1.0 y_min=0.20684312527870757 x_max=1.0 y_max=0.23842918433924462,x_min=0.8159851301115242 y_min=0.0744786552781428 x_max=0.9219006381660472 y_max=0.08585194699956199,,
nutrient,D02,6,ff03d2bf-5509-4650-a46f-edbad51f9506,,,,,,,,,,,1614,2283,581.1019897460938,822.0469970703125,True,x_min=0.23231722207488362 y_min=0.2613880845812775 x_max=1.0 y_max=0.3393966537124108,x_min=0.08364312267657993 y_min=0.09411883048620237 x_max=0.9048586741016109 y_max=0.12220762155059132,,
nutrient,D02,6,5b44323d-1fbe-4c26-ae68-8711c1012c9b,,,,,,,,,,,1614,2283,581.1019897460938,822.0469970703125,True,x_min=0.24264243194487845 y_min=0.7481324087209055 x_max=1.0 y_max=0.869460836846614,x_min=0.08736059479553904 y_min=0.26938239159001315 x_max=0.9224611524163568 y_max=0.3130695006570302,,
nutrient,D02,6,995fe913-bc55-4f9e-8bd2-80d48411235f,,,,,,,,,,,1614,2283,581.1019897460938,822.0469970703125,True,x_min=0.18585377765990688 y_min=1.0 x_max=1.0 y_max=1.0,x_min=0.06691449814126393 y_min=0.46386333771353483 x_max=0.48348525402726145 y_max=0.5727514454664915,,
nutrient,D02,6,c4c57647-aee5-4b78-b328-9161a3fcae1d,,,,,,,,,,,1614,2283,581.1019897460938,822.0469970703125,True,x_min=0.18585377765990688 y_min=1.0 x_max=1.0 y_max=1.0,x_min=0.06691449814126393 y_min=0.5768725361366623 x_max=0.4829812515489467 y_max=0.657030223390276,,
nutrient,D02,6,53ad0c87-32ab-4b99-b924-84cee67d23a6,,,,,,,,,,,1614,2283,581.1019897460938,822.0469970703125,True,x_min=0.2805015348015261 y_min=1.0 x_max=1.0 y_max=1.0,x_min=0.10099132589838909 y_min=0.6749890494962768 x_max=0.4843004337050805 y_max=0.7184363495400788,,
nutrient,D02,6,0b4ef3ec-93d5-4f5f-89de-ab286fdfe9c4,,,,,,,,,,,1614,2283,581.1019897460938,822.0469970703125,True,x_min=0.18859935421643723 y_min=1.0 x_max=0.733892410498095 y_max=1.0,x_min=0.06790301115241636 y_min=0.8742882172579939 x_max=0.2642294547707559 y_max=0.8844564126149803,,
nutrient,D02,6,cddbf3f6-5b17-4e9a-8d44-e5f54452621e,,,,,,,,,,,1614,2283,581.1019897460938,822.0469970703125,True,x_min=0.1892955142832385 y_min=1.0 x_max=1.0 y_max=1.0,x_min=0.06815365551425032 y_min=0.8961892247043364 x_max=0.4684747831474597 y_max=0.9211827871222077,,
nutrient,D02,6,e04f9ac9-c576-4103-a55d-b82758dce1bc,,,,,,,,,,,1614,2283,581.1019897460938,822.0469970703125,True,x_min=1.0 y_min=1.0 x_max=1.0 y_max=1.0,x_min=0.5049566294919455 y_min=0.46386333771353483 x_max=0.9217225278810408 y_max=0.4943770652650022,,
nutrient,D02,6,f0c703aa-e0a8-47b6-a077-4ec0018b461f,,,,,,,,,,,1614,2283,581.1019897460938,822.0469970703125,True,x_min=1.0 y_min=1.0 x_max=1.0 y_max=1.0,x_min=0.6765799256505576 y_min=0.5063512921594393 x_max=0.7504620384138786 y_max=0.5181778361804643,,
nutrient,D02,6,f5445ebc-a42b-447e-a0ca-a85221f78f98,,,,,,,,,,,1614,2283,581.1019897460938,822.0469970703125,True,x_min=1.0 y_min=1.0 x_max=1.0 y_max=1.0,x_min=0.5049566294919455 y_min=0.5282522996057819 x_max=0.9222531598513011 y_max=0.7533364301357862,,
nutrient,D02,6,08f97bcb-bb4e-491c-9ce8-2f8cefdf292f,,,,,,,,,,,1614,2283,581.1019897460938,822.0469970703125,True,x_min=1.0 y_min=1.0 x_max=1.0 y_max=1.0,x_min=0.5302888289962825 y_min=0.7551467367498905 x_max=0.9221007620817844 y_max=0.8007925843188787,,
nutrient,D02,6,d52c21a3-ec02-4569-92e7-7490b14da760,,,,,,,,,,,1614,2283,581.1019897460938,822.0469970703125,True,x_min=1.0 y_min=1.0 x_max=1.0 y_max=1.0,x_min=0.530359355638166 y_min=0.8028909329829172 x_max=0.7444415737298637 y_max=0.8178995926412616,,
nutrient,D02,6,e965ad6c-26d4-447f-bdfc-8d203991f37f,,,,,,,,,,,1614,2283,581.1019897460938,822.0469970703125,True,x_min=1.0 y_min=1.0 x_max=1.0 y_max=1.0,x_min=0.5299476456009914 y_min=0.8195356986421375 x_max=0.8129828996282528 y_max=0.8336058659658344,,
nutrient,D02,6,e277a1e1-88f7-4543-aec1-3d59e5b3bc49,,,,,,,,,,,1614,2283,581.1019897460938,822.0469970703125,True,x_min=1.0 y_min=1.0 x_max=1.0 y_max=1.0,x_min=0.5066008674101611 y_min=0.8961892247043364 x_max=0.9214773234200744 y_max=0.9215650919842313,,
nutrient,D02,6,a34214c5-8ff5-4e1a-9638-fbdb5fd28dce,,,,,,,,,,,1614,2283,581.1019897460938,822.0469970703125,True,x_min=0.18833198979032695 y_min=0.3511112759108011 x_max=1.0 y_max=0.6753396727663189,x_min=0.06780674969021065 y_min=0.12642574244415244 x_max=0.923356873605948 y_max=0.24317168199737185,,
nutrient,D02,6,29fb0f8f-413d-4aef-9357-f31932e3531a,,,,,,,,,,,1614,2283,581.1019897460938,822.0469970703125,True,x_min=0.18806719289973767 y_min=0.8890235626485605 x_max=1.0 y_max=1.0,x_min=0.06771141263940521 y_min=0.3201135129215944 x_max=0.9229044114002478 y_max=0.4379840341655717,,
nutrient,D02,6,0c00bca2-82b3-4a76-a38e-9fdd274c0448,,,,,,,,,,,1614,2283,581.1019897460938,822.0469970703125,True,x_min=0.18874445783247687 y_min=1.0 x_max=1.0 y_max=1.0,x_min=0.06795525402726146 y_min=0.7423011388523872 x_max=0.48388214374225524 y_max=0.8305496320630749,,
nutrient,D02,6,508fb18e-1a0b-464c-9040-9acf1ae98abd,,,,,,,,,,,1614,2283,581.1019897460938,822.0469970703125,True,x_min=0.456721031218572 y_min=1.0 x_max=1.0 y_max=1.0,x_min=0.16443711276332093 y_min=0.724040035041612 x_max=0.38605066294919455 y_max=0.7374911353482261,,
nutrient,D02,7,6755b737-5c27-4e35-9c54-d04d04d2adf3,,,,,,,,,,,1614,2283,581.1019897460938,822.0469970703125,True,x_min=0.21338767064655975 y_min=0.10320608225851025 x_max=1.0 y_max=0.13016287679577512,x_min=0.0768277571251549 y_min=0.03716173893999124 x_max=0.5067330049566295 y_max=0.04686815681121331,,
nutrient,D02,7,251cf281-dddc-40f6-946f-7e12be318727,,,,,,,,,,,1614,2283,581.1019897460938,822.0469970703125,True,x_min=1.0 y_min=0.10270665825785924 x_max=1.0 y_max=0.1301628707133978,x_min=0.9002478314745973 y_min=0.03698190976784932 x_max=0.9281693358116481 y_max=0.046868154621112566,,
nutrient,D02,7,5c04904e-e6e0-49f8-96a5-59891712b178,,,,,,,,,,,1614,2283,581.1019897460938,822.0469970703125,True,x_min=0.21338767064655975 y_min=0.18855369650689488 x_max=1.0 y_max=0.2563392004970443,x_min=0.0768277571251549 y_min=0.06789312308366185 x_max=0.49212895910780674 y_max=0.09230086289969339,,
nutrient,D02,7,baa4a06b-56f9-4574-bcb0-b9a5f260fd75,,,,,,,,,,,1614,2283,581.1019897460938,822.0469970703125,True,x_min=0.21175146905582792 y_min=0.261725620027534 x_max=1.0 y_max=0.37076971400204534,x_min=0.07623866171003717 y_min=0.0942403679369251 x_max=0.49256505576208176 y_max=0.13350421813403415,,
nutrient,D02,7,730529e0-88f4-46f1-81c4-b264c3ff772b,,,,,,,,,,,1614,2283,581.1019897460938,822.0469970703125,True,x_min=0.21338767064655975 y_min=0.3734579666297853 x_max=1.0 y_max=0.4443237872064856,x_min=0.0768277571251549 y_min=0.13447218572054315 x_max=0.49256505576208176 y_max=0.15998906482698205,,
nutrient,D02,7,b44f77ce-05f5-4b4e-97b0-0fab2ed98ff7,,,,,,,,,,,1614,2283,581.1019897460938,822.0469970703125,True,x_min=1.0 y_min=0.19142910388436118 x_max=1.0 y_max=0.3687185417381611,x_min=0.5148698884758365 y_min=0.06892848007008322 x_max=0.9320649318463445 y_max=0.13276564607971966,,
nutrient,D02,7,618ce1d2-ca0a-42a2-a74a-8359d3d13b8f,,,,,,,,,,,1614,2283,581.1019897460938,822.0469970703125,True,x_min=1.0 y_min=0.37710739301378976 x_max=1.0 y_max=0.44766296977120845,x_min=0.5148698884758365 y_min=0.1357862461673237 x_max=0.9317879553903347 y_max=0.16119141480508103,,
nutrient,D02,7,152c9814-4c48-4828-be05-4f786eb74fe1,,,,,,,,,,,1614,2283,581.1019897460938,822.0469970703125,True,x_min=1.0 y_min=0.46104419984589134 x_max=1.0 y_max=0.5583622367526758,x_min=0.6765742255266419 y_min=0.1660096364432764 x_max=0.929615322180917 y_max=0.20105124835742444,,
nutrient,D02,7,a50f3c63-dfd1-4df8-a9cf-60928f15824a,,,,,,,,,,,1614,2283,581.1019897460938,822.0469970703125,True,x_min=0.48377211739170395 y_min=0.6641956018888039 x_max=1.0 y_max=0.7499149467086632,x_min=0.1741765427509294 y_min=0.23915900131406045 x_max=0.7468158674101611 y_max=0.27002423565484013,,
nutrient,D02,7,8d551549-6ed2-4f17-b3b8-bb5178f7c627,,,,,,,,,,,1614,2283,581.1019897460938,822.0469970703125,True,x_min=0.4893071182293458 y_min=0.7853883808358191 x_max=1.0 y_max=0.8191644339069369,x_min=0.17616935563816605 y_min=0.2827972667542707 x_max=0.5325422180916977 y_max=0.2949591165133596,,
nutrient,D02,7,f060e237-77c9-403a-8ca5-8c331c32377c,,,,,,,,,,,1614,2283,581.1019897460938,822.0469970703125,True,x_min=0.4897878083748434 y_min=0.8430174947050203 x_max=1.0 y_max=0.9160158235279006,x_min=0.1763424225526642 y_min=0.3035479632063075 x_max=0.8147463258983892 y_max=0.32983270127025843,,
nutrient,D02,7,2baded6e-17f2-4c84-a3d2-c2ea79e1e029,,,,,,,,,,,1614,2283,581.1019897460938,822.0469970703125,True,x_min=0.4852848638897569 y_min=0.9439849579958092 x_max=1.0 y_max=1.0,x_min=0.17472118959107807 y_min=0.3399036355672361 x_max=0.8333016728624536 y_max=0.4522223828296102,,
nutrient,D02,7,e1aa4ba9-9d05-4b26-ab48-40389305272d,,,,,,,,,,,1614,2283,581.1019897460938,822.0469970703125,True,x_min=0.49023769497756225 y_min=1.0 x_max=1.0 y_max=1.0,x_min=0.17650439900867412 y_min=0.46254927726675427 x_max=0.8217675960346963 y_max=0.4747489833552343,,
nutrient,D02,7,6ec2d68f-3108-4613-b20f-157ada2970cf,,,,,,,,,,,1614,2283,581.1019897460938,822.0469970703125,True,x_min=0.4852848638897569 y_min=1.0 x_max=1.0 y_max=1.0,x_min=0.17472118959107807 y_min=0.48313622426631625 x_max=0.8331584882280049 y_max=0.5883835567236092,,
nutrient,D03,1,39423d29-b98a-4abc-8814-579734a5918e,,,,,,,,,,,1575,2087,566.9199829101562,751.1699829101562,True,x_min=0.7702002983888427 y_min=0.16906958862757146 x_max=1.0 y_max=0.23163864898580658,x_min=0.2772329777777778 y_min=0.06085289889793963 x_max=0.8457142666666666 y_max=0.08337326305701964,,
nutrient,D03,1,ede5ebc9-f20f-4a83-9f38-59d0e01cc3b9,,,,,,,,,,,1575,2087,566.9199829101562,751.1699829101562,True,x_min=0.929584449104729 y_min=0.22098859615887292 x_max=1.0 y_max=0.29021393953394153,x_min=0.3346031746031746 y_min=0.07954000958313369 x_max=0.7841269841269841 y_max=0.10445615716339243,,
nutrient,D03,1,a7af67a9-20c1-4d3c-8ae9-9768e9fb2cef,,,,,,,,,,,1575,2087,566.9199829101562,751.1699829101562,True,x_min=1.0 y_min=0.3021952489642419 x_max=1.0 y_max=0.35691473847413646,x_min=0.5164820126984127 y_min=0.10876856732151413 x_max=0.9231746031746032 y_max=0.1284636502156205,,
nutrient,D03,1,af4c3a7b-1ea8-4320-8da4-e0ee643cf6a2,,,,,,,,,,,1575,2087,566.9199829101562,751.1699829101562,True,x_min=0.20461441384468418 y_min=0.42467085647397873 x_max=1.0 y_max=0.5351651545534152,x_min=0.07365079365079365 y_min=0.1528509822712027 x_max=0.857143619047619 y_max=0.19262098706276953,,
nutrient,D03,1,3f1be263-25ab-42e0-8df2-7849a4279eb5,,,,,,,,,,,1575,2087,566.9199829101562,751.1699829101562,True,x_min=0.20461441384468418 y_min=0.5471464639837155 x_max=1.0 y_max=0.5870841620847166,x_min=0.07365079365079365 y_min=0.19693339722089123 x_max=0.9130158730158731 y_max=0.21130809774796358,,
nutrient,D03,1,302c274e-95d7-4bfd-a864-d7ea73b41718,,,,,,,,,,,1575,2087,566.9199829101562,751.1699829101562,True,x_min=1.0 y_min=0.6790618123794351 x_max=1.0 y_max=0.7135535394045536,x_min=0.746031746031746 y_min=0.2444134403449928 x_max=0.9149206349206349 y_max=0.25682798275035934,,
nutrient,D03,1,c74f2f01-4e6d-44a8-bee9-babc18d0e983,,,,,,,,,,,1575,2087,566.9199829101562,751.1699829101562,True,x_min=1.0 y_min=0.7184516318253207 x_max=1.0 y_max=0.753491209549166,x_min=0.7066666666666667 y_min=0.25859094393866794 x_max=0.9149206349206349 y_max=0.27120267321514135,,
nutrient,D03,1,595e8551-c9bf-4c39-89fe-1bdfcac54f37,,,,,,,,,,,1575,2087,566.9199829101562,751.1699829101562,True,x_min=1.0 y_min=0.7593217420513197 x_max=1.0 y_max=0.7947601922099226,x_min=0.7361789841269841 y_min=0.27330124580737897 x_max=0.9149206158730159 y_max=0.2860565404887398,,
nutrient,D03,1,be711112-4d42-4dae-8e3b-ff52b3f37736,,,,,,,,,,,1575,2087,566.9199829101562,751.1699829101562,True,x_min=0.20792131791671284 y_min=0.6163718073587842 x_max=1.0 y_max=0.6536469922530519,x_min=0.07484111111111111 y_min=0.22184954480115 x_max=0.6063492 y_max=0.23526593195975085,,
nutrient,D03,1,04d0e836-60ab-46fd-bbb8-e5bf0d1dba29,,,,,,,,,,,1575,2087,566.9199829101562,751.1699829101562,True,x_min=0.20461441384468418 y_min=0.6788052925445324 x_max=0.5521146889077009 y_max=0.7867726525897223,x_min=0.07365079365079365 y_min=0.24432111164350745 x_max=0.19873323809523813 y_max=0.28318160038332535,,
nutrient,D03,1,eea2f886-1aca-49cb-82b2-176803a8fa0b,,,,,,,,,,,1575,2087,566.9199829101562,751.1699829101562,True,x_min=0.342199967981627 y_min=0.8426854299311238 x_max=1.0 y_max=1.0,x_min=0.12317460317460317 y_min=0.30330618112122665 x_max=0.9168253968253969 y_max=0.4763149353138476,,
nutrient,D03,1,cf2d57b2-6753-49d4-b807-59b4fa422847,,,,,,,,,,,1575,2087,566.9199829101562,751.1699829101562,True,x_min=0.342199967981627 y_min=1.0 x_max=1.0 y_max=1.0,x_min=0.12317460317460317 y_min=0.48675668423574514 x_max=0.9149206349206349 y_max=0.5124790689985625,,
nutrient,D03,1,14d264fc-3ddd-4ba9-bdfc-420714bd6ff9,,,,,,,,,,,1575,2087,566.9199829101562,751.1699829101562,True,x_min=0.20461441384468418 y_min=1.0 x_max=1.0 y_max=1.0,x_min=0.07365079365079365 y_min=0.5324135122184954 x_max=0.3723685079365079 y_max=0.5427142692860565,,
nutrient,D03,1,8323a404-8100-4202-8c5c-40c3a3220315,,,,,,,,,,,1575,2087,566.9199829101562,751.1699829101562,True,x_min=0.9895576393695503 y_min=1.0 x_max=1.0 y_max=1.0,x_min=0.35619047619047617 y_min=0.5527763296597987 x_max=0.7574603174603175 y_max=0.5654049041686632,,
nutrient,D03,1,accc9d66-49d1-43a3-9d5d-8879d347434c,,,,,,,,,,,1575,2087,566.9199829101562,751.1699829101562,True,x_min=0.9894473945345046 y_min=1.0 x_max=1.0 y_max=1.0,x_min=0.35615079365079366 y_min=0.567912553905127 x_max=0.49714285714285716 y_max=0.5802587350263536,,
nutrient,D03,1,5f3730f3-508a-486e-a304-223415a4a3d9,,,,,,,,,,,1575,2087,566.9199829101562,751.1699829101562,True,x_min=0.20461441384468418 y_min=1.0 x_max=1.0 y_max=1.0,x_min=0.07365079365079365 y_min=0.5893627216099665 x_max=0.9164384761904761 y_max=0.6171538092956397,,
nutrient,D03,1,4b32b714-447c-49b9-a169-d7cbd0ac2bf9,,,,,,,,,,,1575,2087,566.9199829101562,751.1699829101562,True,x_min=0.20461441384468418 y_min=1.0 x_max=0.5962040679267522 y_max=1.0,x_min=0.07365079365079365 y_min=0.9043535697172975 x_max=0.2146031746031746 y_max=0.9151892841399137,,
nutrient,D03,1,4c16d953-9d0a-4bda-8c34-daa17b92e922,,,,,,,,,,,1575,2087,566.9199829101562,751.1699829101562,True,x_min=0.5905388945392955 y_min=1.0 x_max=0.9348762011869192 y_max=1.0,x_min=0.212564 y_min=0.5526992333493053 x_max=0.33650793650793653 y_max=0.5654048988979397,,
nutrient,D03,1,7a783992-d6ca-4f2a-87a9-0f3dd7ad66f9,,,,,,,,,,,1575,2087,566.9199829101562,751.1699829101562,True,x_min=0.20461441384468418 y_min=1.0 x_max=1.0 y_max=1.0,x_min=0.07365079365079365 y_min=0.9180642069956876 x_max=0.8196852698412699 y_max=0.9310014374700527,,
nutrient,D03,1,a0d16cf6-e42f-4d47-9534-fb5e7302c67c,,,,,,,,,,,1575,2087,566.9199829101562,751.1699829101562,True,x_min=1.0 y_min=1.0 x_max=1.0 y_max=1.0,x_min=0.48425339682539686 y_min=0.9420220412074748 x_max=0.5142857161904761 y_max=0.9631049353138477,,
nutrient,D03,1,3ff98aa8-b292-43d8-8e6c-9b72f6ae5920,,,,,,,,,,,1575,2087,566.9199829101562,751.1699829101562,True,x_min=0.20640225874441254 y_min=0.19068427021681428 x_max=0.3931332140665088 y_max=0.3548303460787774,x_min=0.07429432698412698 y_min=0.06863263057019646 x_max=0.14150798412698412 y_max=0.12771341878294204,,
nutrient,D03,2,ddfa573d-6d8c-4dbc-90d6-09e7453c42fe,,,,,,,,,,,1575,2087,566.9199829101562,751.1699829101562,True,x_min=0.7274873217255426 y_min=0.16906958862757146 x_max=1.0 y_max=0.23563241879590668,x_min=0.2618584761904762 y_min=0.06085289889793963 x_max=0.8812698412698413 y_max=0.08481073310972688,,
nutrient,D03,2,3e615c3c-809b-4a12-9f67-a1cc4f78dabe,,,,,,,,,,,1575,2087,566.9199829101562,751.1699829101562,True,x_min=1.0 y_min=0.22098859615887292 x_max=1.0 y_max=0.29021393953394153,x_min=0.37333333333333335 y_min=0.07954000958313369 x_max=0.7720634920634921 y_max=0.10445615716339243,,
nutrient,D03,2,7dc9d569-0a50-493b-8c19-7e4285c0f9c4,,,,,,,,,,,1575,2087,566.9199829101562,751.1699829101562,True,x_min=1.0 y_min=0.3021952489642419 x_max=1.0 y_max=0.3567767697022768,x_min=0.5267554476190476 y_min=0.10876856732151413 x_max=0.932063492063492 y_max=0.12841399137517967,,
nutrient,D03,2,1153735a-dc8c-45f5-96fd-9746cb67bdc1,,,,,,,,,,,1575,2087,566.9199829101562,751.1699829101562,True,x_min=0.23369269737136047 y_min=0.42467085647397873 x_max=1.0 y_max=0.5458152073803488,x_min=0.08411749841269842 y_min=0.1528509822712027 x_max=0.9166402920634921 y_max=0.1964542405366555,,
nutrient,D03,2,8e566210-2454-40c8-ac30-7f3c3ce1e1a0,,,,,,,,,,,1575,2087,566.9199829101562,751.1699829101562,True,x_min=0.2346010089770948 y_min=0.5577965168106491 x_max=1.0 y_max=0.6057217545318505,x_min=0.08444444444444445 y_min=0.2007666506947772 x_max=0.9238095238095239 y_max=0.21801629132726402,,
nutrient,D03,2,ecf0ea0f-c11c-405c-a2fe-c7c7eb7c99cf,,,,,,,,,,,1575,2087,566.9199829101562,751.1699829101562,True,x_min=0.23458606859704945 y_min=0.6342151454912174 x_max=1.0 y_max=0.6722845833689292,x_min=0.08443906666666667 y_min=0.2282718639195017 x_max=0.849523765079365 y_max=0.24197412505989457,,
nutrient,D03,2,e5b2404a-b5e2-449e-bf1b-456e407dbfe5,,,,,,,,,,,1575,2087,566.9199829101562,751.1699829101562,True,x_min=0.23209441185080298 y_min=0.6758014318321297 x_max=1.0 y_max=0.8094040095219299,x_min=0.08354219682539682 y_min=0.24323993770963104 x_max=0.9245146412698413 y_max=0.2913272620987063,,
nutrient,D03,2,241466d7-11ab-43b9-92c2-c6e06cea3418,,,,,,,,,,,1575,2087,566.9199829101562,751.1699829101562,True,x_min=0.37175606144297785 y_min=0.8591112726574244 x_max=1.0 y_max=1.0,x_min=0.13381329523809524 y_min=0.3092183037853378 x_max=0.9257142476190475 y_max=0.5414470436032582,,
nutrient,D03,2,fa3d28be-73f4-43cb-8a40-6059095145b7,,,,,,,,,,,1575,2087,566.9199829101562,751.1699829101562,True,x_min=0.37216721294059046 y_min=1.0 x_max=1.0 y_max=1.0,x_min=0.1339612888888889 y_min=0.5505070436032583 x_max=0.9242734158730159 y_max=0.5788212731193101,,
nutrient,D03,2,1d5147ee-c2fe-4304-9a31-19c361563c4b,,,,,,,,,,,1575,2087,566.9199829101562,751.1699829101562,True,x_min=0.23385499540772123 y_min=1.0 x_max=0.8773549795277279 y_max=1.0,x_min=0.08417591746031745 y_min=0.5962441303306181 x_max=0.31580321904761904 y_max=0.6094873263057019,,
nutrient,D03,2,dd94b2ae-6798-4820-a32a-7b453e81031e,,,,,,,,,,,1575,2087,566.9199829101562,751.1699829101562,True,x_min=0.3563113068674673 y_min=1.0 x_max=0.9610719615193849 y_max=1.0,x_min=0.12825396825396826 y_min=0.6188467656923814 x_max=0.3459370793650794 y_max=0.6320076650694778,,
nutrient,D03,2,4dd25a4f-02e2-451b-af68-8a9a5b205a00,,,,,,,,,,,1575,2087,566.9199829101562,751.1699829101562,True,x_min=1.0 y_min=1.0 x_max=1.0 y_max=1.0,x_min=0.3655816507936508 y_min=0.6185912793483469 x_max=0.7663492063492063 y_max=0.6463823670340201,,
nutrient,D03,2,ff045557-a49b-4c4a-b0c5-802682bdadf6,,,,,,,,,,,1575,2087,566.9199829101562,751.1699829101562,True,x_min=0.23209748106701067 y_min=1.0 x_max=1.0 y_max=1.0,x_min=0.0835433015873016 y_min=0.6551170100622904 x_max=0.9247219682539681 y_max=0.6827982520364159,,
nutrient,D03,2,7b157803-edc0-4dab-8baf-0f2cf8d0aa0f,,,,,,,,,,,1575,2087,566.9199829101562,751.1699829101562,True,x_min=0.2346010089770948 y_min=1.0 x_max=0.6261906630591628 y_max=1.0,x_min=0.08444444444444445 y_min=0.9026320076665069 x_max=0.2253968253968254 y_max=0.9166267517968375,,
nutrient,D03,2,6f7c8e05-132b-45ab-95fb-817fd4f28520,,,,,,,,,,,1575,2087,566.9199829101562,751.1699829101562,True,x_min=0.23372416565707593 y_min=1.0 x_max=1.0 y_max=1.0,x_min=0.08412882539682541 y_min=0.9180642069956876 x_max=0.8934742222222223 y_max=0.9310014374700527,,
nutrient,D03,2,29731c33-7bbe-4ff4-b7e0-c72a667ccdfd,,,,,,,,,,,1575,2087,566.9199829101562,751.1699829101562,True,x_min=1.0 y_min=1.0 x_max=1.0 y_max=1.0,x_min=0.4934154476190476 y_min=0.9420220412074748 x_max=0.5231746012698413 y_max=0.9631049353138477,,
nutrient,D03,2,8d96c3ea-00ec-4704-9c92-e2de4af2e80f,,,,,,,,,,,1575,2087,566.9199829101562,751.1699829101562,True,x_min=0.23474164610826584 y_min=0.1906630766116887 x_max=0.4238369209823375 y_max=0.3544490941564222,x_min=0.08449506666666667 y_min=0.06862500239578342 x_max=0.15255975873015876 y_max=0.1275761954959272,,
nutrient,D03,3,0b04208b-b22a-4898-9496-2d597335d965,,,,,,,,,,,1575,2087,566.9199829101562,751.1699829101562,True,x_min=1.0 y_min=0.08386916601210238 x_max=1.0 y_max=0.13862097310730032,x_min=0.44546761904761906 y_min=0.03018687110685194 x_max=0.5498412634920635 y_max=0.04989358600862482,,
nutrient,D03,3,7fc4a947-b12f-4160-b401-79184f4ae149,,,,,,,,,,,1575,2087,566.9199829101562,751.1699829101562,True,x_min=0.20461441384468418 y_min=0.19968849050500567 x_max=0.4692020179541896 y_max=0.2396261886060068,x_min=0.07365079365079365 y_min=0.07187350263536177 x_max=0.1688888888888889 y_max=0.08624820316243412,,
nutrient,D03,3,6cbe4833-e44f-4f2f-aabc-7a6d5d589b1f,,,,,,,,,,,1575,2087,566.9199829101562,751.1699829101562,True,x_min=0.20461441384468418 y_min=0.2689138338800743 x_max=1.0 y_max=0.8094864861935349,x_min=0.07365079365079365 y_min=0.09678965021562051 x_max=0.9138268571428572 y_max=0.29135694777192145,,
nutrient,D03,3,ef7e946d-b2d2-4d2f-a77b-9d96cefb5e55,,,,,,,,,,,1575,2087,566.9199829101562,751.1699829101562,True,x_min=0.20461441384468418 y_min=0.8200540676738899 x_max=1.0 y_max=1.0,x_min=0.07365079365079365 y_min=0.29516051748921895 x_max=0.9142857142857143 y_max=0.489564743651174,,
nutrient,D03,3,1f427474-a3c4-4263-8f85-eb85ab744a58,,,,,,,,,,,1575,2087,566.9199829101562,751.1699829101562,True,x_min=0.20461441384468418 y_min=1.0 x_max=1.0 y_max=1.0,x_min=0.07365079365079365 y_min=0.49353138476281744 x_max=0.9134603174603175 y_max=0.5797795879252515,,
nutrient,D03,3,55b6177f-8b1f-44c6-9ede-4166b67beefe,,,,,,,,,,,1575,2087,566.9199829101562,751.1699829101562,True,x_min=0.20461441384468418 y_min=1.0 x_max=1.0 y_max=1.0,x_min=0.07365079365079365 y_min=0.582654528030666 x_max=0.913295492063492 y_max=0.6703402012458074,,
nutrient,D03,3,f916804f-c874-4342-ae1f-f8f54ef56128,,,,,,,,,,,1575,2087,566.9199829101562,751.1699829101562,True,x_min=0.209618885525919 y_min=1.0 x_max=1.0 y_max=1.0,x_min=0.07545214920634921 y_min=0.6799233349305223 x_max=0.4069841111111111 y_max=0.6957355055103018,,
nutrient,D03,3,baece928-3dcf-4fe3-af00-9b5dd6531734,,,,,,,,,,,1575,2087,566.9199829101562,751.1699829101562,True,x_min=0.20461441384468418 y_min=1.0 x_max=1.0 y_max=1.0,x_min=0.07365079365079365 y_min=0.7053186391950168 x_max=0.9134339047619048 y_max=0.7915668423574509,,
nutrient,D03,3,2e0ebc88-f720-4b39-bc52-316508fe4be5,,,,,,,,,,,1575,2087,566.9199829101562,751.1699829101562,True,x_min=0.20461441384468418 y_min=1.0 x_max=1.0 y_max=1.0,x_min=0.07365079365079365 y_min=0.7944417824628653 x_max=0.9133987301587302 y_max=0.9180642069956876,,
nutrient,D03,3,883b458f-0ff4-4ef8-b944-c0c8cde1253e,,,,,,,,,,,1575,2087,566.9199829101562,751.1699829101562,True,x_min=1.0 y_min=1.0 x_max=1.0 y_max=1.0,x_min=0.48513930158730156 y_min=0.9405845711547676 x_max=0.5142857015873016 y_max=0.9631128893148059,,
nutrient,D03,4,787fd659-0628-4a75-b055-257b8b227f62,,,,,,,,,,,1575,2087,566.9199829101562,751.1699829101562,True,x_min=0.5350116227038472 y_min=0.08120665280536897 x_max=1.0 y_max=0.1544257659905377,x_min=0.1925770031746032 y_min=0.02922855773838045 x_max=0.8228571301587302 y_max=0.05558217537134643,,
nutrient,D03,4,730406b0-22c1-48a2-9898-de11c586c427,,,,,,,,,,,1575,2087,566.9199829101562,751.1699829101562,True,x_min=0.23299937201355195 y_min=0.19968849050500567 x_max=1.0 y_max=0.5351651545534152,x_min=0.08386793650793652 y_min=0.07187350263536177 x_max=0.9238551746031747 y_max=0.19262098706276953,,
nutrient,D03,4,a01b97e3-408f-46c1-8fe4-9d82ecfd9755,,,,,,,,,,,1575,2087,566.9199829101562,751.1699829101562,True,x_min=0.4842214744148546 y_min=1.0 x_max=1.0 y_max=1.0,x_min=0.17429513015873016 y_min=0.4537613799712506 x_max=0.4558730158730159 y_max=0.47867752755150933,,
nutrient,D03,4,445d9585-702c-4083-93b0-8e293548cd07,,,,,,,,,,,1575,2087,566.9199829101562,751.1699829101562,True,x_min=1.0 y_min=1.0 x_max=1.0 y_max=1.0,x_min=0.5727110476190477 y_min=0.4537613799712506 x_max=0.8971428571428571 y_max=0.4772400574988021,,
nutrient,D03,4,be284d11-2b71-414f-ac2a-277bc980079b,,,,,,,,,,,1575,2087,566.9199829101562,751.1699829101562,True,x_min=0.5006335259926422 y_min=1.0 x_max=1.0 y_max=1.0,x_min=0.1802026349206349 y_min=0.7862961188308577 x_max=0.4507936507936508 y_max=0.8112122664111164,,
nutrient,D03,4,b857280d-5e01-424e-bbe5-4eb7af1ed5f7,,,,,,,,,,,1575,2087,566.9199829101562,751.1699829101562,True,x_min=1.0 y_min=1.0 x_max=1.0 y_max=1.0,x_min=0.5577881269841269 y_min=0.7862961188308577 x_max=0.9130158730158731 y_max=0.8116914230953521,,
nutrient,D03,4,ef52301e-448d-451e-aeb5-4b519bcb42d6,,,,,,,,,,,1575,2087,566.9199829101562,751.1699829101562,True,x_min=0.23282931274080393 y_min=1.0 x_max=1.0 y_max=1.0,x_min=0.08380672380952381 y_min=0.8447532343076186 x_max=0.9239151682539684 y_max=0.9310014374700527,,
nutrient,D03,4,67f1d8ed-7c6a-4a1b-a610-cb639e34ff87,,,,,,,,,,,1575,2087,566.9199829101562,751.1699829101562,True,x_min=1.0 y_min=1.0 x_max=1.0 y_max=1.0,x_min=0.49434825396825394 y_min=0.9420220412074748 x_max=0.5180952317460317 y_max=0.9631049353138477,,
nutrient,D03,4,5d036d49-0425-4d73-990b-a4e8f55076f7,,,,,,,,,,,1575,2087,566.9199829101562,751.1699829101562,True,x_min=0.5157829302452721 y_min=0.5715151826711732 x_max=1.0 y_max=1.0,x_min=0.1856556507936508 y_min=0.20570438428366075 x_max=0.8220555238095238 y_max=0.44301336847149014,,
nutrient,D03,4,2b2aedc1-467d-4d8d-b246-8647c540fbf8,,,,,,,,,,,1575,2087,566.9199829101562,751.1699829101562,True,x_min=0.6711309910913776 y_min=1.0 x_max=1.0 y_max=1.0,x_min=0.24157306031746031 y_min=0.5276018687110685 x_max=0.7705167428571428 y_max=0.774137565884044,,
nutrient,D03,5,88dc02c7-62aa-4612-8fbf-7c40f5d744f4,,,,,,,,,,,1575,2087,566.9199829101562,751.1699829101562,True,x_min=1.0 y_min=0.08386916601210238 x_max=1.0 y_max=0.13845068675013725,x_min=0.44544561269841265 y_min=0.03018687110685194 x_max=0.5498412698412698 y_max=0.04983229516051749,,
nutrient,D03,5,096ee443-44b9-449b-afa1-f673d8472e0b,,,,,,,,,,,1575,2087,566.9199829101562,751.1699829101562,True,x_min=0.20461441384468418 y_min=0.19968849050500567 x_max=1.0 y_max=0.34346420366860975,x_min=0.07365079365079365 y_min=0.07187350263536177 x_max=0.9142857142857143 y_max=0.12362242453282224,,
nutrient,D03,5,8dd9e5a2-3626-4fa9-b97b-11319e2b3d87,,,,,,,,,,,1575,2087,566.9199829101562,751.1699829101562,True,x_min=0.42782196308369874 y_min=1.0 x_max=1.0 y_max=1.0,x_min=0.1539941714285714 y_min=0.38572113080977477 x_max=0.45841269206349206 y_max=0.42549113560134166,,
nutrient,D03,5,c7f76dc0-1cc3-47d5-9f15-aeb3e647a71f,,,,,,,,,,,1575,2087,566.9199829101562,751.1699829101562,True,x_min=1.0 y_min=1.0 x_max=1.0 y_max=1.0,x_min=0.583112 y_min=0.38715860086248205 x_max=0.8692063301587301 y_max=0.4202204120747484,,
nutrient,D03,5,68855a5e-709d-4c76-b7bf-743b62189b61,,,,,,,,,,,1575,2087,566.9199829101562,751.1699829101562,True,x_min=0.46137188295486736 y_min=1.0 x_max=1.0 y_max=1.0,x_min=0.1660704380952381 y_min=0.806420699568759 x_max=0.44571428571428573 y_max=0.8313368471490177,,
nutrient,D03,5,348e9026-63be-41b4-b9ec-d8a724113b9b,,,,,,,,,,,1575,2087,566.9199829101562,751.1699829101562,True,x_min=1.0 y_min=1.0 x_max=1.0 y_max=1.0,x_min=0.5849271746031747 y_min=0.806420699568759 x_max=0.8673015873015874 y_max=0.8313368471490177,,
nutrient,D03,5,81b8835f-419e-49dc-bf1c-43965e337682,,,,,,,,,,,1575,2087,566.9199829101562,751.1699829101562,True,x_min=0.20461441384468418 y_min=1.0 x_max=1.0 y_max=1.0,x_min=0.07365079365079365 y_min=0.8620028749401054 x_max=0.9141635555555556 y_max=0.928605654048874,,
nutrient,D03,5,5fcb28ec-f79b-4710-9190-ff7b30611177,,,,,,,,,,,1575,2087,566.9199829101562,751.1699829101562,True,x_min=1.0 y_min=1.0 x_max=1.0 y_max=1.0,x_min=0.4849589587301587 y_min=0.9420220412074748 x_max=0.5142857117460317 y_max=0.9631049353138477,,
nutrient,D03,5,59378833-4a5e-41ad-b9b8-24ac0e683df1,,,,,,,,,,,1575,2087,566.9199829101562,751.1699829101562,True,x_min=0.4936976265385156 y_min=0.388392516524312 x_max=1.0 y_max=1.0,x_min=0.17770606349206347 y_min=0.13979338763775756 x_max=0.8136062857142857 y_max=0.3755703977000479,,
nutrient,D03,5,9c0bb221-3c3c-464d-a195-679b82b4df11,,,,,,,,,,,1575,2087,566.9199829101562,751.1699829101562,True,x_min=0.5663245425781379 y_min=1.0 x_max=1.0 y_max=1.0,x_min=0.2038480634920635 y_min=0.4729908481073311 x_max=0.7904315555555557 y_max=0.7966151413512219,,
nutrient,D03,6,ceade3c3-0b1a-4f9c-ab19-a19c88d9d8dd,,,,,,,,,,,1575,2087,566.9199829101562,751.1699829101562,True,x_min=0.5351154645188734 y_min=0.08120665280536897 x_max=1.0 y_max=0.1544257659905377,x_min=0.19261438095238098 y_min=0.02922855773838045 x_max=0.822857111111111 y_max=0.05558217537134643,,
nutrient,D03,6,1f667358-34b5-4c81-af91-d21e22570969,,,,,,,,,,,1575,2087,566.9199829101562,751.1699829101562,True,x_min=0.42462588593944484 y_min=0.16241330561073794 x_max=1.0 y_max=0.23163864898580658,x_min=0.15284374603174603 y_min=0.0584571154767609 x_max=0.47873015873015873 y_max=0.08337326305701964,,
nutrient,D03,6,c70c3b0e-a3a7-4c2c-b97a-af74c54672ca,,,,,,,,,,,1575,2087,566.9199829101562,751.1699829101562,True,x_min=1.0 y_min=0.16241330561073794 x_max=1.0 y_max=0.25693252444977394,x_min=0.5495791492063492 y_min=0.0584571154767609 x_max=0.9219047619047619 y_max=0.0924772400574988,,
nutrient,D03,6,91dc6ce8-c2f1-4432-a7a6-0ef2f86b9b27,,,,,,,,,,,1575,2087,566.9199829101562,751.1699829101562,True,x_min=0.2320454102265219 y_min=0.7321911318516874 x_max=1.0 y_max=1.0,x_min=0.08352455873015872 y_min=0.2635361763296598 x_max=0.9239690666666667 y_max=0.4403449928126497,,
nutrient,D03,6,34b68041-a3cb-49ea-ad55-8b458d6ca800,,,,,,,,,,,1575,2087,566.9199829101562,751.1699829101562,True,x_min=0.390763752695427 y_min=1.0 x_max=1.0 y_max=1.0,x_min=0.1406550984126984 y_min=0.7398179204599904 x_max=0.4895237968253969 y_max=0.7795879252515573,,
nutrient,D03,6,7fccf763-4fad-400e-bcb2-af780bbabc55,,,,,,,,,,,1575,2087,566.9199829101562,751.1699829101562,True,x_min=1.0 y_min=1.0 x_max=1.0 y_max=1.0,x_min=0.5905791746031746 y_min=0.7398179204599904 x_max=0.8812698603174602 y_max=0.7795879252515573,,
nutrient,D03,6,9c0b543a-eba5-42b5-8d39-d05b2462b360,,,,,,,,,,,1575,2087,566.9199829101562,751.1699829101562,True,x_min=0.2325496436432602 y_min=1.0 x_max=1.0 y_max=1.0,x_min=0.08370605714285714 y_min=0.8116914230953521 x_max=0.9240582476190476 y_max=0.8969947053186391,,
nutrient,D03,6,9badd108-685c-4784-bacf-d3b5ef9db60e,,,,,,,,,,,1575,2087,566.9199829101562,751.1699829101562,True,x_min=1.0 y_min=1.0 x_max=1.0 y_max=1.0,x_min=0.49444688888888894 y_min=0.9420220412074748 x_max=0.5231746063492064 y_max=0.9631049353138477,,
nutrient,D03,6,ecb081f9-90fa-4179-b3ca-3b9b16aecad7,,,,,,,,,,,1575,2087,566.9199829101562,751.1699829101562,True,x_min=0.23308091791313848 y_min=0.30379078662850895 x_max=1.0 y_max=0.6397126361976503,x_min=0.08389728888888888 y_min=0.10934284619070436 x_max=0.9250529714285716 y_max=0.2302505654048874,,
nutrient,D03,6,10800b77-5910-466c-ab0e-17bba6fe2007,,,,,,,,,,,1575,2087,566.9199829101562,751.1699829101562,True,x_min=0.6889737736796271 y_min=1.0 x_max=1.0 y_max=1.0,x_min=0.24799555555555558 y_min=0.45536724484906566 x_max=0.7470637142857143 y_max=0.7304769956875898,,
nutrient,D03,7,e5d9022a-4421-4821-be66-67e90e118d1e,,,,,,,,,,,1575,2087,566.9199829101562,751.1699829101562,True,x_min=1.0 y_min=0.08386916601210238 x_max=1.0 y_max=0.13845068675013725,x_min=0.44522848253968256 y_min=0.03018687110685194 x_max=0.5498412698412698 y_max=0.04983229516051749,,
nutrient,D03,7,c54c17e4-6130-44a7-ab57-1056e975a1f7,,,,,,,,,,,1575,2087,566.9199829101562,751.1699829101562,True,x_min=0.36337131554709484 y_min=0.9758110902677943 x_max=1.0 y_max=1.0,x_min=0.1307952126984127 y_min=0.3512218495448011 x_max=0.4755555682539683 y_max=0.38572113080977477,,
nutrient,D03,7,60a4930f-7f81-496c-9958-b6502ca5bf0a,,,,,,,,,,,1575,2087,566.9199829101562,751.1699829101562,True,x_min=1.0 y_min=0.9758110902677943 x_max=1.0 y_max=1.0,x_min=0.5493105396825396 y_min=0.3512218495448011 x_max=0.9022222222222223 y_max=0.39242932438907524,,
nutrient,D03,7,1e9050a5-b5ab-4cb6-92c1-86bd99c35132,,,,,,,,,,,1575,2087,566.9199829101562,751.1699829101562,True,x_min=0.20454787888183745 y_min=1.0 x_max=1.0 y_max=1.0,x_min=0.07362684444444445 y_min=0.4216095975083852 x_max=0.9149206222222223 y_max=0.5797795879252515,,
nutrient,D03,7,7a0f781a-0891-4558-a14c-196b12b209b0,,,,,,,,,,,1575,2087,566.9199829101562,751.1699829101562,True,x_min=0.20461441384468418 y_min=1.0 x_max=0.8696112588399079 y_max=1.0,x_min=0.07365079365079365 y_min=0.5893627216099665 x_max=0.313015873015873 y_max=0.6037374221370388,,
nutrient,D03,7,6520a792-18c6-4031-9e47-c09153d564ce,,,,,,,,,,,1575,2087,566.9199829101562,751.1699829101562,True,x_min=0.20461441384468418 y_min=1.0 x_max=1.0 y_max=1.0,x_min=0.07365079365079365 y_min=0.6147580258744609 x_max=0.9138907936507936 y_max=0.6478198370867274,,
nutrient,D03,7,a01b0702-cc20-4867-b081-1bc9d50ba18b,,,,,,,,,,,1575,2087,566.9199829101562,751.1699829101562,True,x_min=0.278334782256223 y_min=1.0 x_max=1.0 y_max=1.0,x_min=0.10018638095238096 y_min=0.6506947771921419 x_max=0.4628571111111111 y_max=0.6652126046957355,,
nutrient,D03,7,0211fb5e-e49e-4b02-8067-3d5f50fc18e0,,,,,,,,,,,1575,2087,566.9199829101562,751.1699829101562,True,x_min=0.2759963570111032 y_min=1.0 x_max=1.0 y_max=1.0,x_min=0.09934466666666666 y_min=0.6679444178246287 x_max=0.7936507619047618 y_max=0.6837565884044082,,
nutrient,D03,7,ff912611-20a1-48b2-a6f1-182323389612,,,,,,,,,,,1575,2087,566.9199829101562,751.1699829101562,True,x_min=0.27604017271834375 y_min=1.0 x_max=1.0 y_max=1.0,x_min=0.0993604380952381 y_min=0.6866315285098227 x_max=0.9140223428571429 y_max=0.7196933397220892,,
nutrient,D03,7,7510d7b2-2825-4f04-afaf-8f0711649076,,,,,,,,,,,1575,2087,566.9199829101562,751.1699829101562,True,x_min=0.2770707237971766 y_min=1.0 x_max=1.0 y_max=1.0,x_min=0.09973138412698412 y_min=0.723373406804025 x_max=0.36683113015873015 y_max=0.7369633948251079,,
nutrient,D03,7,001277e9-038e-4735-8625-e0e46681c9c9,,,,,,,,,,,1575,2087,566.9199829101562,751.1699829101562,True,x_min=0.27783335346808824 y_min=1.0 x_max=0.9066472791477818 y_max=1.0,x_min=0.10000589206349206 y_min=0.7411509822712027 x_max=0.3263469587301588 y_max=0.7556300891231432,,
nutrient,D03,7,91bf7e55-f0a3-42f5-89cc-5292c26ef08e,,,,,,,,,,,1575,2087,566.9199829101562,751.1699829101562,True,x_min=0.2770093571121968 y_min=1.0 x_max=1.0 y_max=1.0,x_min=0.09970929523809523 y_min=0.7585050311451845 x_max=0.9134211682539682 y_max=0.7915668423574509,,
nutrient,D03,7,2083add4-007e-4e41-8434-43e6096d7752,,,,,,,,,,,1575,2087,566.9199829101562,751.1699829101562,True,x_min=0.2775121088383521 y_min=1.0 x_max=1.0 y_max=1.0,x_min=0.09989026031746032 y_min=0.7944417824628653 x_max=0.9140660698412699 y_max=0.8461907043603258,,
nutrient,D03,7,29288ebc-7a13-48f0-a0b8-be0838357e17,,,,,,,,,,,1575,2087,566.9199829101562,751.1699829101562,True,x_min=1.0 y_min=1.0 x_max=1.0 y_max=1.0,x_min=0.4847888 y_min=0.9420220412074748 x_max=0.5142857142857142 y_max=0.9631049353138477,,
nutrient,D03,7,aa236210-382a-4033-963b-4b1073fc25f1,,,,,,,,,,,1575,2087,566.9199829101562,751.1699829101562,True,x_min=0.6716649288764706 y_min=0.18994652774492657 x_max=1.0 y_max=0.954624048237251,x_min=0.24176525079365077 y_min=0.06836709631049354 x_max=0.7527737587301586 y_max=0.34359603737422134,,
nutrient,D03,8,02a9cbe1-ab94-4e44-bf69-29d307a02b00,,,,,,,,,,,1575,2087,566.9199829101562,751.1699829101562,True,x_min=0.5351961990164739 y_min=0.08120665280536897 x_max=1.0 y_max=0.1544257659905377,x_min=0.19264344126984126 y_min=0.02922855773838045 x_max=0.8228571238095237 y_max=0.05558217537134643,,
nutrient,D03,8,16ffdec4-e7ee-4167-894c-b35bac03aff1,,,,,,,,,,,1575,2087,566.9199829101562,751.1699829101562,True,x_min=0.3128490886660235 y_min=0.19968849050500567 x_max=1.0 y_max=0.2436199584161069,x_min=0.11260977777777778 y_min=0.07187350263536177 x_max=0.876032253968254 y_max=0.08768567321514135,,
nutrient,D03,8,e2e108dc-3464-451f-b106-6c808ab54745,,,,,,,,,,,1575,2087,566.9199829101562,751.1699829101562,True,x_min=0.3082608750231606 y_min=0.2502762414329404 x_max=1.0 y_max=0.2915451961373083,x_min=0.11095825396825397 y_min=0.09008145663632007 x_max=0.6711189206349207 y_max=0.10493531384762818,,
nutrient,D03,8,4d29b321-48c5-45c8-9639-dcc376492fbe,,,,,,,,,,,1575,2087,566.9199829101562,751.1699829101562,True,x_min=0.3056642299156035 y_min=0.2982014791541418 x_max=1.0 y_max=0.34346420366860975,x_min=0.11002359365079364 y_min=0.1073310972688069 x_max=0.8293302603174603 y_max=0.12362242453282224,,
nutrient,D03,8,9ccbdd1f-0e5f-47ed-87e6-792287510116,,,,,,,,,,,1575,2087,566.9199829101562,751.1699829101562,True,x_min=0.30347377969787537 y_min=0.35012048668544327 x_max=1.0 y_max=0.43931467911101246,x_min=0.10923514285714286 y_min=0.12601820795400095 x_max=0.9242338730158731 y_max=0.1581217057977959,,
nutrient,D03,8,5142004c-92f4-4dff-a2d6-b055dccb8059,,,,,,,,,,,1575,2087,566.9199829101562,751.1699829101562,True,x_min=0.3033937860455662 y_min=0.4473022187312127 x_max=1.0 y_max=0.4912336866423139,x_min=0.10920634920634921 y_min=0.16099664590321036 x_max=0.5274220952380952 y_max=0.17680881648298993,,
nutrient,D03,8,e168a133-b67e-4307-a514-0ac227db9385,,,,,,,,,,,1575,2087,566.9199829101562,751.1699829101562,True,x_min=0.23347321313416483 y_min=0.5018837394692476 x_max=1.0 y_max=0.693584690354053,x_min=0.08403849523809523 y_min=0.1806420699568759 x_max=0.9241951936507935 y_max=0.2496406324868232,,
nutrient,D03,8,19641987-ef1b-4087-afab-fbd4aec29f8d,,,,,,,,,,,1575,2087,566.9199829101562,751.1699829101562,True,x_min=0.2346010089770948 y_min=0.7191943931346031 x_max=0.5556339686299614 y_max=0.7574624145598391,x_min=0.08444444444444445 y_min=0.25885828461907046 x_max=0.2 y_max=0.2726320215620508,,
nutrient,D03,8,d0b04785-396b-4e9f-b147-286b7976ef98,,,,,,,,,,,1575,2087,566.9199829101562,751.1699829101562,True,x_min=0.23283776190496186 y_min=0.7867726525897223 x_max=1.0 y_max=1.0,x_min=0.08380976507936508 y_min=0.28318160038332535 x_max=0.9243620190476189 y_max=0.47867752755150933,,
nutrient,D03,8,fec35b06-f3e8-47eb-a3f1-654c6b8b66c8,,,,,,,,,,,1575,2087,566.9199829101562,751.1699829101562,True,x_min=0.2346010089770948 y_min=1.0 x_max=1.0 y_max=1.0,x_min=0.08444444444444445 y_min=0.4888581217057978 x_max=0.4177199619047619 y_max=0.5026353679923335,,
nutrient,D03,8,98fb19bb-83ac-4d79-9ccf-a55c05b450d2,,,,,,,,,,,1575,2087,566.9199829101562,751.1699829101562,True,x_min=0.23347413037119244 y_min=1.0 x_max=1.0 y_max=1.0,x_min=0.0840388253968254 y_min=0.5122184954480115 x_max=0.9244724126984126 y_max=0.6890958025874461,,
nutrient,D03,8,a055e792-284b-455d-8637-14b5d1eb10e7,,,,,,,,,,,1575,2087,566.9199829101562,751.1699829101562,True,x_min=0.2332827806159004 y_min=1.0 x_max=1.0 y_max=1.0,x_min=0.0839699492063492 y_min=0.6933350263536177 x_max=0.9241131873015873 y_max=0.7623382702443698,,
nutrient,D03,8,c78fb0c2-e354-4593-a6be-b3bec001bb88,,,,,,,,,,,1575,2087,566.9199829101562,751.1699829101562,True,x_min=0.23378733153776365 y_min=1.0 x_max=1.0 y_max=1.0,x_min=0.0841515619047619 y_min=0.7652132247244849 x_max=0.9257142920634921 y_max=0.851461427886919,,
nutrient,D03,8,d2e5c2fa-8b57-4495-b64b-25b4f37e6b22,,,,,,,,,,,1575,2087,566.9199829101562,751.1699829101562,True,x_min=0.2346010089770948 y_min=1.0 x_max=1.0 y_max=1.0,x_min=0.08444444444444445 y_min=0.8648778150455199 x_max=0.9250938412698413 y_max=0.8926689027311931,,
nutrient,D03,8,237ca284-c49a-4205-b203-9455e1cc2650,,,,,,,,,,,1575,2087,566.9199829101562,751.1699829101562,True,x_min=1.0 y_min=1.0 x_max=1.0 y_max=1.0,x_min=0.49475868571428566 y_min=0.9420220412074748 x_max=0.5231746006349206 y_max=0.9637884590321035,,
nutrient,D03,9,0fc6a0a0-6af9-45e9-a655-ba3986bb1fc4,,,,,,,,,,,1575,2087,566.9199829101562,751.1699829101562,True,x_min=1.0 y_min=0.08386916601210238 x_max=1.0 y_max=0.13845068675013725,x_min=0.4452753650793651 y_min=0.03018687110685194 x_max=0.5498412571428571 y_max=0.04983229516051749,,
nutrient,D03,9,57c7ed47-724e-4dbb-b492-f719f60ba35a,,,,,,,,,,,1575,2087,566.9199829101562,751.1699829101562,True,x_min=0.20461441384468418 y_min=0.19968849050500567 x_max=1.0 y_max=0.3900581847864444,x_min=0.07365079365079365 y_min=0.07187350263536177 x_max=0.9135794920634921 y_max=0.1403929084810733,,
nutrient,D03,9,d6bd829d-3f7a-4f6c-887b-1cfa1c127f20,,,,,,,,,,,1575,2087,566.9199829101562,751.1699829101562,True,x_min=0.2076575311310851 y_min=0.41955949674535226 x_max=0.6896916598227665 y_max=0.44996474258799896,x_min=0.07474616126984128 y_min=0.15101126018207955 x_max=0.24825395809523812 y_max=0.16195496310493532,,
nutrient,D03,9,e0cb63ed-0837-4874-9461-d700c08b3ed3,,,,,,,,,,,1575,2087,566.9199829101562,751.1699829101562,True,x_min=0.36349701229822046 y_min=1.0 x_max=1.0 y_max=1.0,x_min=0.13084045714285714 y_min=0.706756109247724 x_max=0.4755555682539682 y_max=0.7316722568279828,,
nutrient,D03,9,b5ba0938-ee39-4094-ad5e-29699ea43e6b,,,,,,,,,,,1575,2087,566.9199829101562,751.1699829101562,True,x_min=1.0 y_min=1.0 x_max=1.0 y_max=1.0,x_min=0.5634733968253968 y_min=0.706756109247724 x_max=0.8920634920634921 y_max=0.7316722568279828,,
nutrient,D03,9,822388a5-9ad3-4b67-90b8-210338027266,,,,,,,,,,,1575,2087,566.9199829101562,751.1699829101562,True,x_min=0.20461441384468418 y_min=1.0 x_max=1.0 y_max=1.0,x_min=0.07365079365079365 y_min=0.7603638715860086 x_max=0.9135823492063492 y_max=0.8476281744130331,,
nutrient,D03,9,279be6fc-1cac-4339-beeb-f3ce977269b0,,,,,,,,,,,1575,2087,566.9199829101562,751.1699829101562,True,x_min=0.2070782077523005 y_min=1.0 x_max=1.0 y_max=1.0,x_min=0.07453763428571428 y_min=0.8567321514135122 x_max=0.4184176977777777 y_max=0.8687110685194058,,
nutrient,D03,9,837b0a6e-5752-4b8e-b9ee-82992fc74412,,,,,,,,,,,1575,2087,566.9199829101562,751.1699829101562,True,x_min=0.20461441384468418 y_min=1.0 x_max=1.0 y_max=1.0,x_min=0.07365079365079365 y_min=0.8817848586487782 x_max=0.9137701587301588 y_max=0.9314805778629612,,
nutrient,D03,9,8a81c0df-09e1-4f6f-a8db-fb0c0a84672c,,,,,,,,,,,1575,2087,566.9199829101562,751.1699829101562,True,x_min=1.0 y_min=1.0 x_max=1.0 y_max=1.0,x_min=0.48476336507936507 y_min=0.9420220412074748 x_max=0.5142857015873016 y_max=0.9631049353138477,,
nutrient,D03,9,11ecbe26-1ca7-4b11-8922-53281ad5bc55,,,,,,,,,,,1575,2087,566.9199829101562,751.1699829101562,True,x_min=0.214394718238856 y_min=0.5227120078451836 x_max=1.0 y_max=1.0,x_min=0.07717120634920635 y_min=0.18813874940105416 x_max=0.9135720317460319 y_max=0.7012789506468616,,
nutrient,D03,10,ee5a23cc-306f-4ee4-8039-4550c7593f32,,,,,,,,,,,1575,2087,566.9199829101562,751.1699829101562,True,x_min=0.5352707068857913 y_min=0.08120665280536897 x_max=1.0 y_max=0.1544257659905377,x_min=0.19267026031746035 y_min=0.02922855773838045 x_max=0.8228571174603175 y_max=0.05558217537134643,,
nutrient,D03,10,203e820a-ee16-4625-b6b7-d5d8a48ad7f4,,,,,,,,,,,1575,2087,566.9199829101562,751.1699829101562,True,x_min=0.23248571927810735 y_min=0.19968849050500567 x_max=1.0 y_max=0.6845744794111465,x_min=0.08368304761904763 y_min=0.07187350263536177 x_max=0.9241730158730158 y_max=0.24639760421657883,,
nutrient,D03,10,b20e7519-592f-4554-8af0-1502a6cf1f8f,,,,,,,,,,,1575,2087,566.9199829101562,751.1699829101562,True,x_min=0.3163284156600635 y_min=0.7015722299742532 x_max=1.0 y_max=0.742841184678621,x_min=0.11386215873015873 y_min=0.25251557259223767 x_max=0.808404126984127 y_max=0.2673694298035458,,
nutrient,D03,10,6b22dca0-e65c-494f-a8df-9249c7a87595,,,,,,,,,,,1575,2087,566.9199829101562,751.1699829101562,True,x_min=0.23446014253666692 y_min=0.7707297325128143 x_max=1.0 y_max=0.8089548515314935,x_min=0.08439373968253969 y_min=0.27740730234786776 x_max=0.3933186476190476 y_max=0.2911655975083852,,
nutrient,D03,10,374c539d-fb98-4b9d-9c9c-c87587af9b43,,,,,,,,,,,1575,2087,566.9199829101562,751.1699829101562,True,x_min=0.2327840153429804 y_min=0.8346978903109237 x_max=1.0 y_max=0.9798048600778945,x_min=0.08379041904761905 y_min=0.30043124101581214 x_max=0.9239681968253968 y_max=0.3526593195975084,,
nutrient,D03,10,5de82a44-397e-44aa-993b-cbfc0405766d,,,,,,,,,,,1575,2087,566.9199829101562,751.1699829101562,True,x_min=0.2338116912365153 y_min=1.0 x_max=1.0 y_max=1.0,x_min=0.08416033015873015 y_min=0.3616865548634403 x_max=0.38436531428571424 y_max=0.3775754652611404,,
nutrient,D03,10,76c8032f-cc53-48de-8d45-05240d9797b7,,,,,,,,,,,1575,2087,566.9199829101562,751.1699829101562,True,x_min=0.23216627384407912 y_min=1.0 x_max=1.0 y_max=1.0,x_min=0.08356806349206349 y_min=0.38572113080977477 x_max=0.9239506031746031 y_max=0.43747005270723527,,
nutrient,D03,10,a12e934d-f71a-4bbd-b5dd-c21a49cfd4d6,,,,,,,,,,,1575,2087,566.9199829101562,751.1699829101562,True,x_min=0.23299887811669096 y_min=1.0 x_max=1.0 y_max=1.0,x_min=0.08386775873015874 y_min=0.4403449928126497 x_max=0.9238095365079365 y_max=0.490656444657403,,
nutrient,D03,10,dab4db34-19a4-4fb7-879d-48f1f631f67b,,,,,,,,,,,1575,2087,566.9199829101562,751.1699829101562,True,x_min=0.3862979019998779 y_min=1.0 x_max=1.0 y_max=1.0,x_min=0.13904761904761906 y_min=0.4964063248682319 x_max=0.4901587301587302 y_max=0.5309056061332056,,
nutrient,D03,10,81c945e6-4b41-45df-a8b6-8b2282e7c3ff,,,,,,,,,,,1575,2087,566.9199829101562,751.1699829101562,True,x_min=1.0 y_min=1.0 x_max=1.0 y_max=1.0,x_min=0.5612865841269842 y_min=0.4964063248682319 x_max=0.9111111111111111 y_max=0.5505510301868711,,
nutrient,D03,10,841db1c4-50d7-4a15-b65e-7f96f7d2026f,,,,,,,,,,,1575,2087,566.9199829101562,751.1699829101562,True,x_min=0.2325594863021331 y_min=1.0 x_max=1.0 y_max=1.0,x_min=0.08370960000000001 y_min=0.7652132247244849 x_max=0.9238094730158731 y_max=0.8528988979396263,,
nutrient,D03,10,71094eae-cca2-4c5f-8177-46e475d4a3a6,,,,,,,,,,,1575,2087,566.9199829101562,751.1699829101562,True,x_min=1.0 y_min=1.0 x_max=1.0 y_max=1.0,x_min=0.49422095238095237 y_min=0.9420220412074748 x_max=0.5231745968253968 y_max=0.9631049353138477,,
nutrient,D03,10,bb8e1ba2-3780-4ac7-b05b-a32804ef606d,,,,,,,,,,,1575,2087,566.9199829101562,751.1699829101562,True,x_min=0.2325872856397382 y_min=1.0 x_max=1.0 y_max=1.0,x_min=0.08371960634920636 y_min=0.5648066602779109 x_max=0.9254097015873017 y_max=0.7300161667465261,,
nutrient,D03,11,ce0dc7fe-b113-49dd-b920-078212e9a883,,,,,,,,,,,1575,2087,566.9199829101562,751.1699829101562,True,x_min=1.0 y_min=0.08386916601210238 x_max=1.0 y_max=0.13845068675013725,x_min=0.4455074285714286 y_min=0.03018687110685194 x_max=0.5498412698412698 y_max=0.04983229516051749,,
nutrient,D03,11,61513a7c-db1b-4a03-8ae3-6d9f68e947fc,,,,,,,,,,,1575,2087,566.9199829101562,751.1699829101562,True,x_min=0.20834573407287807 y_min=0.19968849050500567 x_max=0.6614690102737636 y_max=0.2340594539186063,x_min=0.07499387936507937 y_min=0.07187350263536177 x_max=0.23809523809523808 y_max=0.08424457882127455,,
nutrient,D03,11,429fbcc0-b6cb-4d5b-8d19-17ddff4da182,,,,,,,,,,,1575,2087,566.9199829101562,751.1699829101562,True,x_min=0.20461441384468418 y_min=0.2689138338800743 x_max=1.0 y_max=0.5617902866207493,x_min=0.07365079365079365 y_min=0.09678965021562051 x_max=0.913495619047619 y_max=0.20220412074748442,,
nutrient,D03,11,6f7c3ec5-dc54-408d-9456-c3749c56e4ea,,,,,,,,,,,1575,2087,566.9199829101562,751.1699829101562,True,x_min=0.20461441384468418 y_min=0.5684465696375828 x_max=1.0 y_max=1.0,x_min=0.07365079365079365 y_min=0.20459990416866317 x_max=0.9136978412698413 y_max=0.41734547196933397,,
nutrient,D03,11,e534301b-10c8-42dc-992f-32f3b874ec08,,,,,,,,,,,1575,2087,566.9199829101562,751.1699829101562,True,x_min=0.20461441384468418 y_min=1.0 x_max=1.0 y_max=1.0,x_min=0.07365079365079365 y_min=0.4216578821274557 x_max=0.9134108571428572 y_max=0.6133865356971729,,
nutrient,D03,11,5c7599f4-0deb-46cb-a61d-a78a3e60dd28,,,,,,,,,,,1575,2087,566.9199829101562,751.1699829101562,True,x_min=1.0 y_min=1.0 x_max=1.0 y_max=1.0,x_min=0.48528857142857146 y_min=0.9420220412074748 x_max=0.5142856952380953 y_max=0.9631462290368951,,
nutrient,D03,12,17922108-0e41-4b58-8967-fedf84185ed0,,,,,,,,,,,1575,2087,566.9199829101562,751.1699829101562,True,x_min=0.5351043694786743 y_min=0.08120665280536897 x_max=1.0 y_max=0.1544257659905377,x_min=0.1926103873015873 y_min=0.02922855773838045 x_max=0.8228571809523808 y_max=0.05558217537134643,,
nutrient,D03,12,e69582c0-9825-4c62-8b01-cddf109ec7c9,,,,,,,,,,,1575,2087,566.9199829101562,751.1699829101562,True,x_min=0.23368998093862495 y_min=0.1993236196951549 x_max=1.0 y_max=0.2436199584161069,x_min=0.08411652063492063 y_min=0.07174217537134643 x_max=0.5799900761904762 y_max=0.08768567321514135,,
nutrient,D03,12,41d917cf-9120-4ffb-8070-8b1a62ff0c10,,,,,,,,,,,1575,2087,566.9199829101562,751.1699829101562,True,x_min=0.5238834561368207 y_min=1.0 x_max=1.0 y_max=1.0,x_min=0.18857142857142858 y_min=0.8715860086248203 x_max=0.4438095238095238 y_max=0.9070436032582655,,
nutrient,D03,12,7daac307-607d-4765-850f-ebae6a8f1f24,,,,,,,,,,,1575,2087,566.9199829101562,751.1699829101562,True,x_min=1.0 y_min=1.0 x_max=1.0 y_max=1.0,x_min=0.5967653333333334 y_min=0.8730234786775275 x_max=0.8761904761904762 y_max=0.9064199760421657,,
nutrient,D03,12,078a43b6-3f22-4a48-9b29-bbae670af0a9,,,,,,,,,,,1575,2087,566.9199829101562,751.1699829101562,True,x_min=1.0 y_min=1.0 x_max=1.0 y_max=1.0,x_min=0.4945779682539682 y_min=0.9420220412074748 x_max=0.523174586031746 y_max=0.9631049353138477,,
nutrient,D03,12,dcb65860-a360-47a8-9e0c-3b1e2e7e02d0,,,,,,,,,,,1575,2087,566.9199829101562,751.1699829101562,True,x_min=0.5842695794557888 y_min=0.3139621062683059 x_max=1.0 y_max=1.0,x_min=0.2103073650793651 y_min=0.1130037901293723 x_max=0.7981641904761905 y_max=0.8658405414470531,,
nutrient,D03,13,ea8ebfc5-8de6-443d-bf8f-1e1c60444817,,,,,,,,,,,1575,2087,566.9199829101562,751.1699829101562,True,x_min=1.0 y_min=0.08386916601210238 x_max=1.0 y_max=0.14117927022209575,x_min=0.4459504126984127 y_min=0.03018687110685194 x_max=0.5498412761904762 y_max=0.0508143890752276,,
nutrient,D03,13,fba1ffe6-5fda-460f-8c00-cc2000294182,,,,,,,,,,,1575,2087,566.9199829101562,751.1699829101562,True,x_min=0.20461441384468418 y_min=0.1980454269799984 x_max=1.0 y_max=0.2436199610786201,x_min=0.07365079365079365 y_min=0.07128211787254432 x_max=0.5315520634920634 y_max=0.08768567417345471,,
nutrient,D03,13,0b2fe67b-2fb3-49de-a66a-f7a58eda9128,,,,,,,,,,,1575,2087,566.9199829101562,751.1699829101562,True,x_min=0.4504852672312193 y_min=1.0 x_max=1.0 y_max=1.0,x_min=0.16215180952380953 y_min=0.8131288931480594 x_max=0.44952380952380955 y_max=0.8487647676090081,,
nutrient,D03,13,009bd9d0-7b8e-4813-bd62-8ad7c8ce1600,,,,,,,,,,,1575,2087,566.9199829101562,751.1699829101562,True,x_min=1.0 y_min=1.0 x_max=1.0 y_max=1.0,x_min=0.5816379873015873 y_min=0.8131288931480594 x_max=0.8711111111111111 y_max=0.8509822712026833,,
nutrient,D03,13,77a43267-a63a-4b84-80e5-0d8fd3192c93,,,,,,,,,,,1575,2087,566.9199829101562,751.1699829101562,True,x_min=1.0 y_min=1.0 x_max=1.0 y_max=1.0,x_min=0.48506031746031747 y_min=0.9420220412074748 x_max=0.5142857333333334 y_max=0.9648399472927647,,
nutrient,D03,13,e1c0a61c-b8c8-4ad3-8288-2dd1a1f4f366,,,,,,,,,,,1575,2087,566.9199829101562,751.1699829101562,True,x_min=0.22452430472921275 y_min=0.29716308569094974 x_max=1.0 y_max=1.0,x_min=0.08081734285714286 y_min=0.10695735026353617 x_max=0.9146437555555555 y_max=0.8083785769046479,,
nutrient,D03,14,daf942b4-3d16-446a-a413-405646509b02,,,,,,,,,,,1575,2087,566.9199829101562,751.1699829101562,True,x_min=0.5347550609237289 y_min=0.08120665280536897 x_max=1.0 y_max=0.1544257659905377,x_min=0.19248465396825395 y_min=0.02922855773838045 x_max=0.8228571619047619 y_max=0.05558217537134643,,
nutrient,D03,14,37b8175a-af23-4df3-b5a5-7227717e2ebd,,,,,,,,,,,1575,2087,566.9199829101562,751.1699829101562,True,x_min=0.2346010089770948 y_min=0.19831394143689746 x_max=0.5274112908582808 y_max=0.2336430448406128,x_min=0.08444444444444445 y_min=0.07137876377575467 x_max=0.18984126984126984 y_max=0.08409470148538571,,
nutrient,D03,14,495d9a22-5a10-4d16-9434-1fba16950989,,,,,,,,,,,1575,2087,566.9199829101562,751.1699829101562,True,x_min=0.26148282732784284 y_min=0.2681148269792996 x_max=1.0 y_max=0.3576946445051661,x_min=0.09412053333333333 y_min=0.09650206516530906 x_max=0.9235541206349206 y_max=0.12874436032582653,,
nutrient,D03,14,fff207dd-5529-4c97-9589-a4807d4eb689,,,,,,,,,,,1575,2087,566.9199829101562,751.1699829101562,True,x_min=0.26182328101763735 y_min=0.38340190176961086 x_max=1.0 y_max=0.5285088715365817,x_min=0.09424307936507936 y_min=0.1379971250598946 x_max=0.9257142539682539 y_max=0.1902252036415908,,
nutrient,D03,14,6fdf683b-191a-4304-8725-2f18f59955a2,,,,,,,,,,,1575,2087,566.9199829101562,751.1699829101562,True,x_min=0.26137990274984424 y_min=0.549808977190449 x_max=1.0 y_max=0.6416656828227515,x_min=0.09408348571428571 y_min=0.19789171058936272 x_max=0.9240135174603173 y_max=0.23095352180162912,,
nutrient,D03,14,99b1bf67-4e90-49c9-b553-f4597c1b4d4c,,,,,,,,,,,1575,2087,566.9199829101562,751.1699829101562,True,x_min=0.2613651034831877 y_min=0.6682908148900856 x_max=1.0 y_max=0.7601475205223882,x_min=0.09407815873015873 y_min=0.24053665548634404 x_max=0.9244770158730159 y_max=0.27359846669861043,,
nutrient,D03,14,4f1ad04c-b1d5-47f0-9120-e96530b38158,,,,,,,,,,,1575,2087,566.9199829101562,751.1699829101562,True,x_min=0.2617929592782064 y_min=0.7859978213088648 x_max=1.0 y_max=0.8754160296081088,x_min=0.09423216507936508 y_min=0.2829027168183996 x_max=0.9237738793650793 y_max=0.3150868442740776,,
nutrient,D03,14,ea30903f-147b-4e6c-b819-1e57c4d8908f,,,,,,,,,,,1575,2087,566.9199829101562,751.1699829101562,True,x_min=0.2617184690480628 y_min=0.9012607204792589 x_max=1.0 y_max=0.9944486827149281,x_min=0.09420535238095239 y_min=0.3243890752275994 x_max=0.9250577333333334 y_max=0.3579300431241016,,
nutrient,D03,14,3ca0513c-a7a9-4b98-bdc4-ebf46e4569b1,,,,,,,,,,,1575,2087,566.9199829101562,751.1699829101562,True,x_min=0.26105858756341366 y_min=1.0 x_max=1.0 y_max=1.0,x_min=0.09396782857142856 y_min=0.36698548155246763 x_max=0.9242491619047619 y_max=0.41734548155246765,,
nutrient,D03,14,9808a77d-4f61-4ba4-a817-363f434764b3,,,,,,,,,,,1575,2087,566.9199829101562,751.1699829101562,True,x_min=0.2611066895898408 y_min=1.0 x_max=1.0 y_max=1.0,x_min=0.09398514285714286 y_min=0.42549113560134166 x_max=0.9246530158730157 y_max=0.4779887973167226,,
nutrient,D03,14,a9dffde6-2cdd-489d-95b7-5bc58f493c1e,,,,,,,,,,,1575,2087,566.9199829101562,751.1699829101562,True,x_min=0.26124155871124216 y_min=1.0 x_max=1.0 y_max=1.0,x_min=0.09403368888888888 y_min=0.486823191183517 x_max=0.9257143238095237 y_max=0.537613799712506,,
nutrient,D03,14,38dd7c4a-859d-40f4-bd9b-34873e171b92,,,,,,,,,,,1575,2087,566.9199829101562,751.1699829101562,True,x_min=0.23661591413908312 y_min=1.0 x_max=1.0 y_max=1.0,x_min=0.08516970793650794 y_min=0.5467177767129852 x_max=0.9232487555555556 y_max=0.5802587446094873,,
nutrient,D03,14,09904894-95ec-4c52-bc53-305a6273b0c9,,,,,,,,,,,1575,2087,566.9199829101562,751.1699829101562,True,x_min=0.23730112547703233 y_min=1.0 x_max=1.0 y_max=1.0,x_min=0.08541634920634922 y_min=0.5879252515572593 x_max=0.9238094920634919 y_max=0.6211344609487303,,
nutrient,D03,14,2d681cd5-8159-4b97-8be4-a1a25b301266,,,,,,,,,,,1575,2087,566.9199829101562,751.1699829101562,True,x_min=0.23651545904538954 y_min=1.0 x_max=1.0 y_max=1.0,x_min=0.0851335492063492 y_min=0.6305701964542405 x_max=0.924271961904762 y_max=0.682319118351701,,
nutrient,D03,14,bf402b0b-831c-474f-a2b2-af69c57d1f4e,,,,,,,,,,,1575,2087,566.9199829101562,751.1699829101562,True,x_min=0.23681252036811007 y_min=1.0 x_max=1.0 y_max=1.0,x_min=0.08524047619047619 y_min=0.6904647819837086 x_max=0.9238094920634922 y_max=0.7235265931959751,,
nutrient,D03,14,a494b68e-e5fe-43ff-89bb-1908754c38bd,,,,,,,,,,,1575,2087,566.9199829101562,751.1699829101562,True,x_min=0.23673743040606382 y_min=1.0 x_max=1.0 y_max=1.0,x_min=0.08521344761904763 y_min=0.73310972688069 x_max=0.9238095111111111 y_max=0.7666506947771922,,
nutrient,D03,14,94e80106-06a5-47e0-98cb-0647397ca54a,,,,,,,,,,,1575,2087,566.9199829101562,751.1699829101562,True,x_min=1.0 y_min=1.0 x_max=1.0 y_max=1.0,x_min=0.49429024761904766 y_min=0.9420220412074748 x_max=0.518095238095238 y_max=0.9632091662673694,,
nutrient,D04,1,bac32c5d-3d57-44f0-9ee9-2d42e402ea0d,,,,,,,,,,,1653,2339,595.0,842.0,True,x_min=1.0 y_min=0.35629453681710216 x_max=1.0 y_max=0.4418052256532066,x_min=0.5390199637023594 y_min=0.12825994014536127 x_max=0.8067159467634604 y_max=0.15904232578024796,,
nutrient,D04,1,42e84f3e-4244-4c9b-9b25-abf5153789c7,,,,,,,,,,,1653,2339,595.0,842.0,True,x_min=0.5432996638655463 y_min=0.4513064133016627 x_max=0.8151260504201681 y_max=0.4809976247030879,x_min=0.1955615849969752 y_min=0.16246259085079093 x_max=0.29340592861464004 y_max=0.1731509191962377,,
nutrient,D04,1,178e8a6c-862a-4eb2-b514-8cba72b3766a,,,,,,,,,,,1653,2339,595.0,842.0,True,x_min=0.6739904201680672 y_min=0.5997624703087886 x_max=1.0 y_max=0.7019002375296912,x_min=0.2426039322444041 y_min=0.2159042325780248 x_max=0.758386225045372 y_max=0.2526720820863617,,
nutrient,D04,1,85f49ba2-5cbd-40ce-820b-105587d141b3,,,,,,,,,,,1653,2339,595.0,842.0,True,x_min=0.719132 y_min=0.7294742280285036 x_max=1.0 y_max=0.7713105653206651,x_min=0.2588527162734422 y_min=0.26259824711415136 x_max=0.7404718693284936 y_max=0.2776586130825139,,
nutrient,D04,1,686814c5-6e18-476c-95c3-405c80d5cf7e,,,,,,,,,,,1653,2339,595.0,842.0,True,x_min=0.6321226890756303 y_min=0.8298003562945369 x_max=1.0 y_max=0.9596199584323041,x_min=0.22753357531760435 y_min=0.29871393758016246 x_max=0.7725347610405324 y_max=0.34544677426250536,,
nutrient,D04,1,3d63109f-37f5-44ac-bda6-93476d6b1e6c,,,,,,,,,,,1653,2339,595.0,842.0,True,x_min=0.6324340336134454 y_min=0.9795336460807601 x_max=1.0 y_max=1.0,x_min=0.2276456442831216 y_min=0.3526153612654981 x_max=0.7714978523895947 y_max=0.37622915604959384,,
nutrient,D04,1,71dc92a2-f8ce-483c-bb7d-2c5be1738205,,,,,,,,,,,1653,2339,595.0,842.0,True,x_min=0.6336134453781512 y_min=1.0 x_max=1.0 y_max=1.0,x_min=0.22807017543859648 y_min=0.3834824283882001 x_max=0.4500907441016334 y_max=0.39546815177426253,,
nutrient,D04,1,efccc93a-3576-48ba-ae20-18d47f9ae5c7,,,,,,,,,,,1653,2339,595.0,842.0,True,x_min=0.5390549075630252 y_min=1.0 x_max=1.0 y_max=1.0,x_min=0.19403367816091951 y_min=0.41663597263787944 x_max=0.8058076043557167 y_max=0.7037195382642155,,
nutrient,D04,1,2aae23fc-1a8c-4a2f-bc85-e40ac81b1ed9,,,,,,,,,,,1653,2339,595.0,842.0,True,x_min=0.5398524369747899 y_min=1.0 x_max=1.0 y_max=1.0,x_min=0.19432075015124017 y_min=0.7111202223172295 x_max=0.8034654204476709 y_max=0.7362120649850363,,
nutrient,D04,1,5be88f1b-531b-4961-81b9-e9a54e932d5e,,,,,,,,,,,1653,2339,595.0,842.0,True,x_min=0.5411764705882353 y_min=1.0 x_max=1.0 y_max=1.0,x_min=0.19479733817301875 y_min=0.8076100897819581 x_max=0.8064125831820932 y_max=0.8430953398888413,,
nutrient,D04,1,070bb507-b1a2-4f0a-ab18-94124dcf0d8f,,,,,,,,,,,1653,2339,595.0,842.0,True,x_min=0.5411033613445378 y_min=1.0 x_max=1.0 y_max=1.0,x_min=0.19477102238354507 y_min=0.8572039333048311 x_max=0.6243193950393225 y_max=0.8692681231295425,,
nutrient,D04,1,7b4aa03f-3216-4c0a-8d76-6466b1096ab9,,,,,,,,,,,1653,2339,595.0,842.0,True,x_min=0.8989305042016806 y_min=1.0 x_max=1.0 y_max=1.0,x_min=0.32357147610405324 y_min=0.7484989311671655 x_max=0.8042890199637023 y_max=0.7917500769559641,,
nutrient,D04,2,15d31894-3bb8-43ea-8422-82f3cd63b5c0,,,,,,,,,,,1653,2339,595.0,842.0,True,x_min=0.5409670084033613 y_min=0.36223277909738716 x_max=0.5642633075630251 y_max=0.38880061401425176,x_min=0.19472194192377493 y_min=0.13039760581445062 x_max=0.20310748215365998 y_max=0.13996157203933304,,
nutrient,D04,2,d6e7884c-8031-4c95-88bb-388418af8ba9,,,,,,,,,,,1653,2339,595.0,842.0,True,x_min=0.8877742016806722 y_min=0.36133073634204277 x_max=1.0 y_max=0.3942992885985748,x_min=0.31955574712643675 y_min=0.13007288584865326 x_max=0.6751361161524501 y_max=0.14194100085506628,,
nutrient,D04,2,78dbe569-6ee4-4b15-be26-7ed3d1cba0e4,,,,,,,,,,,1653,2339,595.0,842.0,True,x_min=0.5397206050420168 y_min=0.45004366983372923 x_max=1.0 y_max=0.520190026128266,x_min=0.19427329703569268 y_min=0.16200802479692178 x_max=0.8045976769509983 y_max=0.18725951346729372,,
nutrient,D04,2,8ab8246e-0c3f-44a2-b84b-868b842d1e58,,,,,,,,,,,1653,2339,595.0,842.0,True,x_min=0.5401550756302521 y_min=0.7185273159144893 x_max=1.0 y_max=0.9287410926365796,x_min=0.19442968542044767 y_min=0.2586575459598119 x_max=0.8046295281306715 y_max=0.334330910645575,,
nutrient,D04,2,ef7c097f-f359-418c-b060-8fe3236fddae,,,,,,,,,,,1653,2339,595.0,842.0,True,x_min=0.5395643697478991 y_min=0.9299287410926366 x_max=1.0 y_max=1.0,x_min=0.19421705989110707 y_min=0.3347584437793929 x_max=0.8064125831820932 y_max=0.39710474561778536,,
nutrient,D04,2,88f7a900-01bd-44e8-bc29-f5c975426cf8,,,,,,,,,,,1653,2339,595.0,842.0,True,x_min=0.5394422521008403 y_min=1.0 x_max=1.0 y_max=1.0,x_min=0.19417310344827587 y_min=0.39760581445061993 x_max=0.8051458802177859 y_max=0.4595981188542112,,
nutrient,D04,2,b35c1e41-f91c-4df7-80cc-0db2964480fc,,,,,,,,,,,1653,2339,595.0,842.0,True,x_min=0.5386127731092437 y_min=1.0 x_max=1.0 y_max=1.0,x_min=0.1938745311554749 y_min=0.5318512184694314 x_max=0.8048704174228676 y_max=0.5613510047028645,,
nutrient,D04,2,ddd78fb6-cea8-4987-a7a5-d87a20b21adc,,,,,,,,,,,1653,2339,595.0,842.0,True,x_min=0.5387732268907562 y_min=1.0 x_max=1.0 y_max=1.0,x_min=0.19393228675136115 y_min=0.5617785378366823 x_max=0.8058076225045372 y_max=0.7015818725951262,,
nutrient,D04,2,10a5ece2-2835-40a3-bce4-4924c310afb6,,,,,,,,,,,1653,2339,595.0,842.0,True,x_min=0.5389508403361345 y_min=1.0 x_max=1.0 y_max=1.0,x_min=0.19399621899576527 y_min=0.8072756733646858 x_max=0.8056599213551119 y_max=0.8694507952116288,,
nutrient,D04,2,ae982380-1d13-429a-ade8-7a7169514322,,,,,,,,,,,1653,2339,595.0,842.0,True,x_min=0.8703721008403361 y_min=0.555943432304038 x_max=1.0 y_max=0.6766017458432304,x_min=0.313291833030853 y_min=0.20013012825994014 x_max=0.8041675378100422 y_max=0.24356505771697307,,
nutrient,D04,2,6908e1d2-88ec-4136-870b-8384cc69cc02,,,,,,,,,,,1653,2339,595.0,842.0,True,x_min=0.6349255462184874 y_min=1.0 x_max=1.0 y_max=1.0,x_min=0.22854246823956445 y_min=0.47186985891406585 x_max=0.8045271627344224 y_max=0.5166547370671227,,
nutrient,D04,2,a754c384-65f5-4f97-8775-d412123d9185,,,,,,,,,,,1653,2339,595.0,842.0,True,x_min=0.8039140504201681 y_min=1.0 x_max=1.0 y_max=1.0,x_min=0.2893701512401694 y_min=0.7180795639162035 x_max=0.7102403871748336 y_max=0.7952155793073963,,
nutrient,D04,3,f7c6fcc7-46fc-44af-a217-d660061337a3,,,,,,,,,,,1653,2339,595.0,842.0,True,x_min=0.8588235294117647 y_min=0.36223277909738716 x_max=1.0 y_max=0.39429928741092635,x_min=0.30913490623109496 y_min=0.13039760581445062 x_max=0.6920750151240169 y_max=0.14194100042753313,,
nutrient,D04,3,01618685-8a72-450a-bf08-2954136f63ed,,,,,,,,,,,1653,2339,595.0,842.0,True,x_min=1.0 y_min=0.36223277909738716 x_max=1.0 y_max=0.38836104513064135,x_min=0.7961282516636419 y_min=0.13039760581445062 x_max=0.8045646173623714 y_max=0.13980333475844378,,
nutrient,D04,3,02167f5c-b365-4cb2-939f-864af0f2d7ff,,,,,,,,,,,1653,2339,595.0,842.0,True,x_min=0.5394477983193277 y_min=0.4513064133016627 x_max=1.0 y_max=0.5184661425178148,x_min=0.19417509981851178 y_min=0.16246259085079093 x_max=0.8049894676346038 y_max=0.18663894484822574,,
nutrient,D04,3,e5d56675-924c-40c3-a53a-25ec61dc8860,,,,,,,,,,,1653,2339,595.0,842.0,True,x_min=0.5395863865546219 y_min=0.7383133016627078 x_max=1.0 y_max=0.8034920344418053,x_min=0.19422498487598305 y_min=0.26578016246259084 x_max=0.804781427707199 y_max=0.28924339162035057,,
nutrient,D04,3,4e30f7f3-dfef-4e43-a00d-eedfcf582fbe,,,,,,,,,,,1653,2339,595.0,842.0,True,x_min=0.5391387226890756 y_min=0.8076009501187649 x_max=1.0 y_max=1.0,x_min=0.19406384754990924 y_min=0.2907225309961522 x_max=0.8053000846944949 y_max=0.40454054724241134,,
nutrient,D04,3,004fcc62-947f-4328-97f5-61a9bda375b3,,,,,,,,,,,1653,2339,595.0,842.0,True,x_min=0.5399752100840336 y_min=1.0 x_max=1.0 y_max=1.0,x_min=0.19436494252873565 y_min=0.4082941427960667 x_max=0.8058075922565032 y_max=0.4583155194527576,,
nutrient,D04,3,8a403d6d-31c3-411f-b94b-02e70ac59805,,,,,,,,,,,1653,2339,595.0,842.0,True,x_min=0.540972268907563 y_min=1.0 x_max=1.0 y_max=1.0,x_min=0.1947238354506957 y_min=0.5302049593843523 x_max=0.8044200846944949 y_max=0.5557930679777683,,
nutrient,D04,3,db03b10e-2992-497e-b970-875dafedf7a5,,,,,,,,,,,1653,2339,595.0,842.0,True,x_min=0.540629243697479 y_min=1.0 x_max=1.0 y_max=1.0,x_min=0.19460036297640654 y_min=0.5564404873877725 x_max=0.8050381730187538 y_max=0.5935980333475844,,
nutrient,D04,3,b7a54d51-2b07-4c10-a9ef-1514775bd4dd,,,,,,,,,,,1653,2339,595.0,842.0,True,x_min=0.5392974117647059 y_min=1.0 x_max=1.0 y_max=1.0,x_min=0.19412096793708408 y_min=0.5946985891406584 x_max=0.8058076225045372 y_max=0.6955964087216759,,
nutrient,D04,3,c091afa3-3e4c-4160-b331-0e1b61377428,,,,,,,,,,,1653,2339,595.0,842.0,True,x_min=0.9557021176470587 y_min=1.0 x_max=1.0 y_max=1.0,x_min=0.3440065093768905 y_min=0.7039271911073108 x_max=0.8045977011494253 y_max=0.736212047883711,,
nutrient,D04,3,0d0553c0-890d-4b0a-9f4a-72fc7dfdeb76,,,,,,,,,,,1653,2339,595.0,842.0,True,x_min=0.5411764705882353 y_min=1.0 x_max=1.0 y_max=1.0,x_min=0.19479733817301875 y_min=0.8447404446344592 x_max=0.8046295220810648 y_max=0.8691748610517315,,
nutrient,D04,3,b1680b44-37b0-4fea-a78e-bb0549522af4,,,,,,,,,,,1653,2339,595.0,842.0,True,x_min=0.5691895798319327 y_min=1.0 x_max=1.0 y_max=1.0,x_min=0.20488070175438597 y_min=0.7440702864471996 x_max=0.7955673139745917 y_max=0.8337680119709278,,
nutrient,D04,3,77054777-9b20-44b8-a286-adf61c4b6838,,,,,,,,,,,1653,2339,595.0,842.0,True,x_min=0.870392100840336 y_min=0.5562780760095012 x_max=1.0 y_max=0.6967949596199525,x_min=0.31329903206291587 y_min=0.20025059427105601 x_max=0.8044689836660617 y_max=0.25083426934587433,,
nutrient,D04,3,ad525c18-b6e3-4428-a5ac-8d353bd508ad,,,,,,,,,,,1653,2339,595.0,842.0,True,x_min=0.9699576470588236 y_min=1.0 x_max=1.0 y_max=1.0,x_min=0.3491378100423473 y_min=0.4591183839247541 x_max=0.8043818511796733 y_max=0.5202666353142368,,
nutrient,D04,4,2c23c183-57df-4ae2-afed-c49d6763cf2a,,,,,,,,,,,1653,2339,595.0,842.0,True,x_min=0.5406389579831933 y_min=0.36223277909738716 x_max=0.5654163075630252 y_max=0.3886734334916865,x_min=0.1946038596491228 y_min=0.13039760581445062 x_max=0.20352250635208713 y_max=0.13991578922616504,,
nutrient,D04,4,4d9d6bca-38ed-4374-895a-160cfad0198b,,,,,,,,,,,1653,2339,595.0,842.0,True,x_min=0.8881337815126051 y_min=0.3616172802850356 x_max=1.0 y_max=0.39429928741092635,x_min=0.3196851784633999 y_min=0.1301760367678495 x_max=0.6751361161524501 y_max=0.14194100042753313,,
nutrient,D04,4,116b87c1-60b1-4b78-93ef-315ec9685b84,,,,,,,,,,,1653,2339,595.0,842.0,True,x_min=0.5404978151260504 y_min=0.4513064133016627 x_max=1.0 y_max=0.6223277909738717,x_min=0.19455305505142167 y_min=0.16246259085079093 x_max=0.8064125831820932 y_max=0.22402736212056434,,
nutrient,D04,4,c49b2700-2977-4b6d-a9a3-9fa23eca9af7,,,,,,,,,,,1653,2339,595.0,842.0,True,x_min=1.0 y_min=0.6444757719714964 x_max=1.0 y_max=0.6722090023752968,x_min=0.6805807622504537 y_min=0.2320002565198803 x_max=0.8046298971566849 y_max=0.24198374519025223,,
nutrient,D04,4,496066e0-791a-4e2a-a8a5-66ca04d2fe2e,,,,,,,,,,,1653,2339,595.0,842.0,True,x_min=0.6890502857142857 y_min=0.6973238717339667 x_max=1.0 y_max=0.7304037660332541,x_min=0.24802475499092558 y_min=0.25102466866182127 x_max=0.7507562129461585 y_max=0.2629328648995297,,
nutrient,D04,4,6a2dad5a-0df5-417f-963a-8e67233f291f,,,,,,,,,,,1653,2339,595.0,842.0,True,x_min=0.5411764705882353 y_min=1.0 x_max=1.0 y_max=1.0,x_min=0.19479733817301875 y_min=0.3690897392047883 x_max=0.8048699939503933 y_max=0.40615647712697733,,
nutrient,D04,4,bf1d8ecc-c831-4c21-a114-208e2ac37f66,,,,,,,,,,,1653,2339,595.0,842.0,True,x_min=0.5393712605042017 y_min=1.0 x_max=1.0 y_max=1.0,x_min=0.1941475499092559 y_min=0.41236519880290723 x_max=0.8051320629159104 y_max=0.4749893031209919,,
nutrient,D04,4,4fd90f53-257b-47e3-aedd-f1cceeadadcb,,,,,,,,,,,1653,2339,595.0,842.0,True,x_min=1.0 y_min=1.0 x_max=1.0 y_max=1.0,x_min=0.3672553539019963 y_min=0.5820748610517315 x_max=0.6327888566243195 y_max=0.5934159705002138,,
nutrient,D04,4,fb9b2ff3-4b10-4fa6-af44-8b1efc5f3d00,,,,,,,,,,,1653,2339,595.0,842.0,True,x_min=0.5389380168067227 y_min=1.0 x_max=1.0 y_max=1.0,x_min=0.19399160314579553 y_min=0.601106370243694 x_max=0.8046814640048396 y_max=0.6874732791791364,,
nutrient,D04,4,b8b67b94-0506-4178-982d-4450c2317c43,,,,,,,,,,,1653,2339,595.0,842.0,True,x_min=0.5401480672268908 y_min=1.0 x_max=1.0 y_max=1.0,x_min=0.19442716273442226 y_min=0.6882709705002138 x_max=0.8064126073805202 y_max=0.737116472851646,,
nutrient,D04,4,5f5ba5d9-a5b9-47b5-bfe8-467012c47463,,,,,,,,,,,1653,2339,595.0,842.0,True,x_min=0.5393866050420167 y_min=1.0 x_max=1.0 y_max=1.0,x_min=0.19415307320024197 y_min=0.7387772552372809 x_max=0.8058076043557167 y_max=0.7982466353142369,,
nutrient,D04,4,07b7bc57-f9b0-45c4-8e25-50174829a1dd,,,,,,,,,,,1653,2339,595.0,842.0,True,x_min=0.5406836974789916 y_min=1.0 x_max=1.0 y_max=1.0,x_min=0.19461996370235934 y_min=0.8003420265070543 x_max=0.8045977011494253 y_max=0.8380111286874733,,
nutrient,D04,4,9e485f4f-cc79-4586-83b6-e330147f83e1,,,,,,,,,,,1653,2339,595.0,842.0,True,x_min=0.5411764705882353 y_min=1.0 x_max=1.0 y_max=1.0,x_min=0.19479733817301875 y_min=0.8449778965369816 x_max=0.8049129461584996 y_max=0.8691748525010689,,
nutrient,D04,4,546dad20-d36e-453f-ab2b-fff810cd5090,,,,,,,,,,,1653,2339,595.0,842.0,True,x_min=0.5761963361344538 y_min=0.7502947387173396 x_max=1.0 y_max=0.9972706769596199,x_min=0.2074027949183303 y_min=0.270093274903805 x_max=0.79253056261343 y_max=0.35900038905515175,,
nutrient,D04,4,16f4a82f-f5c8-4aa7-bf0b-0adb2ec7bc88,,,,,,,,,,,1653,2339,595.0,842.0,True,x_min=1.0 y_min=1.0 x_max=1.0 y_max=1.0,x_min=0.3987186932849365 y_min=0.4806790081231295 x_max=0.6004389594676346 y_max=0.5714915946985891,,
nutrient,D04,5,829ce57e-7f3f-4bb7-894a-d647a0cb9926,,,,,,,,,,,1653,2339,595.0,842.0,True,x_min=0.8588235294117647 y_min=0.36223277909738716 x_max=1.0 y_max=0.39429928741092635,x_min=0.30913490623109496 y_min=0.13039760581445062 x_max=0.6920750151240169 y_max=0.14194100042753313,,
nutrient,D04,5,9211a5d9-9ff9-4612-99c2-7186d3aa8b7b,,,,,,,,,,,1653,2339,595.0,842.0,True,x_min=1.0 y_min=0.36223277909738716 x_max=1.0 y_max=0.38836104513064135,x_min=0.795989836660617 y_min=0.13039760581445062 x_max=0.8051943666061705 y_max=0.13980333475844378,,
nutrient,D04,5,42057ad8-2bd3-442b-8d7e-3d223954bd9e,,,,,,,,,,,1653,2339,595.0,842.0,True,x_min=0.5401276470588235 y_min=0.4513064133016627 x_max=1.0 y_max=0.5570071258907363,x_min=0.19441981246218995 y_min=0.16246259085079093 x_max=0.8050596188747732 y_max=0.20051303976058144,,
nutrient,D04,5,fa08ac41-dce0-4718-8aef-232f3f84d51c,,,,,,,,,,,1653,2339,595.0,842.0,True,x_min=0.5397281344537815 y_min=0.5570071258907363 x_max=1.0 y_max=0.66270783847981,x_min=0.19427600725952812 y_min=0.20051303976058144 x_max=0.8050480943738657 y_max=0.23856348867037194,,
nutrient,D04,5,ab4afb81-902b-431a-966a-89df0d2e648d,,,,,,,,,,,1653,2339,595.0,842.0,True,x_min=1.0 y_min=0.6825481828978622 x_max=1.0 y_max=0.7114014299287411,x_min=0.6805807622504537 y_min=0.24570567336468574 x_max=0.8049345190562613 y_max=0.2560923488670372,,
nutrient,D04,5,5d49d641-4cc4-418d-b682-dab866fd9341,,,,,,,,,,,1653,2339,595.0,842.0,True,x_min=1.0 y_min=0.7372174584323041 x_max=1.0 y_max=0.7707838218527316,x_min=0.41018905021173624 y_min=0.26538567764001714 x_max=0.5876803569267998 y_max=0.2774689944420693,,
nutrient,D04,5,513ec485-be58-475e-a263-3f0a1eb4acda,,,,,,,,,,,1653,2339,595.0,842.0,True,x_min=0.5411575966386555 y_min=1.0 x_max=1.0 y_max=1.0,x_min=0.1947905444646098 y_min=0.42030085506626763 x_max=0.8048676769509981 y_max=0.44634460025651984,,
nutrient,D04,5,0e7b4400-c30d-4901-bc1b-79e32f88825a,,,,,,,,,,,1653,2339,595.0,842.0,True,x_min=0.8695591596638655 y_min=1.0 x_max=1.0 y_max=1.0,x_min=0.31299921355111915 y_min=0.4532161607524583 x_max=0.8049413188142771 y_max=0.4846962633604104,,
nutrient,D04,5,bbbbc534-d273-4d14-8506-b4e41f2419dd,,,,,,,,,,,1653,2339,595.0,842.0,True,x_min=0.5401693445378151 y_min=1.0 x_max=1.0 y_max=1.0,x_min=0.1944348215366001 y_min=0.6288253954681488 x_max=0.8064125831820932 y_max=0.6780675374091492,,
nutrient,D04,5,b553714b-ba24-44e4-91f0-17a934e76986,,,,,,,,,,,1653,2339,595.0,842.0,True,x_min=0.6329639663865546 y_min=1.0 x_max=1.0 y_max=1.0,x_min=0.22783639443436177 y_min=0.6780675502351432 x_max=0.8045977374470659 y_max=0.6904086032492518,,
nutrient,D04,5,b44716e9-3cf1-450e-be75-f724fa6e3807,,,,,,,,,,,1653,2339,595.0,842.0,True,x_min=0.5411764705882353 y_min=1.0 x_max=1.0 y_max=1.0,x_min=0.19479733817301875 y_min=0.6908935442496793 x_max=0.8045977011494253 y_max=0.7323642582300128,,
nutrient,D04,5,d8f84953-b99a-491e-99a7-37e984a5f418,,,,,,,,,,,1653,2339,595.0,842.0,True,x_min=0.5398351764705882 y_min=1.0 x_max=1.0 y_max=1.0,x_min=0.19431453720508168 y_min=0.7326039760581445 x_max=0.804758033877798 y_max=0.7695596536981616,,
nutrient,D04,5,d6b6403e-e5b5-49c9-b182-37e25d546889,,,,,,,,,,,1653,2339,595.0,842.0,True,x_min=0.5397510924369748 y_min=1.0 x_max=1.0 y_max=1.0,x_min=0.19428427102238355 y_min=0.7695596408721675 x_max=0.8047578342407743 y_max=0.844377939290295,,
nutrient,D04,5,d3ad6cd0-f897-4b7e-94b8-2361cff60078,,,,,,,,,,,1653,2339,595.0,842.0,True,x_min=0.5404818991596638 y_min=1.0 x_max=1.0 y_max=1.0,x_min=0.1945473260738052 y_min=0.8453590850790936 x_max=0.8055192558983666 y_max=0.8692316857631467,,
nutrient,D04,5,ce22c176-bcd7-42f8-adfb-0e7f644acf14,,,,,,,,,,,1653,2339,595.0,842.0,True,x_min=0.5645754621848739 y_min=0.7918049881235154 x_max=1.0 y_max=1.0,x_min=0.20321984271022384 y_min=0.28503625480974776 x_max=0.7969983484573502 y_max=0.4103313039760581,,
nutrient,D04,5,53d26b93-4596-4698-8dcf-d8434de5ac81,,,,,,,,,,,1653,2339,595.0,842.0,True,x_min=0.6031795798319327 y_min=1.0 x_max=1.0 y_max=1.0,x_min=0.21711545674531155 y_min=0.4919233860624198 x_max=0.7837253176043557 y_max=0.6181074519025225,,
nutrient,D04,6,d3a53ffa-db44-442d-94ce-012a9e93accb,,,,,,,,,,,1653,2339,595.0,842.0,True,x_min=0.5411764705882353 y_min=0.36223277909738716 x_max=0.5651313848739495 y_max=0.38836104513064135,x_min=0.19479733817301875 y_min=0.13039760581445062 x_max=0.20341994797338173 y_max=0.13980333475844378,,
nutrient,D04,6,750724d0-bda8-4925-927a-aac88f7dbd8e,,,,,,,,,,,1653,2339,595.0,842.0,True,x_min=0.8878621848739496 y_min=0.36154425178147265 x_max=1.0 y_max=0.39429928978622325,x_min=0.31958741681790687 y_min=0.13014974775545105 x_max=0.6751361161524501 y_max=0.1419410012825994,,
nutrient,D04,6,42f69e54-32a1-4ed0-9cce-f764e000ab4d,,,,,,,,,,,1653,2339,595.0,842.0,True,x_min=0.703170487394958 y_min=0.9137699524940618 x_max=1.0 y_max=0.9478261923990499,x_min=0.25310734422262554 y_min=0.3289415562206071 x_max=0.7471264004839686 y_max=0.34120122017956395,,
nutrient,D04,6,2cbc22fe-1e0a-4c54-9eaa-127e0a651a4d,,,,,,,,,,,1653,2339,595.0,842.0,True,x_min=0.5398771428571428 y_min=0.9893111638954869 x_max=1.0 y_max=1.0,x_min=0.19432964307320025 y_min=0.35613510047028646 x_max=0.8045977011494253 y_max=0.3937580162462591,,
nutrient,D04,6,127b24d9-8283-4d7c-92d2-544e2d80c035,,,,,,,,,,,1653,2339,595.0,842.0,True,x_min=0.5380389915966386 y_min=1.0 x_max=1.0 y_max=1.0,x_min=0.1936679975801573 y_min=0.4001680889268918 x_max=0.8064125831820932 y_max=0.49998230440359126,,
nutrient,D04,6,a5cbc201-17f7-4a6b-8630-2b24f5e5c2c1,,,,,,,,,,,1653,2339,595.0,842.0,True,x_min=0.5409654117647058 y_min=1.0 x_max=1.0 y_max=1.0,x_min=0.19472136721113126 y_min=0.4997862334330911 x_max=0.8045977132486388 y_max=0.539365510902095,,
nutrient,D04,6,1aaadc1c-bb42-49f4-be5e-8d9fd2c6c3e9,,,,,,,,,,,1653,2339,595.0,842.0,True,x_min=0.6336134453781512 y_min=1.0 x_max=1.0 y_max=1.0,x_min=0.22807017543859648 y_min=0.5946985891406584 x_max=0.7607909255898366 y_max=0.6079521162890124,,
nutrient,D04,6,6bdaa17b-97a6-49be-acdd-a2b6aecd00c1,,,,,,,,,,,1653,2339,595.0,842.0,True,x_min=0.5395618487394959 y_min=1.0 x_max=1.0 y_max=1.0,x_min=0.19421615245009077 y_min=0.6635314236853356 x_max=0.8055272837265577 y_max=0.7151573535699017,,
nutrient,D04,6,e83241f3-df83-488c-a956-e59f0fa2f53b,,,,,,,,,,,1653,2339,595.0,842.0,True,x_min=0.5401856470588235 y_min=1.0 x_max=1.0 y_max=1.0,x_min=0.19444068965517242 y_min=0.7161179991449337 x_max=0.80479870538415 y_max=0.7464728516460025,,
nutrient,D04,6,99b19506-3878-4ea8-b684-271f443d602e,,,,,,,,,,,1653,2339,595.0,842.0,True,x_min=0.5396455462184874 y_min=1.0 x_max=1.0 y_max=1.0,x_min=0.194246279491833 y_min=0.7827740059854639 x_max=0.8045977011494253 y_max=0.8071825365540829,,
nutrient,D04,6,1b7a8255-c6f9-4356-bce7-2a95e6745bca,,,,,,,,,,,1653,2339,595.0,842.0,True,x_min=0.5405601176470588 y_min=1.0 x_max=1.0 y_max=1.0,x_min=0.19457548094373864 y_min=0.8075837964942283 x_max=0.8047735148215366 y_max=0.8691748696023942,,
nutrient,D04,6,6dcea7ad-e3b4-4952-b023-8d051138936e,,,,,,,,,,,1653,2339,595.0,842.0,True,x_min=1.0 y_min=1.0 x_max=1.0 y_max=1.0,x_min=0.3799343980641258 y_min=0.5498561351004703 x_max=0.6191442105263157 y_max=0.5843441043180846,,
nutrient,D04,6,a17088d5-e9c1-4f48-858e-935949e853a1,,,,,,,,,,,1653,2339,595.0,842.0,True,x_min=0.9663493109243698 y_min=1.0 x_max=1.0 y_max=1.0,x_min=0.3478389836660617 y_min=0.6183958956819154 x_max=0.8043347247428917 y_max=0.6529855280034204,,
nutrient,D04,6,cdee5109-f126-48a5-b146-f016c7237bdb,,,,,,,,,,,1653,2339,595.0,842.0,True,x_min=0.5406969075630251 y_min=1.0 x_max=1.0 y_max=1.0,x_min=0.19462471869328493 y_min=0.7474267635741769 x_max=0.6953349425287356 y_max=0.7751319238991022,,
nutrient,D04,6,cee329a0-facc-47d3-ab41-fca20e529b13,,,,,,,,,,,1653,2339,595.0,842.0,True,x_min=0.9791983193277312 y_min=0.4555104038004751 x_max=1.0 y_max=0.8640362114014251,x_min=0.35246400483968543 y_min=0.16397595553655409 x_max=0.6476268844525107 y_max=0.31103825994014533,,
nutrient,D04,7,63899119-2aa7-470f-86db-eed4962e3f28,,,,,,,,,,,1653,2339,595.0,842.0,True,x_min=0.8588235294117647 y_min=0.36223277909738716 x_max=1.0 y_max=0.39429928741092635,x_min=0.30913490623109496 y_min=0.13039760581445062 x_max=0.6920750151240169 y_max=0.14194100042753313,,
nutrient,D04,7,a79dbe74-0603-424d-845c-d7533a635ab4,,,,,,,,,,,1653,2339,595.0,842.0,True,x_min=1.0 y_min=0.36223277909738716 x_max=1.0 y_max=0.38836104513064135,x_min=0.7959184513006654 y_min=0.13039760581445062 x_max=0.8048198360556564 y_max=0.13980333475844378,,
nutrient,D04,7,23ffe825-0057-4e01-93ae-b8fae4657f37,,,,,,,,,,,1653,2339,595.0,842.0,True,x_min=0.539564537815126 y_min=0.45049004750593824 x_max=1.0 y_max=0.7299446555819477,x_min=0.19421712038717484 y_min=0.1621687131252672 x_max=0.8050631578947369 y_max=0.2627675929884566,,
nutrient,D04,7,343863e7-f32e-48eb-bf7e-d293e629e569,,,,,,,,,,,1653,2339,595.0,842.0,True,x_min=0.5387614285714285 y_min=0.7347870902612827 x_max=1.0 y_max=0.872921609263658,x_min=0.1939280399274047 y_min=0.2645107866609662 x_max=0.8045977011494253 y_max=0.31423685121846945,,
nutrient,D04,7,feae928d-fb0b-4bcf-be22-d23450c4a096,,,,,,,,,,,1653,2339,595.0,842.0,True,x_min=0.5411764705882353 y_min=0.8741092636579573 x_max=1.0 y_max=0.9453681710213777,x_min=0.19479733817301875 y_min=0.314664386489953 x_max=0.8045977011494253 y_max=0.34031637451902524,,
nutrient,D04,7,5586bb05-e5e2-4d15-bc0e-ccc9e9f274dd,,,,,,,,,,,1653,2339,595.0,842.0,True,x_min=0.5411764705882353 y_min=0.9457330760095012 x_max=1.0 y_max=1.0,x_min=0.19479733817301875 y_min=0.3404477340743908 x_max=0.8045977011494253 y_max=0.3655408294142796,,
nutrient,D04,7,7a099103-a61b-4f23-a9a3-73a1240e9939,,,,,,,,,,,1653,2339,595.0,842.0,True,x_min=0.5397642521008403 y_min=1.0 x_max=1.0 y_max=1.0,x_min=0.19428900786448883 y_min=0.3667224882428388 x_max=0.8049648699334543 y_max=0.4044463377511757,,
nutrient,D04,7,4a09483e-f825-4a3c-846a-77b1e426398f,,,,,,,,,,,1653,2339,595.0,842.0,True,x_min=0.5398801680672269 y_min=1.0 x_max=1.0 y_max=1.0,x_min=0.19433073200241985 y_min=0.40487387772552375 x_max=0.8045977011494253 y_max=0.430525865754596,,
nutrient,D04,7,21d97da4-8e8e-49fb-9bcd-54454aeed411,,,,,,,,,,,1653,2339,595.0,842.0,True,x_min=0.5411764705882353 y_min=1.0 x_max=1.0 y_max=1.0,x_min=0.19479733817301875 y_min=0.4312530568619068 x_max=0.8050862068965516 y_max=0.4685763018383925,,
nutrient,D04,7,4e84d851-b107-404e-93ec-c73264f70d9c,,,,,,,,,,,1653,2339,595.0,842.0,True,x_min=0.5401858823529412 y_min=1.0 x_max=1.0 y_max=1.0,x_min=0.19444077434966728 y_min=0.469963274903805 x_max=0.8045976769509983 y_max=0.5057716802052159,,
nutrient,D04,7,170d84c3-8cc1-461a-89fe-6dce9bccfb89,,,,,,,,,,,1653,2339,595.0,842.0,True,x_min=0.5386770588235295 y_min=1.0 x_max=1.0 y_max=1.0,x_min=0.19389767090139143 y_min=0.5078216331765711 x_max=0.8047731699939504 y_max=0.6066695168875588,,
nutrient,D04,7,f52bde17-da71-4836-8e8f-7666d76b7251,,,,,,,,,,,1653,2339,595.0,842.0,True,x_min=0.5383875630252101 y_min=1.0 x_max=1.0 y_max=1.0,x_min=0.1937934664246824 y_min=0.6160752458315519 x_max=0.8049890502117362 y_max=0.7039363317657119,,
nutrient,D04,7,3ae68458-a319-4db6-abd3-b511b720635c,,,,,,,,,,,1653,2339,595.0,842.0,True,x_min=0.5399904873949579 y_min=1.0 x_max=1.0 y_max=1.0,x_min=0.1943704416212946 y_min=0.7561280889268918 x_max=0.8048046218995766 y_max=0.7799613381787088,,
nutrient,D04,7,9f30c724-5eff-4e9f-a110-0ad23b20175f,,,,,,,,,,,1653,2339,595.0,842.0,True,x_min=0.5399657647058823 y_min=1.0 x_max=1.0 y_max=1.0,x_min=0.19436154264972777 y_min=0.781530568619068 x_max=0.8064125650332727 y_max=0.8692947413424541,,
nutrient,D04,7,e5b3e6bc-a0bd-485d-b057-34267f5e97da,,,,,,,,,,,1653,2339,595.0,842.0,True,x_min=0.9908972436974789 y_min=1.0 x_max=1.0 y_max=1.0,x_min=0.35667505142165756 y_min=0.716801453612655 x_max=0.6422571808832426 y_max=0.7431487045746046,,
nutrient,D04,8,f0a32391-730f-416b-9687-1c1ff4f36810,,,,,,,,,,,1653,2339,595.0,842.0,True,x_min=0.5420228067226891 y_min=0.36223277909738716 x_max=0.58932643697479 y_max=0.388863932304038,x_min=0.19510197822141562 y_min=0.13039760581445062 x_max=0.21212899576527527 y_max=0.1399843655408294,,
nutrient,D04,8,6f423361-fc5e-4d38-8328-de3e06f2a783,,,,,,,,,,,1653,2339,595.0,842.0,True,x_min=0.8876352941176471 y_min=0.3615145249406176 x_max=1.0 y_max=0.394299283847981,x_min=0.3195057471264368 y_min=0.13013904660111159 x_max=0.6751361161524501 y_max=0.14194099914493374,,
nutrient,D04,8,75c1bc02-72ee-4f1c-97f5-f82addf7a1ec,,,,,,,,,,,1653,2339,595.0,842.0,True,x_min=0.7852834957983194 y_min=0.4406769121140143 x_max=1.0 y_max=0.5534441805225653,x_min=0.2826640532365396 y_min=0.15863615220179564 x_max=0.8050624440411372 y_max=0.19923044035912782,,
nutrient,D04,8,117a8fa9-5667-40cb-ad81-9e69276e6bbe,,,,,,,,,,,1653,2339,595.0,842.0,True,x_min=0.540595243697479 y_min=1.0 x_max=1.0 y_max=1.0,x_min=0.1945881246218996 y_min=0.6774584010260796 x_max=0.804597683000605 y_max=0.7371089268918342,,
nutrient,D04,8,cfc3035a-5185-46fd-8fed-72080e5e3f3a,,,,,,,,,,,1653,2339,595.0,842.0,True,x_min=0.5397176806722689 y_min=1.0 x_max=1.0 y_max=1.0,x_min=0.19427224440411375 y_min=0.7396323215049166 x_max=0.8045977132486388 y_max=0.7644292432663532,,
nutrient,D04,8,cd74fe2d-81cc-4e86-a91f-4093f31ea6bc,,,,,,,,,,,1653,2339,595.0,842.0,True,x_min=0.539755025210084 y_min=1.0 x_max=1.0 y_max=1.0,x_min=0.19428568663036905 y_min=0.764856776400171 x_max=0.8047572171808832 y_max=0.814450619923044,,
nutrient,D04,8,080687f7-93db-452c-9c4f-c7fca8a17782,,,,,,,,,,,1653,2339,595.0,842.0,True,x_min=0.5399543865546218 y_min=1.0 x_max=1.0 y_max=1.0,x_min=0.1943574470659407 y_min=0.814450619923044 x_max=0.805067247428917 y_max=0.8619067977768277,,
nutrient,D04,8,7f0464f7-7168-4dd3-9d4b-70693f836c97,,,,,,,,,,,1653,2339,595.0,842.0,True,x_min=0.5545601680672269 y_min=0.5732546912114014 x_max=1.0 y_max=1.0,x_min=0.19961482153660012 y_min=0.20636188542112013 x_max=0.8006371264367816 y_max=0.6604926678067551,,
nutrient,D04,9,7bd9ecb0-90c9-44a5-95b1-67d191db8211,,,,,,,,,,,1653,2339,595.0,842.0,True,x_min=0.8588235294117647 y_min=0.36223277909738716 x_max=1.0 y_max=0.3944759774346793,x_min=0.30913490623109496 y_min=0.13039760581445062 x_max=0.6920750151240169 y_max=0.14200460581445062,,
nutrient,D04,9,e1b8b78d-ad3f-44d4-a5c6-7e5f08cb821b,,,,,,,,,,,1653,2339,595.0,842.0,True,x_min=1.0 y_min=0.36223277909738716 x_max=1.0 y_max=0.38836104513064135,x_min=0.7881016333938294 y_min=0.13039760581445062 x_max=0.8045976672716273 y_max=0.13980333475844378,,
nutrient,D04,9,5aa112a5-0626-4877-a8af-4535a5cc65c3,,,,,,,,,,,1653,2339,595.0,842.0,True,x_min=0.8588235294117647 y_min=0.4513064133016627 x_max=1.0 y_max=0.5665083135391924,x_min=0.30913490623109496 y_min=0.16246259085079093 x_max=0.8059864065335752 y_max=0.2039333048311244,,
nutrient,D04,9,217078ae-cd65-4235-bc79-6990ea06e099,,,,,,,,,,,1653,2339,595.0,842.0,True,x_min=0.5401860168067227 y_min=1.0 x_max=1.0 y_max=1.0,x_min=0.1944408227465215 y_min=0.6802052159042326 x_max=0.804984016938899 y_max=0.7302265925609235,,
nutrient,D04,9,b39787af-16b9-4bc5-af72-eebe98c45284,,,,,,,,,,,1653,2339,595.0,842.0,True,x_min=0.5387540336134454 y_min=1.0 x_max=1.0 y_max=1.0,x_min=0.19392537810042348 y_min=0.7309366395895682 x_max=0.8064125831820932 y_max=0.8058999700726807,,
nutrient,D04,9,b05bba07-9c57-4863-b0a7-0c2cd1611a0b,,,,,,,,,,,1653,2339,595.0,842.0,True,x_min=0.5400028571428571 y_min=1.0 x_max=1.0 y_max=1.0,x_min=0.19437489413188141 y_min=0.8063274903805044 x_max=0.8047689655172414 y_max=0.8430953398888413,,
nutrient,D04,9,dbc4da43-4f23-40f0-a1f3-707fd9497bb8,,,,,,,,,,,1653,2339,595.0,842.0,True,x_min=0.5411764705882353 y_min=1.0 x_max=1.0 y_max=1.0,x_min=0.19479733817301875 y_min=0.844377939290295 x_max=0.8050102843315184 y_max=0.8700299273193672,,
nutrient,D04,9,2d8f1236-59d7-4cff-8cd6-a489fa29e5e9,,,,,,,,,,,1653,2339,595.0,842.0,True,x_min=0.5595733445378152 y_min=0.5900678147268409 x_max=1.0 y_max=1.0,x_min=0.20141932244404115 y_min=0.21241432235998292 x_max=0.798977519661222 y_max=0.6669789226165027,,
nutrient,D04,10,cbef797e-0d11-4495-92aa-fc43665c0b4c,,,,,,,,,,,1653,2339,595.0,842.0,True,x_min=0.5425338151260504 y_min=0.36223277909738716 x_max=0.5895817647058824 y_max=0.3885599524940618,x_min=0.19528591651542648 y_min=0.13039760581445062 x_max=0.21222090139140956 y_max=0.1398749380076956,,
nutrient,D04,10,d6fc2bd0-2ae1-4026-94c2-cb574bc7db9e,,,,,,,,,,,1653,2339,595.0,842.0,True,x_min=0.8879766386554622 y_min=0.3617154631828978 x_max=1.0 y_max=0.394299283847981,x_min=0.3196286146400484 y_min=0.13021138093202222 x_max=0.6751361161524501 y_max=0.14194099914493374,,
nutrient,D04,10,cb69d4c6-02c3-4f14-b511-8e79c2e921ba,,,,,,,,,,,1653,2339,595.0,842.0,True,x_min=0.746218487394958 y_min=1.0 x_max=1.0 y_max=1.0,x_min=0.26860254083484575 y_min=0.5089125267208208 x_max=0.7320024198427102 y_max=0.5331338024796921,,
nutrient,D04,10,a620b07e-ce0d-453e-aec7-fbcf692e616f,,,,,,,,,,,1653,2339,595.0,842.0,True,x_min=0.5411764705882353 y_min=1.0 x_max=1.0 y_max=1.0,x_min=0.19479733817301875 y_min=0.549406156477127 x_max=0.8064125831820932 y_max=0.5865754446344592,,
nutrient,D04,10,543604c8-f687-4168-9ebc-6587a8a3c33c,,,,,,,,,,,1653,2339,595.0,842.0,True,x_min=0.5396150420168067 y_min=1.0 x_max=1.0 y_max=1.0,x_min=0.1942352994555354 y_min=0.5875208208636169 x_max=0.8050913793103448 y_max=0.6494228388200085,,
nutrient,D04,10,1d6a6d30-4c24-4013-a902-a3f7dfb4caf6,,,,,,,,,,,1653,2339,595.0,842.0,True,x_min=0.5404923193277311 y_min=1.0 x_max=1.0 y_max=1.0,x_min=0.19455107683000605 y_min=0.6503457032920051 x_max=0.8064126013309136 y_max=0.6994442197520307,,
nutrient,D04,10,c4eee242-9c40-4241-85f0-81d038a6dc7e,,,,,,,,,,,1653,2339,595.0,842.0,True,x_min=0.5394142521008404 y_min=1.0 x_max=1.0 y_max=1.0,x_min=0.1941630248033878 y_min=0.6994442069260368 x_max=0.80484463399879 y_max=0.7610089781958101,,
nutrient,D04,10,eaa7411c-e2f4-49d0-bc6d-0c6d8281ec2d,,,,,,,,,,,1653,2339,595.0,842.0,True,x_min=0.5391268907563026 y_min=1.0 x_max=1.0 y_max=1.0,x_min=0.19405958862673928 y_min=0.7622507054296708 x_max=0.8048941923774955 y_max=0.7990594185549379,,
nutrient,D04,10,d389d98f-c54e-4ddd-8c69-1cfbd8042ed9,,,,,,,,,,,1653,2339,595.0,842.0,True,x_min=0.5747078487394958 y_min=0.46389320665083134 x_max=1.0 y_max=1.0,x_min=0.20686701149425288 y_min=0.16699362120564343 x_max=0.7933656805807622 y_max=0.4997239162035058,,
nutrient,D04,11,6ecaf9a4-97e5-44cb-b311-f7a4596c4551,,,,,,,,,,,1653,2339,595.0,842.0,True,x_min=0.8588235294117647 y_min=0.3579756888361045 x_max=1.0 y_max=0.3895788883610451,x_min=0.30913490623109496 y_min=0.12886512612227446 x_max=0.6920750151240169 y_max=0.14024173749465582,,
nutrient,D04,11,073383c2-7426-4f0a-b3d7-2ca0e6c1c144,,,,,,,,,,,1653,2339,595.0,842.0,True,x_min=1.0 y_min=0.3582499406175772 x_max=1.0 y_max=0.3847980950118765,x_min=0.7878584392014518 y_min=0.1289638520735357 x_max=0.8051691615245009 y_max=0.13852073364685763,,
nutrient,D04,11,5efedecd-6237-40a2-a053-1d9c831e160b,,,,,,,,,,,1653,2339,595.0,842.0,True,x_min=1.0 y_min=0.4513064133016627 x_max=1.0 y_max=0.4809976247030879,x_min=0.6860537810042348 y_min=0.16246259085079093 x_max=0.805100326678766 y_max=0.1731509191962377,,
nutrient,D04,11,3c3fc94b-0ea5-404e-b0a7-798d420f050e,,,,,,,,,,,1653,2339,595.0,842.0,True,x_min=0.9187702521008404 y_min=0.4974227553444181 x_max=1.0 y_max=0.5641330213776723,x_min=0.3307128251663642 y_min=0.1790636853356135 x_max=0.6689355716878403 y_max=0.20307824027362123,,
nutrient,D04,11,453503ca-613e-4a25-827b-454f21933682,,,,,,,,,,,1653,2339,595.0,842.0,True,x_min=0.5391525210084034 y_min=1.0 x_max=1.0 y_max=1.0,x_min=0.19406881427707198 y_min=0.364258230012826 x_max=0.8054367513611616 y_max=0.40145361265498075,,
nutrient,D04,11,55678fb9-0be9-47bd-8bcc-d74dedf15af0,,,,,,,,,,,1653,2339,595.0,842.0,True,x_min=0.5399429915966386 y_min=1.0 x_max=1.0 y_max=1.0,x_min=0.19435334543254687 y_min=0.41021144078666094 x_max=0.8048209800362977 y_max=0.5592133390337751,,
nutrient,D04,11,69cd6198-35f9-43ef-9178-21eadf461b1b,,,,,,,,,,,1653,2339,595.0,842.0,True,x_min=1.0 y_min=1.0 x_max=1.0 y_max=1.0,x_min=0.43315184513006655 y_min=0.5746045318512185 x_max=0.5661907259528131 y_max=0.5852928601966653,,
nutrient,D04,11,57cd41da-7463-40bd-a763-b3d13d93e17b,,,,,,,,,,,1653,2339,595.0,842.0,True,x_min=0.580432487394958 y_min=1.0 x_max=1.0 y_max=1.0,x_min=0.20892760435571686 y_min=0.5957459170585719 x_max=0.804962692075015 y_max=0.6173578422402736,,
nutrient,D04,11,8d443d71-8e54-45f8-8287-7ba16ba3d5d5,,,,,,,,,,,1653,2339,595.0,842.0,True,x_min=0.5808029075630252 y_min=1.0 x_max=1.0 y_max=1.0,x_min=0.2090609376890502 y_min=0.6195897819581017 x_max=0.8048319298245614 y_max=0.6414650012825994,,
nutrient,D04,11,8837aa8d-2926-4942-8305-8e785405fe82,,,,,,,,,,,1653,2339,595.0,842.0,True,x_min=0.580544756302521 y_min=1.0 x_max=1.0 y_max=1.0,x_min=0.2089680157289776 y_min=0.6434373663958957 x_max=0.8064125831820932 y_max=0.6660966224882429,,
nutrient,D04,11,0f1ecb24-a8b6-42e7-a524-9c5987749b88,,,,,,,,,,,1653,2339,595.0,842.0,True,x_min=0.5807480672268908 y_min=1.0 x_max=1.0 y_max=1.0,x_min=0.20904119782214156 y_min=0.6673792218896965 x_max=0.8050937326073806 y_max=0.6896733108165883,,
nutrient,D04,11,ff88b140-7f48-4d27-b23b-330d8c52de5c,,,,,,,,,,,1653,2339,595.0,842.0,True,x_min=0.5822129411764706 y_min=1.0 x_max=1.0 y_max=1.0,x_min=0.20956848154869934 y_min=0.6917769132107738 x_max=0.8064125831820932 y_max=0.7138995083368961,,
nutrient,D04,11,31749ffe-6493-4690-a287-c9526ccb9e15,,,,,,,,,,,1653,2339,595.0,842.0,True,x_min=0.5811688571428572 y_min=1.0 x_max=1.0 y_max=1.0,x_min=0.20919266182698126 y_min=0.7156106028217187 x_max=0.8053906049606776 y_max=0.7387772415562206,,
nutrient,D04,11,a078ae4b-ccc0-4c74-9bae-65a23e9bd079,,,,,,,,,,,1653,2339,595.0,842.0,True,x_min=0.5815575798319328 y_min=1.0 x_max=1.0 y_max=1.0,x_min=0.2093325831820932 y_min=0.7396323215049166 x_max=0.8055913248638839 y_max=0.7622915775972637,,
nutrient,D04,11,6056f707-0708-4cf1-93f9-307c8af02eea,,,,,,,,,,,1653,2339,595.0,842.0,True,x_min=0.581205781512605 y_min=1.0 x_max=1.0 y_max=1.0,x_min=0.20920595281306714 y_min=0.7631761864044463 x_max=0.8064125831820932 y_max=0.7977768319794784,,
nutrient,D04,11,2e76232f-5edb-461e-ad38-ce379a84a907,,,,,,,,,,,1653,2339,595.0,842.0,True,x_min=0.5797910084033613 y_min=1.0 x_max=1.0 y_max=1.0,x_min=0.2086967029643073 y_min=0.7994060709705002 x_max=0.8052216273442226 y_max=0.8336896152201796,,
nutrient,D04,11,e5b8440d-307a-4c6c-97d8-428a934aaf94,,,,,,,,,,,1653,2339,595.0,842.0,True,x_min=0.5596638655462185 y_min=1.0 x_max=1.0 y_max=1.0,x_min=0.2014519056261343 y_min=0.8351029072253099 x_max=0.805341052631579 y_max=0.8691748764429242,,
nutrient,D04,11,01317fe2-5334-47bc-83cd-ddd9e0836952,,,,,,,,,,,1653,2339,595.0,842.0,True,x_min=0.6180378823529411 y_min=0.5868968883610451 x_max=1.0 y_max=0.9823186579572446,x_min=0.22246372655777372 y_min=0.2112728430953399 x_max=0.7780876225045372 y_max=0.3536179179136383,,
nutrient,D04,12,21bdb9dd-9cd1-4415-b78f-7bc11e592a54,,,,,,,,,,,1653,2339,595.0,842.0,True,x_min=0.54206 y_min=0.36223277909738716 x_max=0.5892174033613444 y_max=0.38860373634204276,x_min=0.1951153660012099 y_min=0.13039760581445062 x_max=0.2120897489413188 y_max=0.13989069944420693,,
nutrient,D04,12,17b070dd-d452-4ca8-9c9e-bdcbd0492d2d,,,,,,,,,,,1653,2339,595.0,842.0,True,x_min=0.8882719327731092 y_min=0.36221444180522566 x_max=1.0 y_max=0.39429928978622325,x_min=0.31973490623109496 y_min=0.13039100470286447 x_max=0.6751361161524501 y_max=0.1419410012825994,,
nutrient,D04,12,0be74b43-888a-4ada-82e4-fc19119dca8f,,,,,,,,,,,1653,2339,595.0,842.0,True,x_min=0.5596638655462185 y_min=0.45486935866983375 x_max=1.0 y_max=0.517814726840855,x_min=0.2014519056261343 y_min=0.16374519025224454 x_max=0.8058076225045372 y_max=0.18640444634459172,,
nutrient,D04,12,a5ba3e65-fc4f-4151-b92a-a6cbd69d855d,,,,,,,,,,,1653,2339,595.0,842.0,True,x_min=0.5596638655462185 y_min=0.5201900237529691 x_max=1.0 y_max=0.5831353919239906,x_min=0.2014519056261343 y_min=0.18725951261222745 x_max=0.8051836660617061 y_max=0.2099187687045746,,
nutrient,D04,12,8efc134c-c919-4b72-ae64-679898c88543,,,,,,,,,,,1653,2339,595.0,842.0,True,x_min=0.5596638655462185 y_min=0.5866083372921616 x_max=1.0 y_max=0.6496436995249406,x_min=0.2014519056261343 y_min=0.2111689696451475 x_max=0.8064125831820932 y_max=0.2338606220607097,,
nutrient,D04,12,2eb9fc90-7369-46ee-bf06-574ee3bb73d8,,,,,,,,,,,1653,2339,595.0,842.0,True,x_min=0.5596638655462185 y_min=0.6532066508313539 x_max=1.0 y_max=0.7155547862232778,x_min=0.2014519056261343 y_min=0.23514322359982898 x_max=0.8056758620689656 y_max=0.2575874861051731,,
nutrient,D04,12,95c8b149-2597-49e4-ac2a-6db07e92864c,,,,,,,,,,,1653,2339,595.0,842.0,True,x_min=0.5596638655462185 y_min=0.7185273159144893 x_max=1.0 y_max=0.8147268408551069,x_min=0.2014519056261343 y_min=0.2586575459598119 x_max=0.8064125831820932 y_max=0.2932877297990594,,
nutrient,D04,12,478ab704-8d89-4d8f-b4f0-6143414d9522,,,,,,,,,,,1653,2339,595.0,842.0,True,x_min=0.5596638655462185 y_min=0.8171021377672208 x_max=1.0 y_max=0.8801622565320666,x_min=0.2014519056261343 y_min=0.2941427960666952 x_max=0.8052277676950998 y_max=0.3168433604104318,,
nutrient,D04,12,0c78efb5-e623-4a90-af50-485d4ba32b25,,,,,,,,,,,1653,2339,595.0,842.0,True,x_min=0.5596638655462185 y_min=0.8836104513064132 x_max=1.0 y_max=0.9108302458432305,x_min=0.2014519056261343 y_min=0.3180846515604959 x_max=0.617664851784634 y_max=0.3278833120991877,,
nutrient,D04,12,40965962-37e5-4e3d-99e6-f4b8756da0d2,,,,,,,,,,,1653,2339,595.0,842.0,True,x_min=0.5596638655462185 y_min=0.9167065795724465 x_max=1.0 y_max=0.9443242636579573,x_min=0.2014519056261343 y_min=0.3299986917486105 x_max=0.794313369630974 y_max=0.3399405857203933,,
nutrient,D04,12,4f222c48-87b1-43fb-b035-f7fb8fc1db50,,,,,,,,,,,1653,2339,595.0,842.0,True,x_min=0.5596638655462185 y_min=0.9490855938242281 x_max=1.0 y_max=1.0,x_min=0.2014519056261343 y_min=0.34165458315519454 x_max=0.8060598306110104 y_max=0.37367317229585295,,
nutrient,D04,12,060eab53-d61f-4110-b3eb-0dd38b598a45,,,,,,,,,,,1653,2339,595.0,842.0,True,x_min=0.5433521008403361 y_min=1.0 x_max=1.0 y_max=1.0,x_min=0.19558045977011496 y_min=0.3949098546387345 x_max=0.45622590441621297 y_max=0.40487387644292433,,
nutrient,D04,12,b39dfec5-862f-4fd4-a95b-ce14ec9245cb,,,,,,,,,,,1653,2339,595.0,842.0,True,x_min=0.5411764705882353 y_min=1.0 x_max=1.0 y_max=1.0,x_min=0.19479733817301875 y_min=0.4202650705429671 x_max=0.4265092800967937 y_max=0.43095339888841383,,
nutrient,D04,12,5731b41d-dda0-4501-8f5a-02f0a1db0dcf,,,,,,,,,,,1653,2339,595.0,842.0,True,x_min=0.5411764705882353 y_min=1.0 x_max=1.0 y_max=1.0,x_min=0.19479733817301875 y_min=0.4325458956819153 x_max=0.5571687840290381 y_max=0.4429243249251817,,
nutrient,D04,12,55be9a32-3622-4390-81ca-f62529fd95f3,,,,,,,,,,,1653,2339,595.0,842.0,True,x_min=0.5411764705882353 y_min=1.0 x_max=1.0 y_max=1.0,x_min=0.19479733817301875 y_min=0.44420692603676787 x_max=0.3647120508166969 y_max=0.45446772124839674,,
nutrient,D04,12,51c7743b-0fd6-4861-9c69-638ece0840f2,,,,,,,,,,,1653,2339,595.0,842.0,True,x_min=0.5411764705882353 y_min=1.0 x_max=1.0 y_max=1.0,x_min=0.19479733817301875 y_min=0.4557503206498504 x_max=0.4110545311554749 y_max=0.46643864899529713,,
nutrient,D04,12,4f5cc1c4-0cc2-4ba4-badf-23cf926315ac,,,,,,,,,,,1653,2339,595.0,842.0,True,x_min=0.5411764705882353 y_min=1.0 x_max=1.0 y_max=1.0,x_min=0.19479733817301875 y_min=0.4677212483967507 x_max=0.5571687840290381 y_max=0.47840957674219753,,
nutrient,D04,12,20590aee-a79d-42c8-8ac7-e2ead20e5490,,,,,,,,,,,1653,2339,595.0,842.0,True,x_min=0.5411764705882353 y_min=1.0 x_max=1.0 y_max=1.0,x_min=0.19479733817301875 y_min=0.4796921761436511 x_max=0.507125015124017 y_max=0.4903805044890979,,
nutrient,D04,12,15e760a6-39e4-4ea9-a241-acbf7ad103bc,,,,,,,,,,,1653,2339,595.0,842.0,True,x_min=0.5411764705882353 y_min=1.0 x_max=0.8285714285714286 y_max=1.0,x_min=0.19479733817301875 y_min=0.4916631038905515 x_max=0.2982456140350877 y_max=0.5019238991021804,,
nutrient,D04,12,2f35dc93-1471-416d-946d-c41a31c0f979,,,,,,,,,,,1653,2339,595.0,842.0,True,x_min=0.5410179327731092 y_min=1.0 x_max=1.0 y_max=1.0,x_min=0.1947402722323049 y_min=0.5032064985036341 x_max=0.39825277071990317 y_max=0.5138948268490808,,
nutrient,D04,12,05dbf091-acc6-4d17-969d-285b135f095c,,,,,,,,,,,1653,2339,595.0,842.0,True,x_min=0.5411764705882353 y_min=1.0 x_max=1.0 y_max=1.0,x_min=0.19479733817301875 y_min=0.5151774262505344 x_max=0.557424960677556 y_max=0.5246771479264644,,
nutrient,D04,12,4e1ed39c-2ab2-4939-8b6c-073adc6fe978,,,,,,,,,,,1653,2339,595.0,842.0,True,x_min=0.5428619159663866 y_min=1.0 x_max=0.7127866638655462 y_max=1.0,x_min=0.19540401693889897 y_min=0.5272235143223599 x_max=0.25656870235934665 y_max=0.535271491663104,,
nutrient,D04,12,21339827-1ff0-40b0-bfd9-ad3dfae24e00,,,,,,,,,,,1653,2339,595.0,842.0,True,x_min=0.5411764705882353 y_min=1.0 x_max=1.0 y_max=1.0,x_min=0.19479733817301875 y_min=0.5390727233860625 x_max=0.6943379310344828 y_max=0.5485554835399744,,
nutrient,D04,12,da52731a-7418-41b2-831e-3e60ca97bc37_unclaimed_para_0000,,,,,,,,,,,1653,2339,595.0,842.0,True,x_min=0.7226890756302521 y_min=1.0 x_max=0.9546218487394958 y_max=1.0,x_min=0.2601330913490623 y_min=0.5271483539974348 x_max=0.34361766485178463 y_max=0.5365540829414279,,
nutrient,D05,1,6e679f28-3a07-4261-9f5a-ef191eee35ee,,,,,,,,,,,1653,2339,594.9600219726562,842.0399780273438,True,x_min=0.2421127045181874 y_min=0.25550955490739585 x_max=0.5690750092374453 y_max=0.2926475576341316,x_min=0.08714300060496068 y_min=0.0919834373663959 x_max=0.2048256987295826 y_max=0.10535311799914493,,
nutrient,D05,1,472a599d-49fe-44d4-a0d9-1ea5c4b2ba66,,,,,,,,,,,1653,2339,594.9600219726562,842.0399780273438,True,x_min=1.0 y_min=0.2547574528498622 x_max=1.0 y_max=0.29202244835935215,x_min=0.8057439806412583 y_min=0.09171268063274904 x_max=0.9225502056866304 y_max=0.10512807866609662,,
nutrient,D05,1,97b3f708-198f-4aca-966d-3152aa31b2af,,,,,,,,,,,1653,2339,594.9600219726562,842.0399780273438,True,x_min=0.8377990984122099 y_min=0.2962583565027588 x_max=1.0 y_max=0.33406575618772505,x_min=0.30154686630369026 y_min=0.10665300555793074 x_max=0.7079611433756806 y_max=0.12026366908935442,,
nutrient,D05,1,0522d9ef-3c13-43b1-9439-edf1c72d8b23,,,,,,,,,,,1653,2339,594.9600219726562,842.0399780273438,True,x_min=1.0 y_min=0.47449786284021955 x_max=1.0 y_max=0.5060134864358705,x_min=0.38966287356321844 y_min=0.1708192261650278 x_max=0.6199480036297641 y_max=0.18216485036340319,,
nutrient,D05,1,8477b3d2-ccc8-4385-a1b4-7815ecca04dc,,,,,,,,,,,1653,2339,594.9600219726562,842.0399780273438,True,x_min=0.6692171831644494 y_min=0.5669380462414313 x_max=1.0 y_max=0.6935537803895525,x_min=0.24086961282516636 y_min=0.20409769132107738 x_max=0.7685794978826376 y_max=0.24967935442496791,,
nutrient,D05,1,0c745b6a-246c-4d58-80ba-a3a77a4237b2,,,,,,,,,,,1653,2339,594.9600219726562,842.0399780273438,True,x_min=1.0 y_min=0.7624753179820533 x_max=1.0 y_max=0.7923638003067994,x_min=0.4496440048396854 y_min=0.2744911073108166 x_max=0.5596859588626739 y_max=0.2852509606669517,,
nutrient,D05,1,2db64cf2-739f-4759-b1f8-3f438e46a1b8,,,,,,,,,,,1653,2339,594.9600219726562,842.0399780273438,True,x_min=0.37168299017267953 y_min=0.8437873717878602 x_max=1.0 y_max=1.0,x_min=0.13377889897156683 y_min=0.30376344591705856 x_max=0.8753827102238355 y_max=0.3937580205215904,,
nutrient,D05,1,f8a15959-2f73-4e2e-9b10-a67095151f2a,,,,,,,,,,,1653,2339,594.9600219726562,842.0399780273438,True,x_min=0.37442759475062387 y_min=1.0 x_max=1.0 y_max=1.0,x_min=0.1347667574107683 y_min=0.41007357845233006 x_max=0.3914938415003025 y_max=0.419470852928602,,
nutrient,D05,1,37e4d122-ac77-406f-8f7b-f56f08c38ee2,,,,,,,,,,,1653,2339,594.9600219726562,842.0399780273438,True,x_min=0.24425476440949648 y_min=1.0 x_max=0.5368248759656642 y_max=1.0,x_min=0.0879139866908651 y_min=0.4455704574604532 x_max=0.19321799153055053 y_max=0.45917057246686616,,
nutrient,D05,1,719fb1fd-6316-46be-9ae7-9b4973c5584c,,,,,,,,,,,1653,2339,594.9600219726562,842.0399780273438,True,x_min=0.24508310578000733 y_min=1.0 x_max=0.5538364559478652 y_max=1.0,x_min=0.08821212946158499 y_min=0.47503843522873024 x_max=0.19934092558983665 y_max=0.4839675211628901,,
nutrient,D05,1,e846ecb9-95ce-4a73-8bdd-a79b1b773c26,,,,,,,,,,,1653,2339,594.9600219726562,842.0399780273438,True,x_min=0.2436386557862908 y_min=1.0 x_max=0.7176952807421143 y_max=1.0,x_min=0.08769223230490018 y_min=0.48809029499786233 x_max=0.25831820931639443 y_max=0.497335907652843,,
nutrient,D05,1,96dec6f6-e859-4633-a0f2-05f723510153,,,,,,,,,,,1653,2339,594.9600219726562,842.0399780273438,True,x_min=0.2435220765247632 y_min=1.0 x_max=0.9261126456414636 y_max=1.0,x_min=0.0876502722323049 y_min=0.5008321077383497 x_max=0.3333333333333333 y_max=0.510902099187687,,
nutrient,D05,1,57e6b545-7732-4a33-8f63-9cd672fcfd10,,,,,,,,,,,1653,2339,594.9600219726562,842.0399780273438,True,x_min=0.24302898457040417 y_min=1.0 x_max=0.9160279344366564 y_max=1.0,x_min=0.08747279491833032 y_min=0.5144069687900812 x_max=0.3297035692679976 y_max=0.52418976400171,,
nutrient,D05,1,7afef8ad-fd53-4e89-9da7-d6bb62d423e9,,,,,,,,,,,1653,2339,594.9600219726562,842.0399780273438,True,x_min=0.2421985590262443 y_min=1.0 x_max=0.8895181364376157 y_max=1.0,x_min=0.08717390199637023 y_min=0.5273321504916632 x_max=0.3201619661222021 y_max=0.5372554908080377,,
nutrient,D05,1,a5739d5a-7f4d-4eee-bfd4-bc8ed3a8a2f8,,,,,,,,,,,1653,2339,594.9600219726562,842.0399780273438,True,x_min=0.3095562108347247 y_min=1.0 x_max=1.0 y_max=1.0,x_min=0.11141776769509983 y_min=0.5404569901667379 x_max=0.493290998185118 y_max=0.5898649893116716,,
nutrient,D05,1,9513cf02-cc91-4d1f-b82f-b6635772bfd1,,,,,,,,,,,1653,2339,594.9600219726562,842.0399780273438,True,x_min=0.24286976378833228 y_min=1.0 x_max=0.8891353712238371 y_max=1.0,x_min=0.08741548699334543 y_min=0.593206284737067 x_max=0.3200241984271022 y_max=0.6030697644292432,,
nutrient,D05,1,5ce6eb4b-b8a2-4b71-8e98-05c5196f97a7,,,,,,,,,,,1653,2339,594.9600219726562,842.0399780273438,True,x_min=0.3090475884251102 y_min=1.0 x_max=1.0 y_max=1.0,x_min=0.1112347005444646 y_min=0.6066525010688328 x_max=0.49304292800967936 y_max=0.6429625480974775,,
nutrient,D05,1,78d873ce-0f89-4b21-8015-507075033f55,,,,,,,,,,,1653,2339,594.9600219726562,842.0399780273438,True,x_min=0.24273047711874188 y_min=1.0 x_max=0.5997274721366048 y_max=1.0,x_min=0.08736535390199637 y_min=0.6456691748610517 x_max=0.21585836055656382 y_max=0.655408287729799,,
nutrient,D05,1,aa8acfa9-ad14-4db6-bdfa-52a930b4c54e,,,,,,,,,,,1653,2339,594.9600219726562,842.0399780273438,True,x_min=0.24345102973432534 y_min=1.0 x_max=0.6561478680628756 y_max=1.0,x_min=0.0876247005444646 y_min=0.6586585292860196 x_max=0.23616560798548095 y_max=0.6686618234288157,,
nutrient,D05,1,8582c89b-294f-4578-8a37-d06e478b96aa,,,,,,,,,,,1653,2339,594.9600219726562,842.0399780273438,True,x_min=0.2466519506864352 y_min=1.0 x_max=0.5243657363155371 y_max=1.0,x_min=0.08877679975801574 y_min=0.6888928174433518 x_max=0.18873360556563823 y_max=0.7007268011970927,,
nutrient,D05,1,a7fbb197-af74-42da-acf5-3532504bbb63,,,,,,,,,,,1653,2339,594.9600219726562,842.0399780273438,True,x_min=0.24281098672986023 y_min=1.0 x_max=1.0 y_max=1.0,x_min=0.0873943315184513 y_min=0.7110035057716974 x_max=0.4933133454325469 y_max=0.8272766011115861,,
nutrient,D05,1,7302e58c-892d-48e2-9f2c-6afb4ee3d2b8,,,,,,,,,,,1653,2339,594.9600219726562,842.0399780273438,True,x_min=0.24291027071167157 y_min=1.0 x_max=1.0 y_max=1.0,x_min=0.08743006654567452 y_min=0.8486022659256092 x_max=0.47773163944343616 y_max=0.8807182385634887,,
nutrient,D05,1,3eaca307-ba1c-4b8d-a6b0-97670ad9c2e3,,,,,,,,,,,1653,2339,594.9600219726562,842.0399780273438,True,x_min=0.36021731223119 y_min=1.0 x_max=0.6185289538948432 y_max=1.0,x_min=0.12965208711433757 y_min=0.882704360837965 x_max=0.22262552934059285 y_max=0.8922616468576314,,
nutrient,D05,1,d0e6705c-9f29-4150-ba86-bda099ae7932,,,,,,,,,,,1653,2339,594.9600219726562,842.0399780273438,True,x_min=0.24470497953338308 y_min=1.0 x_max=0.35727067727210937 y_max=1.0,x_min=0.08807603145795523 y_min=0.8830061137238135 x_max=0.12859151240169386 y_max=0.8908093240701154,,
nutrient,D05,1,2d25d14d-8592-4b8e-a2a6-2baa11d72677,,,,,,,,,,,1653,2339,594.9600219726562,842.0399780273438,True,x_min=0.24297822485733997 y_min=1.0 x_max=0.8224020302703424 y_max=1.0,x_min=0.08745452510586813 y_min=0.9023933304831124 x_max=0.29600503932244404 y_max=0.9230584407866609,,
nutrient,D05,1,9d063372-95f1-43f6-9a8f-8dce22fd3d2d,,,,,,,,,,,1653,2339,594.9600219726562,842.0399780273438,True,x_min=1.0 y_min=1.0 x_max=1.0 y_max=1.0,x_min=0.5163936479128857 y_min=0.4476415562206071 x_max=0.9220306715063521 y_max=0.48482258657545957,,
nutrient,D05,1,afc69ebe-f47f-4200-80a6-1a4ea2717f94,,,,,,,,,,,1653,2339,594.9600219726562,842.0399780273438,True,x_min=1.0 y_min=1.0 x_max=1.0 y_max=1.0,x_min=0.5164641258318209 y_min=0.48698131680205214 x_max=0.9223847549909255 y_max=0.5241556135100469,,
nutrient,D05,1,a4150ac4-f865-4837-b284-fa30393a84b9,,,,,,,,,,,1653,2339,594.9600219726562,842.0399780273438,True,x_min=1.0 y_min=1.0 x_max=1.0 y_max=1.0,x_min=0.51597870538415 y_min=0.5262835399743481 x_max=0.9227194615849971 y_max=0.642775044890979,,
nutrient,D05,1,eb84c624-9446-425a-99f7-7f99ffea8398,,,,,,,,,,,1653,2339,594.9600219726562,842.0399780273438,True,x_min=1.0 y_min=1.0 x_max=1.0 y_max=1.0,x_min=0.5156124803387779 y_min=0.6448062847370671 x_max=0.9228632365396249 y_max=0.8405301410859342,,
nutrient,D05,1,41324ac8-f773-4d0c-9600-083db6c25fec,,,,,,,,,,,1653,2339,594.9600219726562,842.0399780273438,True,x_min=1.0 y_min=1.0 x_max=1.0 y_max=1.0,x_min=0.5160842952208107 y_min=0.8420413852073535 x_max=0.9222714700544465 y_max=0.9065299486960239,,
nutrient,D05,1,a5537f7a-367b-4949-8147-4f5542bac521,,,,,,,,,,,1653,2339,594.9600219726562,842.0399780273438,True,x_min=1.0 y_min=1.0 x_max=1.0 y_max=1.0,x_min=0.5161271627344223 y_min=0.9085935870029928 x_max=0.9224375680580762 y_max=0.9327423202223173,,
nutrient,D05,1,ee51339a-7422-45cc-add0-c23b64e20e2a,,,,,,,,,,,1653,2339,594.9600219726562,842.0399780273438,True,x_min=1.0 y_min=1.0 x_max=1.0 y_max=1.0,x_min=0.8053546279491832 y_min=0.9419259512612228 x_max=0.9219600604960678 y_max=0.9512612248824284,,
nutrient,D05,2,ebe9a6de-a5b8-4a18-8eed-1858e6a30b7d,,,,,,,,,,,1653,2339,594.9600219726562,842.0399780273438,True,x_min=0.2436087546175685 y_min=0.16650517037024473 x_max=0.31023966852092644 y_max=0.19238991523837048,x_min=0.08768147005444646 y_min=0.05994185976913211 x_max=0.11166376285541439 y_max=0.06926036767849508,,
nutrient,D05,2,52f111c9-74fa-4d46-a140-226c152f32d7,,,,,,,,,,,1653,2339,594.9600219726562,842.0399780273438,True,x_min=1.0 y_min=0.17086979686768242 x_max=1.0 y_max=0.19289802056729122,x_min=0.4613160072595281 y_min=0.06151312526720821 x_max=0.5474894131881428 y_max=0.06944328559213339,,
nutrient,D05,2,b3dea03b-168d-49de-ad65-cdfd7855218a,,,,,,,,,,,1653,2339,594.9600219726562,842.0399780273438,True,x_min=1.0 y_min=0.1702163837111136 x_max=1.0 y_max=0.19768468759638225,x_min=0.8563459770114943 y_min=0.06127789653698162 x_max=0.9220006049606776 y_max=0.07116648567764003,,
nutrient,D05,2,bb02e6e6-4997-4880-890f-e9f5261fd1c1,,,,,,,,,,,1653,2339,594.9600219726562,842.0399780273438,True,x_min=0.24333799692957145 y_min=0.7508421886109892 x_max=1.0 y_max=0.8099511339090517,x_min=0.08758401693889896 y_min=0.2703031808465156 x_max=0.92263574107683 y_max=0.2915824005985464,,
nutrient,D05,2,635cf4ae-86a5-44da-b0ba-44385ff538c3,,,,,,,,,,,1653,2339,594.9600219726562,842.0399780273438,True,x_min=0.241014681162208 y_min=0.877688612518586 x_max=1.0 y_max=1.0,x_min=0.08674779189352692 y_min=0.3159678922616503 x_max=0.4933611978221416 y_max=0.48509792646430094,,
nutrient,D05,2,1610dee8-1f44-4a5c-8c6f-05a4314e88fe,,,,,,,,,,,1653,2339,594.9600219726562,842.0399780273438,True,x_min=0.2416548250137851 y_min=1.0 x_max=1.0 y_max=1.0,x_min=0.08697819721718088 y_min=0.5392965369816161 x_max=0.49371147005444643 y_max=0.6431013424540403,,
nutrient,D05,2,f84cc18b-ff9a-4599-9462-409cbd62a6ec,,,,,,,,,,,1653,2339,594.9600219726562,842.0399780273438,True,x_min=0.24219674377822742 y_min=1.0 x_max=1.0 y_max=1.0,x_min=0.08717324863883846 y_min=0.6447592988456606 x_max=0.49352176648517854 y_max=0.8007695425395469,,
nutrient,D05,2,5f42b757-4976-441c-b8f4-564a09b4dd4e,,,,,,,,,,,1653,2339,594.9600219726562,842.0399780273438,True,x_min=0.24199844474023693 y_min=1.0 x_max=1.0 y_max=1.0,x_min=0.08710187537810042 y_min=0.8029509619495511 x_max=0.4933790683605565 y_max=0.9325595724668662,,
nutrient,D05,2,bbba970d-5b46-4bcd-8364-27055edc5731,,,,,,,,,,,1653,2339,594.9600219726562,842.0399780273438,True,x_min=1.0 y_min=1.0 x_max=1.0 y_max=1.0,x_min=0.516222262552934 y_min=0.6822957674219752 x_max=0.9220782214156079 y_max=0.7263788071825567,,
nutrient,D05,2,3a4e66a5-2f32-40fc-bbaa-913f0979c5c3,,,,,,,,,,,1653,2339,594.9600219726562,842.0399780273438,True,x_min=1.0 y_min=1.0 x_max=1.0 y_max=1.0,x_min=0.5159240471869329 y_min=0.7494655835827276 x_max=0.9223981548699335 y_max=0.8276764343736639,,
nutrient,D05,2,b5a12651-1817-49e8-bbbd-c54ec1670eb3,,,,,,,,,,,1653,2339,594.9600219726562,842.0399780273438,True,x_min=1.0 y_min=1.0 x_max=1.0 y_max=1.0,x_min=0.5158806594071386 y_min=0.8297949123557076 x_max=0.9225376467029642 y_max=0.9324497819581017,,
nutrient,D05,2,3d2793a8-d38c-4b5f-b990-c71e316d8ca2,,,,,,,,,,,1653,2339,594.9600219726562,842.0399780273438,True,x_min=0.31045005240451073 y_min=1.0 x_max=1.0 y_max=1.0,x_min=0.11173948578342408 y_min=0.49440752458315523 x_max=0.4920335208711434 y_max=0.5170608832834545,,
nutrient,D05,2,917e8e03-3564-4ae1-bdd8-0ce5df7bd5a9,,,,,,,,,,,1653,2339,594.9600219726562,842.0399780273438,True,x_min=0.405851201899911 y_min=0.2731919338781441 x_max=1.0 y_max=0.6890529133299164,x_min=0.14607697519661222 y_min=0.09834909362975632 x_max=0.864147332123412 y_max=0.24805904232578024,,
nutrient,D05,2,f0005f13-7dfc-4971-b9fe-39176189ef44,,,,,,,,,,,1653,2339,594.9600219726562,842.0399780273438,True,x_min=1.0 y_min=0.8811093527152071 x_max=1.0 y_max=1.0,x_min=0.5215184513006655 y_min=0.3171993587002993 x_max=0.9185352329098609 y_max=0.43030650705429674,,
nutrient,D05,2,8981f922-96ca-4085-99dc-8c0602a99900,,,,,,,,,,,1653,2339,594.9600219726562,842.0399780273438,True,x_min=1.0 y_min=1.0 x_max=1.0 y_max=1.0,x_min=0.5207915305505142 y_min=0.4432469003847798 x_max=0.9181075015124016 y_max=0.5252389055151774,,
nutrient,D05,2,cf89c8df-0ed6-4608-bcc4-65117e28590f,,,,,,,,,,,1653,2339,594.9600219726562,842.0399780273438,True,x_min=1.0 y_min=1.0 x_max=1.0 y_max=1.0,x_min=0.520953962492438 y_min=0.5420286019666525 x_max=0.9162206896551724 y_max=0.668128798631894,,
nutrient,D05,3,819c8e0c-767a-44e1-93de-8539ee3cab76,,,,,,,,,,,1653,2339,594.9600219726562,842.0399780273438,True,x_min=0.24122832576908182 y_min=0.1700615692089502 x_max=0.43385888205420187 y_max=0.19714028470345316,x_min=0.08682468844525106 y_min=0.061222163317657126 x_max=0.15615770719903208 y_max=0.0709705006412997,,
nutrient,D05,3,ad83ebab-0b64-49e8-b426-45b55f3d8367,,,,,,,,,,,1653,2339,594.9600219726562,842.0399780273438,True,x_min=0.6291903088863413 y_min=0.16943307173399677 x_max=1.0 y_max=0.19756696753250566,x_min=0.22646284331518451 y_min=0.06099590423257802 x_max=0.7824532849364791 y_max=0.07112410645575032,,
nutrient,D05,3,f2eb3a40-cfea-496b-b0c2-131d617759a1,,,,,,,,,,,1653,2339,594.9600219726562,842.0399780273438,True,x_min=1.0 y_min=0.16718946092061726 x_max=1.0 y_max=0.19267524848414208,x_min=0.8974116757410768 y_min=0.06018820436083797 x_max=0.9200545735027222 y_max=0.06936308764429243,,
nutrient,D05,3,653b0791-bc2d-4210-a8e1-5b5d98ee3c9b,,,,,,,,,,,1653,2339,594.9600219726562,842.0399780273438,True,x_min=0.2417859094515956 y_min=0.866031363152593 x_max=1.0 y_max=0.9577893770428682,x_min=0.08702537810042346 y_min=0.31177128259940146 x_max=0.49332797943133694 y_max=0.3448041667379222,,
nutrient,D05,3,299a2ed7-3fb8-479d-84c9-40524aa6223b,,,,,,,,,,,1653,2339,594.9600219726562,842.0399780273438,True,x_min=0.24238902560519912 y_min=1.0 x_max=1.0 y_max=1.0,x_min=0.08724245614035088 y_min=0.3677640872167593 x_max=0.49334396854204476 y_max=0.43268576314664386,,
nutrient,D05,3,a2cb5901-695d-46f4-a2fa-d458c647feb6,,,,,,,,,,,1653,2339,594.9600219726562,842.0399780273438,True,x_min=0.24220736634069653 y_min=1.0 x_max=1.0 y_max=1.0,x_min=0.08717707199032063 y_min=0.43442684908080376 x_max=0.4935441016333938 y_max=0.669089354424968,,
nutrient,D05,3,5afa77fc-5f29-42f9-89ac-73dbe41d51ff,,,,,,,,,,,1653,2339,594.9600219726562,842.0399780273438,True,x_min=0.24169704633802927 y_min=1.0 x_max=1.0 y_max=1.0,x_min=0.08699339382940109 y_min=0.6714065840102609 x_max=0.49324944948578336 y_max=0.9326599657973493,,
nutrient,D05,3,ca052c4b-f4d3-4118-ac6b-da6bbf07b24d,,,,,,,,,,,1653,2339,594.9600219726562,842.0399780273438,True,x_min=1.0 y_min=0.256356521819431 x_max=1.0 y_max=0.5060203329041504,x_min=0.5157868360556563 y_min=0.09228834544677213 x_max=0.9224635632183907 y_max=0.1821673150919196,,
nutrient,D05,3,12d0bfb6-2b09-485f-94c0-4a3d9059e473,,,,,,,,,,,1653,2339,594.9600219726562,842.0399780273438,True,x_min=1.0 y_min=0.5586496036708657 x_max=1.0 y_max=0.5926084378665877,x_min=0.5161627586206896 y_min=0.20111385207353571 x_max=0.7079000665456745 y_max=0.21333903206498503,,
nutrient,D05,3,c070036f-d48a-4817-bad6-e576415278f4,,,,,,,,,,,1653,2339,594.9600219726562,842.0399780273438,True,x_min=1.0 y_min=0.6206334065329016 x_max=1.0 y_max=0.8354078052778117,x_min=0.5155655172413793 y_min=0.2234280205215904 x_max=0.9224851179673321 y_max=0.30074680205215903,,
nutrient,D05,3,c28a41e3-17ec-433c-8870-e53fc85dcc13,,,,,,,,,,,1653,2339,594.9600219726562,842.0399780273438,True,x_min=1.0 y_min=0.9502003715719279 x_max=1.0 y_max=1.0,x_min=0.5159320931639443 y_min=0.3420721248396751 x_max=0.9219600725952813 y_max=0.379082680632749,,
nutrient,D05,3,f764de83-a211-4361-b207-d1d9e96bdd6e,,,,,,,,,,,1653,2339,594.9600219726562,842.0399780273438,True,x_min=1.0 y_min=1.0 x_max=1.0 y_max=1.0,x_min=0.5160444646098004 y_min=0.3816687900812313 x_max=0.9223495462794917 y_max=0.4450619794784096,,
nutrient,D05,3,2cc0321e-92e3-4d49-996c-1f0561481e54,,,,,,,,,,,1653,2339,594.9600219726562,842.0399780273438,True,x_min=1.0 y_min=1.0 x_max=1.0 y_max=1.0,x_min=0.5158055656382335 y_min=0.4475526720820864 x_max=0.9224321234119781 y_max=0.59056642154767,,
nutrient,D05,3,c210aab2-ec04-49ba-8c81-2497d09f1828,,,,,,,,,,,1653,2339,594.9600219726562,842.0399780273438,True,x_min=1.0 y_min=1.0 x_max=1.0 y_max=1.0,x_min=0.515913369630974 y_min=0.5925082086361693 x_max=0.9222672111312765 y_max=0.6297563018383925,,
nutrient,D05,3,1171e886-d9cc-46e2-aca6-7751e51cd599,,,,,,,,,,,1653,2339,594.9600219726562,842.0399780273438,True,x_min=1.0 y_min=1.0 x_max=1.0 y_max=1.0,x_min=0.5153957652752571 y_min=0.6706271483539974 x_max=0.9220193587416817 y_max=0.6955963984608807,,
nutrient,D05,3,bdb2fe26-f772-4e17-92e9-9dc7da86dc12,,,,,,,,,,,1653,2339,594.9600219726562,842.0399780273438,True,x_min=1.0 y_min=1.0 x_max=1.0 y_max=1.0,x_min=0.51545574107683 y_min=0.6974903805044891 x_max=0.9224855051421658 y_max=0.7618215391192817,,
nutrient,D05,3,19821067-5e24-4368-9fac-9c0e6adcf794,,,,,,,,,,,1653,2339,594.9600219726562,842.0399780273438,True,x_min=1.0 y_min=1.0 x_max=1.0 y_max=1.0,x_min=0.5159869630973987 y_min=0.7636255664814023 x_max=0.9219600725952813 y_max=0.801133300555793,,
nutrient,D05,3,4ada26ee-1f2a-4fc1-ba3b-94a22ce47a60,,,,,,,,,,,1653,2339,594.9600219726562,842.0399780273438,True,x_min=1.0 y_min=1.0 x_max=1.0 y_max=1.0,x_min=0.51564981246219 y_min=0.8420385634886703 x_max=0.9221816938898971 y_max=0.8666096622488243,,
nutrient,D05,3,dd5193fc-f983-43e5-9371-40cb5aec7089,,,,,,,,,,,1653,2339,594.9600219726562,842.0399780273438,True,x_min=1.0 y_min=1.0 x_max=1.0 y_max=1.0,x_min=0.5162650332728373 y_min=0.8685739632321504 x_max=0.9219134724742892 y_max=0.8932338362548098,,
nutrient,D05,3,289cde1d-e080-43ad-a9f1-70de9350f590,,,,,,,,,,,1653,2339,594.9600219726562,842.0399780273438,True,x_min=1.0 y_min=0.8601752397752301 x_max=1.0 y_max=0.9259981679571508,x_min=0.5398691772534785 y_min=0.3096630782385635 x_max=0.9217849667271626 y_max=0.3333593317657118,,
nutrient,D05,3,f0987e48-0f04-4d50-9cbf-89dc83a0f127,,,,,,,,,,,1653,2339,594.9600219726562,842.0399780273438,True,x_min=1.0 y_min=1.0 x_max=1.0 y_max=1.0,x_min=0.5399243799153055 y_min=0.6410705857203933 x_max=0.921482425892317 y_max=0.6529558713125266,,
nutrient,D05,3,b69df723-5e70-4502-84cd-626a638d23df,,,,,,,,,,,1653,2339,594.9600219726562,842.0399780273438,True,x_min=1.0 y_min=1.0 x_max=1.0 y_max=1.0,x_min=0.5402882637628554 y_min=0.8109567336468576 x_max=0.921493799153055 y_max=0.8336401008978196,,
nutrient,D05,3,147cf1d6-7e75-49a8-bd3d-9668069b8f00,,,,,,,,,,,1653,2339,594.9600219726562,842.0399780273438,True,x_min=1.0 y_min=1.0 x_max=1.0 y_max=1.0,x_min=0.5398550695704779 y_min=0.902875587858059 x_max=0.9215141137326075 y_max=0.9298719666524156,,
nutrient,D05,3,92dc189b-58f6-44ca-b368-59f041113ec7,,,,,,,,,,,1653,2339,594.9600219726562,842.0399780273438,True,x_min=0.26290833707006434 y_min=0.27643459464396264 x_max=1.0 y_max=0.8406382457734255,x_min=0.0946279189352692 y_min=0.09951645147498932 x_max=0.48916094978826374 y_max=0.30262976058144503,,
nutrient,D05,4,28c01d91-d2fc-466c-9b0d-54facf951db4,,,,,,,,,,,1653,2339,594.9600219726562,842.0399780273438,True,x_min=0.2441700528353761 y_min=0.16634961956099828 x_max=0.309264471905066 y_max=0.19238991642596254,x_min=0.08788349667271628 y_min=0.05988586147926464 x_max=0.1113127628554144 y_max=0.06926036810602822,,
nutrient,D05,4,e4d0a2fa-fc37-44db-9b18-31adce4b0030,,,,,,,,,,,1653,2339,594.9600219726562,842.0399780273438,True,x_min=1.0 y_min=0.17112841879262972 x_max=1.0 y_max=0.19291789492057218,x_min=0.46155166364186323 y_min=0.06160622915775973 x_max=0.5474979854809436 y_max=0.06945044035912783,,
nutrient,D05,4,e9475161-4ce4-47a7-a4e7-5af50162b796,,,,,,,,,,,1653,2339,594.9600219726562,842.0399780273438,True,x_min=1.0 y_min=0.17000818694543188 x_max=1.0 y_max=0.19757003270763673,x_min=0.8564130671506351 y_min=0.06120294570329201 x_max=0.92206555353902 y_max=0.07112520991876871,,
nutrient,D05,4,65af31fd-82be-485f-83a0-44a925431f4f,,,,,,,,,,,1653,2339,594.9600219726562,842.0399780273438,True,x_min=0.24262068822942556 y_min=0.2614171960287281 x_max=0.30695519573648483 y_max=0.28264690776032414,x_min=0.08732583787053842 y_min=0.09411018811457887 x_max=0.11048159104658199 y_max=0.10175288413852074,,
nutrient,D05,4,8e1d4468-31c3-4c07-b025-8b767d614dae,,,,,,,,,,,1653,2339,594.9600219726562,842.0399780273438,True,x_min=1.0 y_min=0.260888456287602 x_max=1.0 y_max=0.28145931687854353,x_min=0.5162699153055051 y_min=0.09391984181274048 x_max=0.5942295704779189 y_max=0.10132535143223599,,
nutrient,D05,4,a5e4b06d-42ca-402e-a42c-c277201f8d08,,,,,,,,,,,1653,2339,594.9600219726562,842.0399780273438,True,x_min=1.0 y_min=0.547684174188965 x_max=1.0 y_max=0.7990824634910031,x_min=0.5154382032667877 y_min=0.19716629756306114 x_max=0.922327168784029 y_max=0.28766967935014964,,
nutrient,D05,4,161dd561-c1a2-458a-8da9-f00943db2973,,,,,,,,,,,1653,2339,594.9600219726562,842.0399780273438,True,x_min=1.0 y_min=0.8041310955167168 x_max=1.0 y_max=1.0,x_min=0.5157866545674531 y_min=0.2894871868319795 x_max=0.9225837931034482 y_max=0.4839675074818298,,
nutrient,D05,4,4d517d07-b9ad-4d31-8cff-1a01ce5f0ce2,,,,,,,,,,,1653,2339,594.9600219726562,842.0399780273438,True,x_min=1.0 y_min=1.0 x_max=1.0 y_max=1.0,x_min=0.5160662008469449 y_min=0.5263928174433519 x_max=0.9219600725952813 y_max=0.5506630996152202,,
nutrient,D05,4,22d3ac1e-fe22-4c10-89d9-984b2181e66d,,,,,,,,,,,1653,2339,594.9600219726562,842.0399780273438,True,x_min=1.0 y_min=1.0 x_max=1.0 y_max=1.0,x_min=0.5158568421052632 y_min=0.5917500213766567 x_max=0.9223743557168784 y_max=0.64330351432236,,
nutrient,D05,4,19895897-dbfc-46db-b237-eee462a3a1d2,,,,,,,,,,,1653,2339,594.9600219726562,842.0399780273438,True,x_min=1.0 y_min=1.0 x_max=1.0 y_max=1.0,x_min=0.5154251058681186 y_min=0.7102336896109448 x_max=0.9218170417422868 y_max=0.7350544095767422,,
nutrient,D05,4,f2e661d1-53e4-4041-ab2d-bee793b4902c,,,,,,,,,,,1653,2339,594.9600219726562,842.0399780273438,True,x_min=1.0 y_min=1.0 x_max=1.0 y_max=1.0,x_min=0.5160151845130067 y_min=0.7372737494655837 x_max=0.9225536600120993 y_max=0.9324497734074391,,
nutrient,D05,4,0e998fd2-b8f4-4feb-ae85-d4cf81eb9d4b,,,,,,,,,,,1653,2339,594.9600219726562,842.0399780273438,True,x_min=0.6403791615052589 y_min=0.377654278060505 x_max=0.6622293691156745 y_max=0.39071779082360425,x_min=0.23049001814882034 y_min=0.13595553655408293 x_max=0.2383545069570478 y_max=0.14065840102607952,,
nutrient,D05,4,e24d3cb4-f5fc-405e-9169-fa5538f355cf,,,,,,,,,,,1653,2339,594.9600219726562,842.0399780273438,True,x_min=0.24317953250083993 y_min=0.5473162700417941 x_max=1.0 y_max=0.6888034002361412,x_min=0.087526981246219 y_min=0.19703385207353571 x_max=0.49319999999999997 y_max=0.2479692176143651,,
nutrient,D05,4,607ed0a6-51f3-4566-9a3a-9b1154c8b013,,,,,,,,,,,1653,2339,594.9600219726562,842.0399780273438,True,x_min=0.24305804534652603 y_min=0.6945044834688474 x_max=1.0 y_max=0.981867620985036,x_min=0.08748325468844526 y_min=0.25002160752458313 x_max=0.49357548094373865 y_max=0.35347233433091063,,
nutrient,D05,4,91e2f5d8-f0d7-4683-9fc0-636a3cac3359,,,,,,,,,,,1653,2339,594.9600219726562,842.0399780273438,True,x_min=0.24337319257167628 y_min=1.0 x_max=1.0 y_max=1.0,x_min=0.087596684815487 y_min=0.4073299486960239 x_max=0.493273369630974 y_max=0.4322359982898675,,
nutrient,D05,4,06379435-5c3b-4214-9a9a-00b3d235bb16,,,,,,,,,,,1653,2339,594.9600219726562,842.0399780273438,True,x_min=0.2431887095880363 y_min=1.0 x_max=1.0 y_max=1.0,x_min=0.08753028433151845 y_min=0.43449324497648567 x_max=0.4933130429522081 y_max=0.524155613510047,,
nutrient,D05,4,b86e121d-a853-4947-9152-56740d931b98,,,,,,,,,,,1653,2339,594.9600219726562,842.0399780273438,True,x_min=0.24275217605568422 y_min=1.0 x_max=1.0 y_max=1.0,x_min=0.08737316394434362 y_min=0.52648520735357 x_max=0.4936806896551725 y_max=0.6804538135955537,,
nutrient,D05,4,a5139f0b-da32-4b92-aa3c-fc4fdfd5d036,,,,,,,,,,,1653,2339,594.9600219726562,842.0399780273438,True,x_min=0.24270141634262002 y_min=1.0 x_max=1.0 y_max=1.0,x_min=0.08735489413188142 y_min=0.6844607097050022 x_max=0.49326874773139745 y_max=0.8405301410859342,,
nutrient,D05,4,5484cee0-e173-44e0-a3a9-026233f3cc3e,,,,,,,,,,,1653,2339,594.9600219726562,842.0399780273438,True,x_min=0.24243835665084262 y_min=1.0 x_max=1.0 y_max=1.0,x_min=0.08726021173623714 y_min=0.8422434373663958 x_max=0.49380461584996976 y_max=0.9327382471141513,,
nutrient,D05,4,ed68b443-5dcc-4435-8ef0-d399cbfefe13,,,,,,,,,,,1653,2339,594.9600219726562,842.0399780273438,True,x_min=1.0 y_min=0.3152967399742374 x_max=1.0 y_max=0.3508308877353647,x_min=0.5408359951603146 y_min=0.11350682342881573 x_max=0.9217711736237145 y_max=0.12629911628901241,,
nutrient,D05,4,d574fff8-8666-4202-83f3-f121b7cf18c4,,,,,,,,,,,1653,2339,594.9600219726562,842.0399780273438,True,x_min=1.0 y_min=0.373921628682784 x_max=1.0 y_max=0.4453180630193586,x_min=0.5422467029643073 y_min=0.13461178281316802 x_max=0.9218336358136721 y_max=0.16031449850363402,,
nutrient,D05,4,0e2efaa5-1a26-47c5-b30e-d1d3fbe2eb0d,,,,,,,,,,,1653,2339,594.9600219726562,842.0399780273438,True,x_min=1.0 y_min=0.4756987915685312 x_max=1.0 y_max=0.5166089607990964,x_min=0.5410680943738657 y_min=0.17125156049593843 x_max=0.8918412704174229 y_max=0.18597922103463016,,
nutrient,D05,4,fa15d0ef-ed0f-4808-8dda-890ec8b5fc8e,,,,,,,,,,,1653,2339,594.9600219726562,842.0399780273438,True,x_min=1.0 y_min=1.0 x_max=1.0 y_max=1.0,x_min=0.5408018753781004 y_min=0.49609828986746474 x_max=0.9213813309134907 y_max=0.5079296639589568,,
nutrient,D05,4,43a7ac35-654e-488e-9c48-984d6e1c9c22,,,,,,,,,,,1653,2339,594.9600219726562,842.0399780273438,True,x_min=1.0 y_min=1.0 x_max=1.0 y_max=1.0,x_min=0.5406240774349668 y_min=0.5618220179563916 x_max=0.921844041137326 y_max=0.5738186229157759,,
nutrient,D05,4,c8103626-f0bd-4aaa-afb8-f244e8595297,,,,,,,,,,,1653,2339,594.9600219726562,842.0399780273438,True,x_min=1.0 y_min=1.0 x_max=1.0 y_max=1.0,x_min=0.5395102238354507 y_min=0.6541062847370671 x_max=0.9218952208106473 y_max=0.6942306755023514,,
nutrient,D05,4,1bccd6b7-4cfc-4125-9de6-e4bbdcb6d4b9,,,,,,,,,,,1653,2339,594.9600219726562,842.0399780273438,True,x_min=0.3106784038818916 y_min=0.31370976069193474 x_max=0.8611115555316186 y_max=0.38762663949122,x_min=0.11182167574107683 y_min=0.11293551090209492 x_max=0.3099376588021779 y_max=0.1395455865754596,,
nutrient,D05,4,2b7a1d59-334f-46a4-93af-15b667cf70b8,,,,,,,,,,,1653,2339,594.9600219726562,842.0399780273438,True,x_min=0.3051387039385709 y_min=0.4242009753940694 x_max=1.0 y_max=0.4992528216829494,x_min=0.10982778584392015 y_min=0.15271234715690465 x_max=0.4459343617664852 y_max=0.17973101111586148,,
nutrient,D05,4,b20c2c95-10ae-4de4-a067-6c07c160d862,,,,,,,,,,,1653,2339,594.9600219726562,842.0399780273438,True,x_min=0.3089306561986905 y_min=1.0 x_max=1.0 y_max=1.0,x_min=0.11119261343012704 y_min=0.36290561778537833 x_max=0.49243139140955833 y_max=0.3865249183411714,,
nutrient,D05,5,39e09aa6-6d4c-4e8d-87a1-49060f79f5ce,,,,,,,,,,,1653,2339,594.9600219726562,842.0399780273438,True,x_min=0.24155522168278565 y_min=0.17029427787494372 x_max=0.43368962698448116 y_max=0.19714028114067697,x_min=0.08694234724742891 y_min=0.061305938435228725 x_max=0.15609678765880217 y_max=0.0709704993587003,,
nutrient,D05,5,0bf3fd5e-d098-48c9-8602-6a8949e03e4c,,,,,,,,,,,1653,2339,594.9600219726562,842.0399780273438,True,x_min=0.6289688150125797 y_min=0.16941420089601442 x_max=1.0 y_max=0.19793353563859856,x_min=0.2263831215970962 y_min=0.06098911073108165 x_max=0.7825139745916515 y_max=0.07125607097050021,,
nutrient,D05,5,e65ff719-1124-4fc0-915f-14d05302f581,,,,,,,,,,,1653,2339,594.9600219726562,842.0399780273438,True,x_min=1.0 y_min=0.16691255007780165 x_max=1.0 y_max=0.19238991167559427,x_min=0.8972992740471869 y_min=0.06008851646002566 x_max=0.9214573067150635 y_max=0.06926036639589568,,
nutrient,D05,5,1a1be6ef-81b1-46a3-b108-078cc536f487,,,,,,,,,,,1653,2339,594.9600219726562,842.0399780273438,True,x_min=0.24333734142334318 y_min=0.25644361982179886 x_max=1.0 y_max=0.32288275983871534,x_min=0.08758378100423472 y_min=0.09231970072680633 x_max=0.49395976406533576 y_max=0.11623779050876441,,
nutrient,D05,5,5861f5a6-abbd-49a2-beb0-05ae5513d139,,,,,,,,,,,1653,2339,594.9600219726562,842.0399780273438,True,x_min=0.24204488483533504 y_min=0.32791737590282616 x_max=1.0 y_max=0.7985489021260754,x_min=0.08711859044162129 y_min=0.11805025224454894 x_max=0.4936930429522081 y_max=0.28747759726378797,,
nutrient,D05,5,41c7e3de-7301-40f6-960d-f8781c2b5d5f,,,,,,,,,,,1653,2339,594.9600219726562,842.0399780273438,True,x_min=0.24256090269983305 y_min=0.9865819695950625 x_max=1.0 y_max=1.0,x_min=0.08730431941923775 y_min=0.3551694997862334 x_max=0.4933808166969147 y_max=0.41906787943565627,,
nutrient,D05,5,b6892673-8a46-4ede-8fbd-1028dd4afa55,,,,,,,,,,,1653,2339,594.9600219726562,842.0399780273438,True,x_min=0.24240053898382458 y_min=1.0 x_max=1.0 y_max=1.0,x_min=0.08724660012099213 y_min=0.4604993159469859 x_max=0.4937542226255293 y_max=0.5242345275758871,,
nutrient,D05,5,c905f16b-557c-4cc4-8d4c-29bbad45ea9a,,,,,,,,,,,1653,2339,594.9600219726562,842.0399780273438,True,x_min=0.24112786523762994 y_min=1.0 x_max=1.0 y_max=1.0,x_min=0.08678852994555354 y_min=0.5791615220179563 x_max=0.4936388626739262 y_max=0.6562637195382642,,
nutrient,D05,5,ffba1b7b-8c4d-49d7-833b-73722fe2c774,,,,,,,,,,,1653,2339,594.9600219726562,842.0399780273438,True,x_min=0.24209939269939704 y_min=1.0 x_max=1.0 y_max=1.0,x_min=0.08713820931639443 y_min=0.658097306541257 x_max=0.4930429885057471 y_max=0.7085515391192817,,
nutrient,D05,5,a83ec56c-2de6-4c81-9ceb-0093f8e0e94f,,,,,,,,,,,1653,2339,594.9600219726562,842.0399780273438,True,x_min=0.24312189837630444 y_min=1.0 x_max=1.0 y_max=1.0,x_min=0.0875062371445856 y_min=0.728023856348867 x_max=0.3922941984271022 y_max=0.7417699957246686,,
nutrient,D05,5,bf2cfa7e-2180-42d8-b4a9-fe04affcd2ad,,,,,,,,,,,1653,2339,594.9600219726562,842.0399780273438,True,x_min=0.2418556956531329 y_min=1.0 x_max=1.0 y_max=1.0,x_min=0.0870504960677556 y_min=0.7505984608807182 x_max=0.4935702782819117 y_max=0.8931655750320648,,
nutrient,D05,5,760b4870-f6b2-45a8-957f-29723e52f30b,,,,,,,,,,,1653,2339,594.9600219726562,842.0399780273438,True,x_min=1.0 y_min=0.9750616614705889 x_max=1.0 y_max=1.0,x_min=0.5162265275257109 y_min=0.35102218896964515 x_max=0.9217267090139142 y_max=0.38501960666951685,,
nutrient,D05,5,c84adafe-386e-4fdb-8f20-1f94a45e01cb,,,,,,,,,,,1653,2339,594.9600219726562,842.0399780273438,True,x_min=1.0 y_min=1.0 x_max=1.0 y_max=1.0,x_min=0.515866521476104 y_min=0.4080199401453613 x_max=0.922367791893527 y_max=0.4324913852073536,,
nutrient,D05,5,1d8c420a-eaef-45f3-af22-77630fec52e9,,,,,,,,,,,1653,2339,594.9600219726562,842.0399780273438,True,x_min=1.0 y_min=1.0 x_max=1.0 y_max=1.0,x_min=0.5157837870538415 y_min=0.4346753313381787 x_max=0.9225544888082275 y_max=0.6301127404873879,,
nutrient,D05,5,81dfcac8-96b2-4efa-967e-5db3d118d8cb,,,,,,,,,,,1653,2339,594.9600219726562,842.0399780273438,True,x_min=1.0 y_min=1.0 x_max=1.0 y_max=1.0,x_min=0.5158133514821537 y_min=0.8902399315946986 x_max=0.9223025831820932 y_max=0.9231324283882002,,
nutrient,D05,5,9647cc5e-41df-4cdd-9309-973d31beda20,,,,,,,,,,,1653,2339,594.9600219726562,842.0399780273438,True,x_min=0.309164554267234 y_min=0.8146464751080078 x_max=1.0 y_max=0.883111404926492,x_min=0.11127679975801573 y_min=0.2932727233860624 x_max=0.49236004234724745 y_max=0.3179200974775545,,
nutrient,D05,5,a875e46f-fc5e-4675-9895-250b2ce2670b,,,,,,,,,,,1653,2339,594.9600219726562,842.0399780273438,True,x_min=0.30930518556498504 y_min=0.8953918693579138 x_max=0.9828883763670356 y_max=0.9595551114958607,x_min=0.11132741681790684 y_min=0.32234106455750317 x_max=0.3537684754990925 y_max=0.3454398311244121,,
nutrient,D05,5,26961b71-24cd-46cd-bda3-3f40c32857ad,,,,,,,,,,,1653,2339,594.9600219726562,842.0399780273438,True,x_min=0.3093751398450424 y_min=1.0 x_max=1.0 y_max=1.0,x_min=0.11135259528130673 y_min=0.42917706284737067 x_max=0.49236820326678765 y_max=0.45135004702864473,,
nutrient,D05,5,93be5b31-285d-4e49-b740-19213518323b,,,,,,,,,,,1653,2339,594.9600219726562,842.0399780273438,True,x_min=0.30777866282991334 y_min=1.0 x_max=1.0 y_max=1.0,x_min=0.11077797943133696 y_min=0.531514450619923 x_max=0.49239089534180275 y_max=0.543496076955964,,
nutrient,D05,5,9c73f602-9b27-4fb2-b665-087b15d63e06,,,,,,,,,,,1653,2339,594.9600219726562,842.0399780273438,True,x_min=0.3105466807457048 y_min=1.0 x_max=1.0 y_max=1.0,x_min=0.11177426497277676 y_min=0.5599683625480976 x_max=0.49242490018148827 y_max=0.5718590235143224,,
nutrient,D05,5,8646fb0d-8c11-4c39-97a4-9db4ae16937f,,,,,,,,,,,1653,2339,594.9600219726562,842.0399780273438,True,x_min=0.3104261180232513 y_min=1.0 x_max=1.0 y_max=1.0,x_min=0.11173087114337567 y_min=0.8994744762719111 x_max=0.49228555958862674 y_max=0.9251470269345875,,
nutrient,D05,5,4ff2ee79-95b0-42a6-b45f-78a5902e5fd3,,,,,,,,,,,1653,2339,594.9600219726562,842.0399780273438,True,x_min=1.0 y_min=0.27565351533993626 x_max=1.0 y_max=0.9281003876215271,x_min=0.5620236539624924 y_min=0.0992352629328773 x_max=0.8721002419842709 y_max=0.3341161308251389,,
nutrient,D05,5,99b03189-e49d-4929-b6f0-6b919db68449,,,,,,,,,,,1653,2339,594.9600219726562,842.0399780273438,True,x_min=1.0 y_min=1.0 x_max=1.0 y_max=1.0,x_min=0.5421748941318815 y_min=0.6489882855921334 x_max=0.8971584633998789 y_max=0.8835245404018812,,
nutrient,D05,6,96d1232d-d5e3-4132-8d87-1a8b378b82e4,,,,,,,,,,,1653,2339,594.9600219726562,842.0399780273438,True,x_min=0.24386593156114314 y_min=0.16679548912752357 x_max=0.3092644685434956 y_max=0.19238991405077838,x_min=0.0877740350877193 y_min=0.06004637451902522 x_max=0.11131276164549304 y_max=0.06926036725096194,,
nutrient,D05,6,c46ca726-71ff-41de-be11-a49ee83389a2,,,,,,,,,,,1653,2339,594.9600219726562,842.0399780273438,True,x_min=1.0 y_min=0.17109083150363408 x_max=1.0 y_max=0.19299554087765983,x_min=0.46155329703569264 y_min=0.06159269773407439 x_max=0.547489431336963 y_max=0.06947839290294998,,
nutrient,D05,6,400dc814-dfef-4865-8b85-cf4ba9e2f50f,,,,,,,,,,,1653,2339,594.9600219726562,842.0399780273438,True,x_min=1.0 y_min=0.1700373185788936 x_max=1.0 y_max=0.1977309597461812,x_min=0.8565184513006655 y_min=0.06121343309106456 x_max=0.9218402480338779 y_max=0.07118314365113297,,
nutrient,D05,6,ae49d3b7-b70b-4363-8f97-9914910922bf,,,,,,,,,,,1653,2339,594.9600219726562,842.0399780273438,True,x_min=0.24178449759202697 y_min=0.2565554553669717 x_max=1.0 y_max=0.9814651579086463,x_min=0.08702486993345433 y_min=0.09235996152201796 x_max=0.4939274107683001 y_max=0.3533274476271911,,
nutrient,D05,6,46df4d25-daa6-41f1-8dae-987cbff41473,,,,,,,,,,,1653,2339,594.9600219726562,842.0399780273438,True,x_min=0.24280907063473134 y_min=0.9875091702273046 x_max=1.0 y_max=1.0,x_min=0.08739364186327889 y_min=0.3555032920051304 x_max=0.49377869933454327 y_max=0.4453922915775973,,
nutrient,D05,6,adcd69ef-b945-406c-a978-2b68ca52b5f8,,,,,,,,,,,1653,2339,594.9600219726562,842.0399780273438,True,x_min=0.2430400105213214 y_min=1.0 x_max=1.0 y_max=1.0,x_min=0.08747676346037507 y_min=0.4475813595553656 x_max=0.49367654567453123 y_max=0.48514237922188974,,
nutrient,D05,6,398d96e1-ba31-407d-9d0e-c37a4286dfab,,,,,,,,,,,1653,2339,594.9600219726562,842.0399780273438,True,x_min=0.24369975232833993 y_min=1.0 x_max=1.0 y_max=1.0,x_min=0.08771422262552935 y_min=0.4871983753740915 x_max=0.49306578947368424 y_max=0.510047025651988,,
nutrient,D05,6,6a7a54b2-af2f-4f9e-a5ef-1834d1144c6f,,,,,,,,,,,1653,2339,594.9600219726562,842.0399780273438,True,x_min=0.2435197570411861 y_min=1.0 x_max=1.0 y_max=1.0,x_min=0.08764943738656988 y_min=0.5522505771697306 x_max=0.49304296430732 y_max=0.5774140743907653,,
nutrient,D05,6,93f5ecc2-01b6-458b-bae6-29af1303a349,,,,,,,,,,,1653,2339,594.9600219726562,842.0399780273438,True,x_min=0.24269057527807483 y_min=1.0 x_max=1.0 y_max=1.0,x_min=0.08735099213551119 y_min=0.7633673364685764 x_max=0.4931408106473079 y_max=0.8016246109448483,,
nutrient,D05,6,535e679f-eb88-4e50-90fe-94ec83eabdbf,,,,,,,,,,,1653,2339,594.9600219726562,842.0399780273438,True,x_min=0.2434136826871635 y_min=1.0 x_max=1.0 y_max=1.0,x_min=0.0876112583182093 y_min=0.8028887131252672 x_max=0.4930429582577132 y_max=0.8277586472851646,,
nutrient,D05,6,6bb8b8ab-d4af-42e5-80b6-0ece6816974f,,,,,,,,,,,1653,2339,594.9600219726562,842.0399780273438,True,x_min=0.24244771862441108 y_min=1.0 x_max=1.0 y_max=1.0,x_min=0.08726358136721113 y_min=0.8298418127404874 x_max=0.4937200604960678 y_max=0.9325049807610091,,
nutrient,D05,6,e9897259-8526-4bda-805b-e265b8eb9642,,,,,,,,,,,1653,2339,594.9600219726562,842.0399780273438,True,x_min=1.0 y_min=0.2539198560392543 x_max=1.0 y_max=0.43356841661518425,x_min=0.5159816091954023 y_min=0.09141114578879862 x_max=0.9224173381730187 y_max=0.15608462590850788,,
nutrient,D05,6,fc4ea250-d2d7-41a5-913c-a995c48a9958,,,,,,,,,,,1653,2339,594.9600219726562,842.0399780273438,True,x_min=1.0 y_min=0.43818149924945543 x_max=1.0 y_max=0.7992494626877983,x_min=0.5158496067755596 y_min=0.15774533561351003 x_max=0.9226256503327283 y_max=0.2877297990594271,,
nutrient,D05,6,a503dee1-de1e-404b-add4-0deb7b0bc2e4,,,,,,,,,,,1653,2339,594.9600219726562,842.0399780273438,True,x_min=1.0 y_min=0.8043135452863344 x_max=1.0 y_max=1.0,x_min=0.515877707199032 y_min=0.2895528687473279 x_max=0.9226250756200847 y_max=0.4719393800769559,,
nutrient,D05,6,94cbf626-f185-4360-b3f8-95f61337c4c6,,,,,,,,,,,1653,2339,594.9600219726562,842.0399780273438,True,x_min=1.0 y_min=1.0 x_max=1.0 y_max=1.0,x_min=0.5164882032667877 y_min=0.49108807182556646 x_max=0.8165075620084694 y_max=0.5045273920478837,,
nutrient,D05,6,94ef3658-7ce9-4d70-bac8-1edcca05482a,,,,,,,,,,,1653,2339,594.9600219726562,842.0399780273438,True,x_min=1.0 y_min=1.0 x_max=1.0 y_max=1.0,x_min=0.5157828493647914 y_min=0.5134436083796494 x_max=0.922362159709619 y_max=0.6957255835827276,,
nutrient,D05,6,734e0ee3-41f5-4449-98b3-5355d277b7f8,,,,,,,,,,,1653,2339,594.9600219726562,842.0399780273438,True,x_min=1.0 y_min=1.0 x_max=1.0 y_max=1.0,x_min=0.5161673018753781 y_min=0.6978106455750321 x_max=0.9222934361766485 y_max=0.7352005369816161,,
nutrient,D05,6,2c53580d-7d7f-450d-ae5d-fbd18823edc9,,,,,,,,,,,1653,2339,594.9600219726562,842.0399780273438,True,x_min=1.0 y_min=1.0 x_max=1.0 y_max=1.0,x_min=0.5164778584392015 y_min=0.8163672509619495 x_max=0.895946763460375 y_max=0.8281001966652415,,
nutrient,D05,6,263a5d45-3244-44f6-a06a-45406b2f09e8,,,,,,,,,,,1653,2339,594.9600219726562,842.0399780273438,True,x_min=1.0 y_min=1.0 x_max=1.0 y_max=1.0,x_min=0.51593315184513 y_min=0.8290867464728516 x_max=0.922330701754386 y_max=0.9330665412569473,,
nutrient,D05,6,128acf0c-9ba5-46d6-a614-b9ab8102d03e,,,,,,,,,,,1653,2339,594.9600219726562,842.0399780273438,True,x_min=0.3105038879544924 y_min=1.0 x_max=1.0 y_max=1.0,x_min=0.1117588626739262 y_min=0.5222239418554938 x_max=0.4921058076225045 y_max=0.5342816075245832,,
nutrient,D05,6,00874fcf-8f5b-4a38-9f8e-4c2b4174d99d,,,,,,,,,,,1653,2339,594.9600219726562,842.0399780273438,True,x_min=0.30871637289344034 y_min=1.0 x_max=1.0 y_max=1.0,x_min=0.11111548699334543 y_min=0.5873083368961094 x_max=0.49276267392619477 y_max=0.7500731081658828,,
nutrient,D05,6,edb10cab-3a44-4a53-a476-754140bc59cb,,,,,,,,,,,1653,2339,594.9600219726562,842.0399780273438,True,x_min=1.0 y_min=1.0 x_max=1.0 y_max=1.0,x_min=0.5408044767090139 y_min=0.7447528858486533 x_max=0.9215922202056867 y_max=0.8021539076528431,,
nutrient,D05,7,bd7d9a93-dc4c-49ae-83b2-39f8efdff82b,,,,,,,,,,,1653,2339,594.9600219726562,842.0399780273438,True,x_min=0.2417187452749716 y_min=0.17011803921184884 x_max=0.4342580517315401 y_max=0.19714028945382148,x_min=0.08700120387174834 y_min=0.06124249251817016 x_max=0.15630137931034482 y_max=0.07097050235143225,,
nutrient,D05,7,5cb7b5bb-e422-4596-9452-3b309fdbf188,,,,,,,,,,,1653,2339,594.9600219726562,842.0399780273438,True,x_min=0.6292260591875624 y_min=0.16924640601253277 x_max=1.0 y_max=0.1975195267921104,x_min=0.22647571082879614 y_min=0.06092870457460453 x_max=0.7825657894736842 y_max=0.07110702778965369,,
nutrient,D05,7,b57a38db-39ef-48e1-80ca-e3d311eb5ed3,,,,,,,,,,,1653,2339,594.9600219726562,842.0399780273438,True,x_min=1.0 y_min=0.16667272773531253 x_max=1.0 y_max=0.19238992355151496,x_min=0.8973825771324864 y_min=0.06000218041898247 x_max=0.9218113351482153 y_max=0.06926037067122702,,
nutrient,D05,7,60959ad2-4f9b-41ba-999f-e376b9073e09,,,,,,,,,,,1653,2339,594.9600219726562,842.0399780273438,True,x_min=0.309009468216756 y_min=0.2542538781846861 x_max=1.0 y_max=0.28633243704750866,x_min=0.11122098003629763 y_min=0.09153139375801624 x_max=0.4391521960072595 y_max=0.10307967464728515,,
nutrient,D05,7,9774e741-2610-4b61-a89e-b661f514ad00,,,,,,,,,,,1653,2339,594.9600219726562,842.0399780273438,True,x_min=0.24215534603873173 y_min=0.43608677685381314 x_max=1.0 y_max=0.5427295578894233,x_min=0.08715834845735028 y_min=0.15699123557075673 x_max=0.49304295220810646 y_max=0.19538263574176998,,
nutrient,D05,7,811dcc51-8edc-4fa0-8a10-17466e682375,,,,,,,,,,,1653,2339,594.9600219726562,842.0399780273438,True,x_min=0.24219395367479413 y_min=0.6934825842449936 x_max=1.0 y_max=0.8645670265032944,x_min=0.08717224440411374 y_min=0.24965372381359557 x_max=0.4936848275862069 y_max=0.31124412141941,,
nutrient,D05,7,65aee86d-2934-446b-aece-81486f0f494a,,,,,,,,,,,1653,2339,594.9600219726562,842.0399780273438,True,x_min=0.24306443233028907 y_min=0.8760992936799067 x_max=1.0 y_max=1.0,x_min=0.08748555353901996 y_min=0.3153957374946558 x_max=0.4933369147005444 y_max=0.37970813595553654,,
nutrient,D05,7,8b6aaf52-f9b9-4704-a59b-a9f5be9b760a,,,,,,,,,,,1653,2339,594.9600219726562,842.0399780273438,True,x_min=0.24285833444896684 y_min=1.0 x_max=0.3063380080491802 y_max=1.0,x_min=0.08741137326073806 y_min=0.43619115006412995 x_max=0.11025944827586208 y_max=0.44420692646430093,,
nutrient,D05,7,64c000f5-c44b-4abc-9c19-4fae77106231,,,,,,,,,,,1653,2339,594.9600219726562,842.0399780273438,True,x_min=0.24273081327578205 y_min=1.0 x_max=1.0 y_max=1.0,x_min=0.08736547489413188 y_min=0.5259693886276187 x_max=0.4930667876588022 y_max=0.5640471846943139,,
nutrient,D05,7,76d8b866-8723-426b-b8bd-393d0b837061,,,,,,,,,,,1653,2339,594.9600219726562,842.0399780273438,True,x_min=0.24183302186077407 y_min=1.0 x_max=1.0 y_max=1.0,x_min=0.08704233514821537 y_min=0.6443710132535272 x_max=0.4931783484573503 y_max=0.6690893381787089,,
nutrient,D05,7,09d33ff8-a963-4c12-901e-4569cc26c511,,,,,,,,,,,1653,2339,594.9600219726562,842.0399780273438,True,x_min=0.2426609262271327 y_min=1.0 x_max=1.0 y_max=1.0,x_min=0.0873403206291591 y_min=0.671253740914921 x_max=0.4930429582577132 y_max=0.7221191705857204,,
nutrient,D05,7,c98e8580-339e-4eeb-bdc8-0eb041adf9da,,,,,,,,,,,1653,2339,594.9600219726562,842.0399780273438,True,x_min=0.24100666381680017 y_min=1.0 x_max=1.0 y_max=1.0,x_min=0.08674490623109497 y_min=0.76311769987174 x_max=0.4936024984875983 y_max=0.7879071586147927,,
nutrient,D05,7,c0273e5c-d9d3-4e63-95ec-09e7988974af,,,,,,,,,,,1653,2339,594.9600219726562,842.0399780273438,True,x_min=0.24409031638545012 y_min=1.0 x_max=1.0 y_max=1.0,x_min=0.08785479733817303 y_min=0.8424736212056435 x_max=0.4930699213551119 y_max=0.8670372056434374,,
nutrient,D05,7,914796fb-46be-4cb6-bf79-40194c2e6b4c,,,,,,,,,,,1653,2339,594.9600219726562,842.0399780273438,True,x_min=1.0 y_min=0.8241529121049221 x_max=1.0 y_max=0.8791458034264031,x_min=0.5164934664246824 y_min=0.2966950406156477 x_max=0.9220217543859649 y_max=0.3164924809747755,,
nutrient,D05,7,a384fa8f-f430-466f-b09b-eebb0a001a73,,,,,,,,,,,1653,2339,594.9600219726562,842.0399780273438,True,x_min=1.0 y_min=0.9490460320804975 x_max=1.0 y_max=1.0,x_min=0.5156662431941924 y_min=0.3416565626336041 x_max=0.9221653660012099 y_max=0.4326086019666524,,
nutrient,D05,7,197a916d-2d4e-4030-8121-e81817759ec0,,,,,,,,,,,1653,2339,594.9600219726562,842.0399780273438,True,x_min=1.0 y_min=1.0 x_max=1.0 y_max=1.0,x_min=0.51590166969147 y_min=0.43445312099187683 x_max=0.922377683000605 y_max=0.5772931551945275,,
nutrient,D05,7,89ce14dc-fd34-4d2e-95f1-72335c57396f,,,,,,,,,,,1653,2339,594.9600219726562,842.0399780273438,True,x_min=1.0 y_min=1.0 x_max=1.0 y_max=1.0,x_min=0.5162691470054447 y_min=0.6318796921761436 x_max=0.6708226073805202 y_max=0.6432669371526293,,
nutrient,D05,7,c13fa7b0-6bfa-46a8-a716-6b1c072b9af0,,,,,,,,,,,1653,2339,594.9600219726562,842.0399780273438,True,x_min=1.0 y_min=1.0 x_max=1.0 y_max=1.0,x_min=0.5159014519056262 y_min=0.6973013681060283 x_max=0.8662674349667272 y_max=0.7089205934159898,,
nutrient,D05,7,4dc5a728-f1d7-482d-8cfc-583ebc467850,,,,,,,,,,,1653,2339,594.9600219726562,842.0399780273438,True,x_min=1.0 y_min=1.0 x_max=1.0 y_max=1.0,x_min=0.5162692679975801 y_min=0.7637434373663959 x_max=0.7195888203266788 y_max=0.7747613398888414,,
nutrient,D05,7,280ef161-f91e-49fe-b791-4cc8274f8717,,,,,,,,,,,1653,2339,594.9600219726562,842.0399780273438,True,x_min=1.0 y_min=1.0 x_max=1.0 y_max=1.0,x_min=0.5156400302480338 y_min=0.7769420692603677 x_max=0.9221453539019964 y_max=0.8274562163317657,,
nutrient,D05,7,4d23d41c-cf04-46ab-ae51-8a4d58edd2a6,,,,,,,,,,,1653,2339,594.9600219726562,842.0399780273438,True,x_min=1.0 y_min=1.0 x_max=1.0 y_max=1.0,x_min=0.5161169751966121 y_min=0.8498814023086789 x_max=0.801733369630974 y_max=0.8631894147071398,,
nutrient,D05,7,95dc1c09-1597-4fda-ad1f-7ea87a4de809,,,,,,,,,,,1653,2339,594.9600219726562,842.0399780273438,True,x_min=1.0 y_min=1.0 x_max=1.0 y_max=1.0,x_min=0.5156913914095583 y_min=0.881832706284737 x_max=0.7169244101633393 y_max=0.8931712064985036,,
nutrient,D05,7,dca38631-18b2-48aa-8051-c3f2525c1fda,,,,,,,,,,,1653,2339,594.9600219726562,842.0399780273438,True,x_min=1.0 y_min=1.0 x_max=1.0 y_max=1.0,x_min=0.5163551724137931 y_min=0.8956722958529286 x_max=0.9225525710828797 y_max=0.9325762548097478,,
nutrient,D05,7,f980347c-8456-419e-803b-1f66128f4f86,,,,,,,,,,,1653,2339,594.9600219726562,842.0399780273438,True,x_min=0.30812483734987034 y_min=0.3116381725898039 x_max=1.0 y_max=0.390827417447528,x_min=0.11090257713248639 y_min=0.11218973920478838 x_max=0.4921418390804598 y_max=0.14069786660966224,,
nutrient,D05,7,4a9158e2-251e-4caf-bbc0-5067f596648f,,,,,,,,,,,1653,2339,594.9600219726562,842.0399780273438,True,x_min=0.3075930705280409 y_min=0.5664254221246866 x_max=1.0 y_max=0.6452704386707349,x_min=0.11071117967332124 y_min=0.2039131466438649 x_max=0.49246375075620086 y_max=0.23229735185976916,,
nutrient,D05,7,6783d588-ec5e-409e-90fc-0c9819ea4d8d,,,,,,,,,,,1653,2339,594.9600219726562,842.0399780273438,True,x_min=0.3101003818513361 y_min=1.0 x_max=1.0 y_max=1.0,x_min=0.11161362976406534 y_min=0.3901048054724241 x_max=0.49250770114942527 y_max=0.416235185121847,,
nutrient,D05,7,e46a5c05-839f-4dcd-8038-4948f6cabb1d,,,,,,,,,,,1653,2339,594.9600219726562,842.0399780273438,True,x_min=0.30970914548014555 y_min=1.0 x_max=1.0 y_max=1.0,x_min=0.11147281306715062 y_min=0.4555861906797777 x_max=0.4462258076225045 y_max=0.5143006028217187,,
nutrient,D05,7,c0e65eaf-8030-497c-bf4c-e943b93a2b05,,,,,,,,,,,1653,2339,594.9600219726562,842.0399780273438,True,x_min=0.30800568648698556 y_min=1.0 x_max=1.0 y_max=1.0,x_min=0.11085969147005445 y_min=0.5745730654125695 x_max=0.4925632183908046 y_max=0.634204386489953,,
nutrient,D05,7,deeb6a89-9b56-4d65-8314-11275ca3f1d3,,,,,,,,,,,1653,2339,594.9600219726562,842.0399780273438,True,x_min=0.31008027966033447 y_min=1.0 x_max=1.0 y_max=1.0,x_min=0.11160639443436177 y_min=0.7324873022659256 x_max=0.4926777797943133 y_max=0.7470658584865327,,
nutrient,D05,7,8e3b9e20-167f-4de4-a4cd-ff6207e9ede6,,,,,,,,,,,1653,2339,594.9600219726562,842.0399780273438,True,x_min=0.31056920326739557 y_min=1.0 x_max=1.0 y_max=1.0,x_min=0.11178237144585602 y_min=0.7989689183411715 x_max=0.49299162734422264 y_max=0.8267607652843095,,
nutrient,D05,7,5a337eef-cc1c-43b4-a915-f38620e50bc7,,,,,,,,,,,1653,2339,594.9600219726562,842.0399780273438,True,x_min=0.3109794829349111 y_min=1.0 x_max=1.0 y_max=1.0,x_min=0.11193004234724743 y_min=0.8776176143651133 x_max=0.49263153055051423 y_max=0.8903328631893973,,
nutrient,D05,7,509f8196-caaa-42c7-a24c-b2ae79db1e10,,,,,,,,,,,1653,2339,594.9600219726562,842.0399780273438,True,x_min=0.309787638149023 y_min=1.0 x_max=1.0 y_max=1.0,x_min=0.1115010647307925 y_min=0.8978331338178709 x_max=0.46449233514821536 y_max=0.925590846515605,,
nutrient,D05,7,8806fc55-d7db-4e20-a809-eee9de6a38ca,,,,,,,,,,,1653,2339,594.9600219726562,842.0399780273438,True,x_min=1.0 y_min=1.0 x_max=1.0 y_max=1.0,x_min=0.540348033877798 y_min=0.587669089354425 x_max=0.6530913006654567 y_max=0.6162755023514322,,
nutrient,D05,7,6db078df-64fe-4a6c-9e9f-6624301ea7e0,,,,,,,,,,,1653,2339,594.9600219726562,842.0399780273438,True,x_min=1.0 y_min=1.0 x_max=1.0 y_max=1.0,x_min=0.5403664246823956 y_min=0.6534131252672082 x_max=0.9215674168179068 y_max=0.6818559769132108,,
nutrient,D05,7,a36c5b48-9319-4562-84ca-e6f7eb317389,,,,,,,,,,,1653,2339,594.9600219726562,842.0399780273438,True,x_min=1.0 y_min=1.0 x_max=1.0 y_max=1.0,x_min=0.5412451058681186 y_min=0.7183337751175717 x_max=0.610270623109498 y_max=0.7445023309106455,,
nutrient,D05,7,72c53171-6e12-4009-a1d4-a33139027ae3,,,,,,,,,,,1653,2339,594.9600219726562,842.0399780273438,True,x_min=1.0 y_min=0.276487240600398 x_max=1.0 y_max=0.7679116513147342,x_min=0.5273082879612825 y_min=0.09953540401881146 x_max=0.9032271022383546 y_max=0.2764481872595126,,
nutrient,D05,8,25e694e0-9664-46ed-8cca-1afe9f29dc9d,,,,,,,,,,,1653,2339,594.9600219726562,842.0399780273438,True,x_min=0.2441045862518049 y_min=0.16691404644380906 x_max=0.30979318810175605 y_max=0.1923899223639229,x_min=0.08785993345432547 y_min=0.06008905515177427 x_max=0.11150306231094981 y_max=0.06926037024369389,,
nutrient,D05,8,61359c73-9376-47a1-8c2d-4ba3f80c8185,,,,,,,,,,,1653,2339,594.9600219726562,842.0399780273438,True,x_min=1.0 y_min=0.17103404085087667 x_max=1.0 y_max=0.19306558030754314,x_min=0.46147090139140956 y_min=0.061572253099615226 x_max=0.5474894131881428 y_max=0.06950360709705003,,
nutrient,D05,8,cfb4fd23-dce0-41fd-82df-2baa6aca7964,,,,,,,,,,,1653,2339,594.9600219726562,842.0399780273438,True,x_min=1.0 y_min=0.1702572725060621 x_max=1.0 y_max=0.19741398192212906,x_min=0.8564532365396249 y_min=0.061292616502778965 x_max=0.9219725015124017 y_max=0.07106903163745189,,
nutrient,D05,8,083d7a04-66c2-41c0-9874-f66d968996c6,,,,,,,,,,,1653,2339,594.9600219726562,842.0399780273438,True,x_min=0.24311409953297275 y_min=0.25678335428508425 x_max=1.0 y_max=0.4322835132516472,x_min=0.08750343012704175 y_min=0.0924420051303976 x_max=0.49312744706594075 y_max=0.155622060709705,,
nutrient,D05,8,cacec4b7-1708-41e0-84e7-fe4f3dc5f127,,,,,,,,,,,1653,2339,594.9600219726562,842.0399780273438,True,x_min=0.24263226883945907 y_min=0.4391272856975831 x_max=1.0 y_max=0.8348772247689781,x_min=0.08733000604960678 y_min=0.15808581872595126 x_max=0.49357338173018755 y_max=0.30055579307396324,,
nutrient,D05,8,a132063b-3d94-41d5-a1f8-11e754efcb66,,,,,,,,,,,1653,2339,594.9600219726562,842.0399780273438,True,x_min=0.2429092622405511 y_min=0.9511573807651111 x_max=0.9355101173933673 y_max=0.9812126520828562,x_min=0.08742970356926799 y_min=0.3424166481402309 x_max=0.33671574107683006 y_max=0.35323654553227873,,
nutrient,D05,8,f3ed43e0-af8c-42b2-b445-c81828711b98,,,,,,,,,,,1653,2339,594.9600219726562,842.0399780273438,True,x_min=0.24336334317039957 y_min=1.0 x_max=1.0 y_max=1.0,x_min=0.08759313974591651 y_min=0.395001453612655 x_max=0.4930896309739867 y_max=0.4318084694313809,,
nutrient,D05,8,59879f17-43fb-4674-9a2f-8c09e92188ef,,,,,,,,,,,1653,2339,594.9600219726562,842.0399780273438,True,x_min=0.24193783562589605 y_min=1.0 x_max=1.0 y_max=1.0,x_min=0.08708006049606776 y_min=0.4344553398888414 x_max=0.4939166606170599 y_max=0.5904379221889696,,
nutrient,D05,8,756029ee-6ae9-40bd-8869-73f6a4a0d0cb,,,,,,,,,,,1653,2339,594.9600219726562,842.0399780273438,True,x_min=0.2430650878365174 y_min=1.0 x_max=1.0 y_max=1.0,x_min=0.08748578947368421 y_min=0.5927883710987601 x_max=0.4933106836055656 y_max=0.6430098418127405,,
nutrient,D05,8,d6299d91-d151-42ac-aef2-055014d23120,,,,,,,,,,,1653,2339,594.9600219726562,842.0399780273438,True,x_min=0.24200854625929374 y_min=1.0 x_max=1.0 y_max=1.0,x_min=0.08710551119177254 y_min=0.645145361265498 x_max=0.4935843980641258 y_max=0.8274953911928175,,
nutrient,D05,8,245a8453-9d48-4fe2-8128-049ecbd57bc9,,,,,,,,,,,1653,2339,594.9600219726562,842.0399780273438,True,x_min=0.24376651311651573 y_min=1.0 x_max=1.0 y_max=1.0,x_min=0.08773825166364187 y_min=0.8295408294142796 x_max=0.49304297035692685 y_max=0.8536507866609663,,
nutrient,D05,8,957e696c-7633-4471-81c9-b5df1d786d2f,,,,,,,,,,,1653,2339,594.9600219726562,842.0399780273438,True,x_min=0.242168439355446 y_min=1.0 x_max=1.0 y_max=1.0,x_min=0.08716306110102844 y_min=0.9081596836254809 x_max=0.4934187477313975 y_max=0.9327591218469432,,
nutrient,D05,8,d326ba03-1212-41a6-9675-61151465be86,,,,,,,,,,,1653,2339,594.9600219726562,842.0399780273438,True,x_min=1.0 y_min=0.6192080704071613 x_max=1.0 y_max=0.7740581409530586,x_min=0.5159928614640048 y_min=0.22291489952971358 x_max=0.9224897761645492 y_max=0.27866092347156907,,
nutrient,D05,8,7720082e-30f2-4f2f-9df5-908dd06e52e2,,,,,,,,,,,1653,2339,594.9600219726562,842.0399780273438,True,x_min=1.0 y_min=0.8403433072829968 x_max=1.0 y_max=0.981969100727364,x_min=0.5163629159104658 y_min=0.3025235827276614 x_max=0.9221735027223231 y_max=0.3535088670371954,,
nutrient,D05,8,58106f99-fe79-43ef-81c8-91c0cccaa494,,,,,,,,,,,1653,2339,594.9600219726562,842.0399780273438,True,x_min=1.0 y_min=0.9875342284199684 x_max=1.0 y_max=1.0,x_min=0.5157493042952208 y_min=0.35551231295425395 x_max=0.9224329703569268 y_max=0.6823428815733219,,
nutrient,D05,8,ea7b7f3c-2614-4fad-ae38-0ce6655ac51f,,,,,,,,,,,1653,2339,594.9600219726562,842.0399780273438,True,x_min=1.0 y_min=1.0 x_max=1.0 y_max=1.0,x_min=0.5162926799758015 y_min=0.6848404446344591 x_max=0.9219600725952813 y_max=0.7351579435656264,,
nutrient,D05,8,ab7fa027-69fe-4f86-9fa2-89bea7fd01b6,,,,,,,,,,,1653,2339,594.9600219726562,842.0399780273438,True,x_min=1.0 y_min=1.0 x_max=1.0 y_max=1.0,x_min=0.5163271627344223 y_min=0.7375116289012399 x_max=0.92238463399879 y_max=0.7614365228730227,,
nutrient,D05,8,7af088e8-e059-46e5-ba96-3c7c28a8fba7,,,,,,,,,,,1653,2339,594.9600219726562,842.0399780273438,True,x_min=1.0 y_min=1.0 x_max=1.0 y_max=1.0,x_min=0.5165941923774955 y_min=0.8910135955536554 x_max=0.9224289473684211 y_max=0.9238990979050877,,
nutrient,D05,8,634c6d7f-f38e-4b6e-94e0-b21af2d36dd0,,,,,,,,,,,1653,2339,594.9600219726562,842.0399780273438,True,x_min=0.31064488902498766 y_min=0.8661170716722397 x_max=0.870779163080995 y_max=0.8972056858510191,x_min=0.11180961282516637 y_min=0.3118021376656691 x_max=0.3134172958257713 y_max=0.3229940384779821,,
nutrient,D05,8,c31256c0-5aef-4a61-b3c2-d3864db1d695,,,,,,,,,,,1653,2339,594.9600219726562,842.0399780273438,True,x_min=0.30979459659975433 y_min=1.0 x_max=0.9056424467201658 y_max=1.0,x_min=0.1115035692679976 y_min=0.3644823856348867 x_max=0.3259655474894132 y_max=0.3757458118854211,,
nutrient,D05,8,f5bbf0cd-c1ee-4707-9a3d-bbedcc37f9f0,,,,,,,,,,,1653,2339,594.9600219726562,842.0399780273438,True,x_min=0.31119062317183577 y_min=1.0 x_max=1.0 y_max=1.0,x_min=0.11200603750756201 y_min=0.863615006412997 x_max=0.49210884452510584 y_max=0.8910475288584866,,
nutrient,D05,8,08df77b5-a9ba-42a8-836e-8f0c4ac25dc6,,,,,,,,,,,1653,2339,594.9600219726562,842.0399780273438,True,x_min=1.0 y_min=0.272096451449672 x_max=1.0 y_max=0.5703056060651858,x_min=0.521678221415608 y_min=0.09795471996579735 x_max=0.7559492437991531 y_max=0.205310012825994,,
nutrient,D05,8,14a9d6ce-fb1e-4c70-9f3d-5c99a5392aa0,,,,,,,,,,,1653,2339,594.9600219726562,842.0399780273438,True,x_min=1.0 y_min=0.27195713502401386 x_max=1.0 y_max=0.5582197072176734,x_min=0.7787631578947368 y_min=0.09790456605386919 x_max=0.9152938898971568 y_max=0.20095908935442497,,
nutrient,D05,8,5ea48631-c251-4c04-9c75-b70438df5cb3,,,,,,,,,,,1653,2339,594.9600219726562,842.0399780273438,True,x_min=1.0 y_min=1.0 x_max=1.0 y_max=1.0,x_min=0.5185247065940713 y_min=0.7840830269345874 x_max=0.918015874168179 y_max=0.871625917058572,,
nutrient,D05,9,1dfc5449-bad0-4490-9f01-a597e33919eb,,,,,,,,,,,1653,2339,594.9600219726562,842.0399780273438,True,x_min=0.24155811263333105 y_min=0.17037018876001803 x_max=0.4340497452984641 y_max=0.19714028232826902,x_min=0.08694338777979431 y_min=0.06133326635314237 x_max=0.15622640411373262 y_max=0.07097049978623343,,
nutrient,D05,9,f788e0e1-bafc-4820-975b-a124a78dc811,,,,,,,,,,,1653,2339,594.9600219726562,842.0399780273438,True,x_min=0.6288059469266221 y_min=0.16947470871194897 x_max=1.0 y_max=0.19771539278933584,x_min=0.22632450090744102 y_min=0.06101089354424968 x_max=0.7825948578342408 y_max=0.07117753954681487,,
nutrient,D05,9,94171be2-c808-4e2b-8daa-597e6c388fff,,,,,,,,,,,1653,2339,594.9600219726562,842.0399780273438,True,x_min=1.0 y_min=0.167027699004848 x_max=1.0 y_max=0.19272740752782896,x_min=0.897362129461585 y_min=0.06012997007268064 x_max=0.9215401754385966 y_max=0.06938186489952972,,
nutrient,D05,9,fea5a55b-1e35-4657-8142-9958b3e466e9,,,,,,,,,,,1653,2339,594.9600219726562,842.0399780273438,True,x_min=0.24332053357133512 y_min=0.2548957241944992 x_max=1.0 y_max=0.32313757909385654,x_min=0.08757773139745915 y_min=0.09176245831551945 x_max=0.49316369630973983 y_max=0.11632952543822146,,
nutrient,D05,9,8beb4123-3c6f-44de-8798-217895dc3557,,,,,,,,,,,1653,2339,594.9600219726562,842.0399780273438,True,x_min=0.24183532453649917 y_min=0.32734376893331923 x_max=1.0 y_max=0.9820173763449839,x_min=0.08704316394434362 y_min=0.11784375374091494 x_max=0.4942266727162734 y_max=0.3535262462590851,,
nutrient,D05,9,3fe5d654-08d5-41eb-b8f3-be748da20d92,,,,,,,,,,,1653,2339,594.9600219726562,842.0399780273438,True,x_min=0.242464358397899 y_min=1.0 x_max=1.0 y_max=1.0,x_min=0.08726957047791893 y_min=0.4062693629756306 x_max=0.45268318209316394 y_max=0.4194499820436084,,
nutrient,D05,9,610594a3-8678-489c-918e-a2f9d1c217ab,,,,,,,,,,,1653,2339,594.9600219726562,842.0399780273438,True,x_min=0.2429181199785593 y_min=1.0 x_max=1.0 y_max=1.0,x_min=0.08743289171203872 y_min=0.4211516460025652 x_max=0.4938479552329098 y_max=0.6823537238135956,,
nutrient,D05,9,5b4d8913-ccdf-4843-90ea-8f2bab35bc19,,,,,,,,,,,1653,2339,594.9600219726562,842.0399780273438,True,x_min=0.24206848305955433 y_min=1.0 x_max=1.0 y_max=1.0,x_min=0.08712708408953418 y_min=0.6846743907652844 x_max=0.4935786872353297 y_max=0.9331460880718256,,
nutrient,D05,9,1fbfcf95-2a81-47df-9dcf-5b44404fdec4,,,,,,,,,,,1653,2339,594.9600219726562,842.0399780273438,True,x_min=1.0 y_min=0.25484263882899827 x_max=1.0 y_max=0.7244311504414003,x_min=0.5157716273442227 y_min=0.09174334758443779 x_max=0.9227438233514822 y_max=0.2607952073535699,,
nutrient,D05,9,a8c5568b-eb47-4211-b554-605e69ffb890,,,,,,,,,,,1653,2339,594.9600219726562,842.0399780273438,True,x_min=1.0 y_min=0.7303965916687488 x_max=1.0 y_max=0.8355635104740272,x_min=0.5159609195402299 y_min=0.26294276613937584 x_max=0.9223228675136117 y_max=0.30080285592133393,,
nutrient,D05,9,afcd9acc-fdb3-4960-ab10-b368743ede3e,,,,,,,,,,,1653,2339,594.9600219726562,842.0399780273438,True,x_min=1.0 y_min=0.9495875028086074 x_max=1.0 y_max=0.9818417469166206,x_min=0.516329945553539 y_min=0.34185149209063703 x_max=0.7656879128856624 y_max=0.35346301966652416,,
nutrient,D05,9,17900552-4848-46b0-9cf7-9a1a2e0f6fc4,,,,,,,,,,,1653,2339,594.9600219726562,842.0399780273438,True,x_min=1.0 y_min=0.9858650202627822 x_max=1.0 y_max=1.0,x_min=0.5164146400483969 y_min=0.3549113980333476 x_max=0.9227520024198428 y_max=0.3797473313381787,,
nutrient,D05,9,363258d9-c2c4-4da6-bdf8-ee3dacf0f51e,,,,,,,,,,,1653,2339,594.9600219726562,842.0399780273438,True,x_min=1.0 y_min=1.0 x_max=1.0 y_max=1.0,x_min=0.5152560556563823 y_min=0.4335603249251817 x_max=0.9218736600120992 y_max=0.45874305472424115,,
nutrient,D05,9,1bb40c58-180c-4205-8d84-d5c429fc0b88,,,,,,,,,,,1653,2339,594.9600219726562,842.0399780273438,True,x_min=1.0 y_min=1.0 x_max=1.0 y_max=1.0,x_min=0.5155531760435571 y_min=0.46052287302265926 x_max=0.9223255293405929 y_max=0.6694344463445917,,
nutrient,D05,9,27567630-f9a6-4f92-8869-304572d17129,,,,,,,,,,,1653,2339,594.9600219726562,842.0399780273438,True,x_min=1.0 y_min=1.0 x_max=1.0 y_max=1.0,x_min=0.5163230490018149 y_min=0.9141171013253527 x_max=0.8320094676346038 y_max=0.9239406562633605,,
nutrient,D05,9,3863a1b9-c755-4633-805a-a6854e709191,,,,,,,,,,,1653,2339,594.9600219726562,842.0399780273438,True,x_min=0.24266069091720463 y_min=1.0 x_max=0.5504661790789227 y_max=1.0,x_min=0.08734023593466425 y_min=0.939685891406584 x_max=0.198127870538415 y_max=0.9486960269345874,,
nutrient,D05,9,b35c963c-8688-4dd1-9fb0-139fb84264ac,,,,,,,,,,,1653,2339,594.9600219726562,842.0399780273438,True,x_min=0.30998497913944906 y_min=1.0 x_max=1.0 y_max=1.0,x_min=0.11157209316394436 y_min=0.36268623343309103 x_max=0.4924349485783424 y_max=0.39075590850790937,,
nutrient,D05,9,8600f4fd-c7b8-45b8-9eab-692c63ce82d4,,,,,,,,,,,1653,2339,594.9600219726562,842.0399780273438,True,x_min=1.0 y_min=0.8665592715792706 x_max=1.0 y_max=0.8965508285824939,x_min=0.5402016757410768 y_min=0.3119613296280462 x_max=0.6497463036902601 y_max=0.32275828986746474,,
nutrient,D05,9,11d53d17-6b38-4786-ada2-cc80823e535f,,,,,,,,,,,1653,2339,594.9600219726562,842.0399780273438,True,x_min=1.0 y_min=1.0 x_max=1.0 y_max=1.0,x_min=0.5378656382335149 y_min=0.38913909790508766 x_max=0.9215877192982457 y_max=0.41759499786233434,,
nutrient,D05,9,580fef43-a6fd-45c9-9333-165ef7d3838c,,,,,,,,,,,1653,2339,594.9600219726562,842.0399780273438,True,x_min=1.0 y_min=1.0 x_max=1.0 y_max=1.0,x_min=0.5438853599516031 y_min=0.6891251817015819 x_max=0.8737160314579553 y_max=0.8954001068832834,,
nutrient,D05,10,1cd2416f-dc7f-4607-b602-2ab945e1c750,,,,,,,,,,,1653,2339,594.9600219726562,842.0399780273438,True,x_min=0.24451923596084257 y_min=0.16721247645492168 x_max=0.30853197731063087 y_max=0.1923899140507784,x_min=0.08800917725347852 y_min=0.06019648995297135 x_max=0.11104911796733213 y_max=0.06926036725096195,,
nutrient,D05,10,8c455cf4-896c-4864-a437-b97a69cc24f1,,,,,,,,,,,1653,2339,594.9600219726562,842.0399780273438,True,x_min=1.0 y_min=0.1715697398815293 x_max=1.0 y_max=0.1929272424577502,x_min=0.46175779794313365 y_min=0.061765104745617784 x_max=0.5474894131881428 y_max=0.06945380547242411,,
nutrient,D05,10,0b39d3d3-7d77-4f9f-8c54-dc1dabbfa52d,,,,,,,,,,,1653,2339,594.9600219726562,842.0399780273438,True,x_min=1.0 y_min=0.17051954033866235 x_max=1.0 y_max=0.19760902016768217,x_min=0.8568109497882638 y_min=0.06138703292005131 x_max=0.9218761246218997 y_max=0.07113924540401882,,
nutrient,D05,10,d7d7ab58-8e05-4049-a9a3-6e7ee7f70b99,,,,,,,,,,,1653,2339,594.9600219726562,842.0399780273438,True,x_min=0.2422643953825597 y_min=0.25736558317301494 x_max=1.0 y_max=1.0,x_min=0.08719759830611011 y_min=0.09265160752458315 x_max=0.4939803387779795 y_max=0.748182945703292,,
nutrient,D05,10,a8d84dff-c6ac-4177-873a-30275307bdee,,,,,,,,,,,1653,2339,594.9600219726562,842.0399780273438,True,x_min=0.24298874657269698 y_min=1.0 x_max=1.0 y_max=1.0,x_min=0.08745831215970962 y_min=0.7510451902522446 x_max=0.49423602540834843 y_max=0.9324497648567764,,
nutrient,D05,10,9da7d27e-ef9b-4c62-9b7f-a3c1fd05cce5,,,,,,,,,,,1653,2339,594.9600219726562,842.0399780273438,True,x_min=1.0 y_min=0.2563488262228215 x_max=1.0 y_max=0.9073809438240101,x_min=0.5161721113127646 y_min=0.09228557503206498 x_max=0.9227272232304901 y_max=0.3266571312526721,,
nutrient,D05,10,9d8573f4-3cd8-4156-93f9-4c84f5e49980,,,,,,,,,,,1653,2339,594.9600219726562,842.0399780273438,True,x_min=1.0 y_min=0.9140004276317244 x_max=1.0 y_max=1.0,x_min=0.5161776406533575 y_min=0.3290401453612655 x_max=0.9227855414398064 y_max=0.4451672167592989,,
nutrient,D05,10,7f76df74-199f-4d31-a01e-92f3a7289ecf,,,,,,,,,,,1653,2339,594.9600219726562,842.0399780273438,True,x_min=1.0 y_min=1.0 x_max=1.0 y_max=1.0,x_min=0.515965335753176 y_min=0.4606565626336041 x_max=0.8354506957047791 y_max=0.4715690431808465,,
nutrient,D05,10,cd7c9be0-7d4e-4c99-bef4-8234c4be8331,,,,,,,,,,,1653,2339,594.9600219726562,842.0399780273438,True,x_min=1.0 y_min=1.0 x_max=1.0 y_max=1.0,x_min=0.5155039927404719 y_min=0.47336190679777684 x_max=0.9226984694494857 y_max=0.8133031466438649,,
nutrient,D05,10,a848cbdb-a216-455b-897c-3d4c423b6d85,,,,,,,,,,,1653,2339,594.9600219726562,842.0399780273438,True,x_min=1.0 y_min=1.0 x_max=1.0 y_max=1.0,x_min=0.5162065154264972 y_min=0.8169413424540403 x_max=0.9225280520266183 y_max=0.9324497648567764,,
nutrient,D05,11,f1ede084-b330-49ce-a4cd-ab5663b68a12,,,,,,,,,,,1653,2339,594.9600219726562,842.0399780273438,True,x_min=0.24139433692336495 y_min=0.17024527782616142 x_max=0.4338428809790902 y_max=0.1971402799530849,x_min=0.08688444041137326 y_min=0.061288298418127406 x_max=0.15615194797338172 y_max=0.07097049893116716,,
nutrient,D05,11,42497c28-94a8-4741-8d34-2e102733ad1b,,,,,,,,,,,1653,2339,594.9600219726562,842.0399780273438,True,x_min=0.6291904601570094 y_min=0.16980933652933614 x_max=1.0 y_max=0.19726587969034176,x_min=0.2264628977616455 y_min=0.06113135955536555 x_max=0.7825022565033273 y_max=0.07101571483539974,,
nutrient,D05,11,aaedc405-c7e2-4663-9e61-82f4253f5a84,,,,,,,,,,,1653,2339,594.9600219726562,842.0399780273438,True,x_min=1.0 y_min=0.16754360087570416 x_max=1.0 y_max=0.1923899093004101,x_min=0.8973825166364187 y_min=0.06031569474134245 x_max=0.9215365614035087 y_max=0.06926036554082941,,
nutrient,D05,11,0c54b3d0-054e-4dfa-b65d-34282159785d,,,,,,,,,,,1653,2339,594.9600219726562,842.0399780273438,True,x_min=1.0 y_min=0.5106645898302427 x_max=1.0 y_max=0.5320412470789504,x_min=0.44464609800362975 y_min=0.1838392475416845 x_max=0.47368421052631576 y_max=0.19153484395040615,,
nutrient,D05,11,ca0a1533-5dba-463b-9503-df9670c4902e,,,,,,,,,,,1653,2339,594.9600219726562,842.0399780273438,True,x_min=1.0 y_min=0.5664814170907575 x_max=1.0 y_max=0.5878580743394654,x_min=0.44464609800362975 y_min=0.2039333048311244 x_max=0.4748941318814277 y_max=0.2116289012398461,,
nutrient,D05,11,50852fcf-2723-48a1-bef4-a2b10d7b0efe,,,,,,,,,,,1653,2339,594.9600219726562,842.0399780273438,True,x_min=1.0 y_min=0.6199230602125271 x_max=1.0 y_max=0.6911785843748866,x_min=0.4361766485178463 y_min=0.2231722958529286 x_max=0.47428917120387176 y_max=0.24882428388200087,,
nutrient,D05,11,30efd94e-2020-4c62-98a7-f15c1149bc3c,,,,,,,,,,,1653,2339,594.9600219726562,842.0399780273438,True,x_min=1.0 y_min=0.7339318988723021 x_max=1.0 y_max=0.751745779912892,x_min=0.4482758620689655 y_min=0.26421547669944423 x_max=0.47428917120387176 y_max=0.2706284737067123,,
nutrient,D05,11,84f1e393-97b9-4f01-896b-9d8f0c3e5e4f,,,,,,,,,,,1653,2339,594.9600219726562,842.0399780273438,True,x_min=0.24284038366302227 y_min=0.9755221502954882 x_max=1.0 y_max=1.0,x_min=0.08740491228070175 y_min=0.351187964942283 x_max=0.4934492558983666 y_max=0.3842710029927319,,
nutrient,D05,11,1bfe9273-5ca6-474e-bef2-180579361120,,,,,,,,,,,1653,2339,594.9600219726562,842.0399780273438,True,x_min=0.2419742582411974 y_min=1.0 x_max=1.0 y_max=1.0,x_min=0.08709316999395039 y_min=0.4086081402308679 x_max=0.49376576527525706 y_max=0.563660581445062,,
nutrient,D05,11,484c2464-e268-4e24-86ca-03492a6cb3d2,,,,,,,,,,,1653,2339,594.9600219726562,842.0399780273438,True,x_min=0.24245020618650825 y_min=1.0 x_max=1.0 y_max=1.0,x_min=0.08726447670901391 y_min=0.5661987601539119 x_max=0.49391920145190554 y_max=0.6956876015391192,,
nutrient,D05,11,2f09bddf-29f0-4df0-80ba-a81a04a9cd9e,,,,,,,,,,,1653,2339,594.9600219726562,842.0399780273438,True,x_min=0.24235988078981718 y_min=1.0 x_max=1.0 y_max=1.0,x_min=0.08723196612220205 y_min=0.6980955536554082 x_max=0.49371387779794307 y_max=0.7615013467293714,,
nutrient,D05,11,9f750719-f6fc-4d9a-b63c-6e17879f45a5,,,,,,,,,,,1653,2339,594.9600219726562,842.0399780273438,True,x_min=1.0 y_min=0.25516351433022205 x_max=1.0 y_max=0.6151726919350364,x_min=0.5158010889292196 y_min=0.09185886276186404 x_max=0.9223516031457955 y_max=0.2214621633176571,,
nutrient,D05,11,91721fe9-be32-429c-8ece-df3e46e803a5,,,,,,,,,,,1653,2339,594.9600219726562,842.0399780273438,True,x_min=1.0 y_min=0.6209463251672607 x_max=1.0 y_max=0.9074926368581347,x_min=0.5159138898971567 y_min=0.2235406712270201 x_max=0.9225314337568058 y_max=0.32669734074390766,,
nutrient,D05,11,8861c271-419f-45cd-8910-7316288ae7bc,,,,,,,,,,,1653,2339,594.9600219726562,842.0399780273438,True,x_min=1.0 y_min=1.0 x_max=1.0 y_max=1.0,x_min=0.5155580157289776 y_min=0.38126718255664815 x_max=0.9221216575922565 y_max=0.4454882214621633,,
nutrient,D05,11,db6076bb-3ff2-4db9-98c4-acaa429ac02a,,,,,,,,,,,1653,2339,594.9600219726562,842.0399780273438,True,x_min=1.0 y_min=1.0 x_max=1.0 y_max=1.0,x_min=0.5155690865093768 y_min=0.44765840102607957 x_max=0.9226403508771929 y_max=0.6430098332620778,,
nutrient,D05,11,b450751d-6c69-4ad2-b451-304844e4406e,,,,,,,,,,,1653,2339,594.9600219726562,842.0399780273438,True,x_min=1.0 y_min=1.0 x_max=1.0 y_max=1.0,x_min=0.5157150030248034 y_min=0.6448112868747328 x_max=0.9226667876588022 y_max=0.7619069858914067,,
nutrient,D05,11,7545cfed-a3a8-42de-a1d9-e796a986e690,,,,,,,,,,,1653,2339,594.9600219726562,842.0399780273438,True,x_min=0.24253987607697103 y_min=1.0 x_max=1.0 y_max=1.0,x_min=0.08729675136116154 y_min=0.9026131680205216 x_max=0.9218381911675742 y_max=0.9241510889268917,,
nutrient,D05,11,1f30deea-6c7e-4f59-85e9-7d521a474d04,,,,,,,,,,,1653,2339,594.9600219726562,842.0399780273438,True,x_min=0.24247140088789035 y_min=1.0 x_max=0.2790103466945703 y_max=1.0,x_min=0.08727210526315789 y_min=0.9399959811885421 x_max=0.10042347368421052 y_max=0.9478409427105601,,
nutrient,D05,11,85d273a8-1bbc-49e4-9090-82faea070dd5,,,,,,,,,,,1653,2339,594.9600219726562,842.0399780273438,True,x_min=1.0 y_min=0.9357240399034995 x_max=1.0 y_max=1.0,x_min=0.5396036902601331 y_min=0.3368606455750321 x_max=0.9218084694494857 y_max=0.3607894271056007,,
nutrient,D05,11,8b3f1482-fe64-40b9-bd08-608725497cfa,,,,,,,,,,,1653,2339,594.9600219726562,842.0399780273438,True,x_min=0.2734251949578496 y_min=0.2799451405528696 x_max=1.0 y_max=0.9116198993286669,x_min=0.09841322444041138 y_min=0.10078024796921761 x_max=0.40563226255293405 y_max=0.32818315519452756,,
nutrient,D05,11,7ee4c1e8-47ad-4164-a690-b5d2adb2ffa2,,,,,,,,,,,1653,2339,594.9600219726562,842.0399780273438,True,x_min=0.45807879510352306 y_min=1.0 x_max=1.0 y_max=1.0,x_min=0.16487511796733212 y_min=0.7875221462163318 x_max=0.4910156805807623 y_max=0.8891921034630184,,
nutrient,D05,11,707353e4-e88c-41bf-814f-59c65e8d91ce,,,,,,,,,,,1653,2339,594.9600219726562,842.0399780273438,True,x_min=1.0 y_min=1.0 x_max=1.0 y_max=1.0,x_min=0.5222437386569874 y_min=0.7793108593415989 x_max=0.845861645493043 y_max=0.8898343309106457,,
nutrient,D05,12,7fd2d131-93c4-46ef-ae62-9c37975f903c,,,,,,,,,,,1653,2339,594.9600219726562,842.0399780273438,True,x_min=0.2449651986981711 y_min=0.16682991742161468 x_max=0.31027425403800335 y_max=0.19238991167559427,x_min=0.08816969147005443 y_min=0.060058768704574605 x_max=0.11167621113127646 y_max=0.06926036639589568,,
nutrient,D05,12,cea9613c-98e7-4b14-a672-7182c359632b,,,,,,,,,,,1653,2339,594.9600219726562,842.0399780273438,True,x_min=1.0 y_min=0.17098685781796047 x_max=1.0 y_max=0.1930018339280354,x_min=0.46141304295220814 y_min=0.061555267208208635 x_max=0.5474894131881428 y_max=0.06948065840102607,,
nutrient,D05,12,bcbe6c40-6352-447b-ba05-050911b6ba29,,,,,,,,,,,1653,2339,594.9600219726562,842.0399780273438,True,x_min=1.0 y_min=0.16990081674643986 x_max=1.0 y_max=0.1976999232150402,x_min=0.8564900181488203 y_min=0.061164292432663525 x_max=0.9219402359346642 y_max=0.07117197050021376,,
nutrient,D05,12,63369332-cb26-4d13-9d47-351227e8b610,,,,,,,,,,,1653,2339,594.9600219726562,842.0399780273438,True,x_min=0.24305606201998908 y_min=0.9935064389221123 x_max=1.0 y_max=1.0,x_min=0.08748254083484575 y_min=0.3576623086789226 x_max=0.4920863278886873 y_max=0.3790444189824711,,
nutrient,D05,12,cce5c1b6-2b54-44fa-af9b-2b098cec56c9,,,,,,,,,,,1653,2339,594.9600219726562,842.0399780273438,True,x_min=0.24340116083741759 y_min=1.0 x_max=1.0 y_max=1.0,x_min=0.08760675136116153 y_min=0.8388306113723814 x_max=0.4933209679370841 y_max=0.8708850021376656,,
nutrient,D05,12,072af043-7995-48b5-9a34-b4092dafb3ae,,,,,,,,,,,1653,2339,594.9600219726562,842.0399780273438,True,x_min=0.24225521829536334 y_min=1.0 x_max=1.0 y_max=1.0,x_min=0.08719429522081065 y_min=0.8951421547669945 x_max=0.4940050030248033 y_max=0.9328118319794785,,
nutrient,D05,12,d0052314-525b-48b1-90ac-be14537399c5,,,,,,,,,,,1653,2339,594.9600219726562,842.0399780273438,True,x_min=1.0 y_min=0.2537644596169769 x_max=1.0 y_max=0.6828654636411192,x_min=0.5157785238959468 y_min=0.09135520307823856 x_max=0.9227379915305505 y_max=0.2458315604959384,,
nutrient,D05,12,2e66efec-90a1-46f6-be44-251961e39153,,,,,,,,,,,1653,2339,594.9600219726562,842.0399780273438,True,x_min=1.0 y_min=0.6933224255785181 x_max=1.0 y_max=1.0,x_min=0.5158124016938899 y_min=0.24959606669516887 x_max=0.9226375680580762 y_max=0.5639527575887132,,
nutrient,D05,12,56e155d9-0f51-4e35-915f-8e4aca9deb37,,,,,,,,,,,1653,2339,594.9600219726562,842.0399780273438,True,x_min=1.0 y_min=1.0 x_max=1.0 y_max=1.0,x_min=0.5160541681790684 y_min=0.566286447199658 x_max=0.9226313611615246 y_max=0.7349621504916631,,
nutrient,D05,12,0bcc03e0-d64d-4627-b5cb-312effbb4532,,,,,,,,,,,1653,2339,594.9600219726562,842.0399780273438,True,x_min=1.0 y_min=1.0 x_max=1.0 y_max=1.0,x_min=0.5154877192982456 y_min=0.7374713125267208 x_max=0.9225985480943738 y_max=0.8667114664386489,,
nutrient,D05,12,c792cd7e-b003-410a-9d64-cd3e007fa911,,,,,,,,,,,1653,2339,594.9600219726562,842.0399780273438,True,x_min=1.0 y_min=1.0 x_max=1.0 y_max=1.0,x_min=0.5159887719298245 y_min=0.8686983753740916 x_max=0.9224588263762855 y_max=0.932685763146644,,
nutrient,D05,12,7f802231-9183-479a-a8f2-895b0c8bf239,,,,,,,,,,,1653,2339,594.9600219726562,842.0399780273438,True,x_min=0.2622227447866575 y_min=1.0 x_max=1.0 y_max=1.0,x_min=0.09438115547489412 y_min=0.7542698589140658 x_max=0.48695949788263765 y_max=0.8235424925181702,,
nutrient,D05,12,662d8b6d-806f-4424-9bd9-17bd9d596452,,,,,,,,,,,1653,2339,594.9600219726562,842.0399780273438,True,x_min=0.33952785488044773 y_min=0.2762512304284515 x_max=1.0 y_max=0.9503498656616206,x_min=0.12220538415003025 y_min=0.09945044035912783 x_max=0.4255667997580157 y_max=0.3421259427105601,,
nutrient,D05,12,27ac4823-e8f5-4dab-be6d-f2dda87fbb29,,,,,,,,,,,1653,2339,594.9600219726562,842.0399780273438,True,x_min=0.2507496881981365 y_min=1.0 x_max=1.0 y_max=1.0,x_min=0.09025168784029038 y_min=0.40187588713125266 x_max=0.47942234724742894 y_max=0.7458579734929457,,
nutrient,D05,13,4ddaf1d7-376b-4a93-8ca1-f1d25dabaf8e,,,,,,,,,,,1653,2339,594.9600219726562,842.0399780273438,True,x_min=0.24138721039411354 y_min=0.17020850997569364 x_max=0.4337112166703855 y_max=0.19714028114067697,x_min=0.08688187537810041 y_min=0.061275061992304404 x_max=0.1561045583787054 y_max=0.0709704993587003,,
nutrient,D05,13,6ca1c80e-ddae-422f-ba03-c21a82c397d4,,,,,,,,,,,1653,2339,594.9600219726562,842.0399780273438,True,x_min=0.6293086697801817 y_min=0.16961636469398375 x_max=1.0 y_max=0.19742971395427203,x_min=0.226505444646098 y_min=0.061061889696451474 x_max=0.7825779189352692 y_max=0.07107469516887559,,
nutrient,D05,13,5ba93ec6-9673-45c9-9efc-555cededac35,,,,,,,,,,,1653,2339,594.9600219726562,842.0399780273438,True,x_min=1.0 y_min=0.16717563734892976 x_max=1.0 y_max=0.19287848111497383,x_min=0.8978874773139747 y_min=0.06018322787516033 x_max=0.9202220611010286 y_max=0.06943625138948269,,
nutrient,D05,13,943de713-a754-49bd-8c57-cef5b6de8e1b,,,,,,,,,,,1653,2339,594.9600219726562,842.0399780273438,True,x_min=0.24259322419924445 y_min=0.7879896647596624 x_max=1.0 y_max=0.8472253855111304,x_min=0.08731595281306714 y_min=0.28367627191107314 x_max=0.49304296430732 y_max=0.30500113082513897,,
nutrient,D05,13,464010bb-ae3f-4a90-a304-1466f4b2c04a,,,,,,,,,,,1653,2339,594.9600219726562,842.0399780273438,True,x_min=0.24233154275133173 y_min=0.9156977342172717 x_max=1.0 y_max=1.0,x_min=0.08722176648517847 y_min=0.32965117571611796 x_max=0.494092667876588 y_max=0.4060247627191107,,
nutrient,D05,13,7c8a0ce5-d30b-45d2-a956-fc3bfd076b3e,,,,,,,,,,,1653,2339,594.9600219726562,842.0399780273438,True,x_min=0.24229809512583575 y_min=1.0 x_max=1.0 y_max=1.0,x_min=0.0872097277676951 y_min=0.4479787943565626 x_max=0.4934592740471869 y_max=0.48525011115861477,,
nutrient,D05,13,79c9060f-376d-42e8-aae6-44d4ee96dcd1,,,,,,,,,,,1653,2339,594.9600219726562,842.0399780273438,True,x_min=0.2428739657513343 y_min=1.0 x_max=1.0 y_max=1.0,x_min=0.08741699939503933 y_min=0.486933817870885 x_max=0.4936342105263158 y_max=0.5767733946130826,,
nutrient,D05,13,f222b9e0-c73d-4a41-845f-989462e70312,,,,,,,,,,,1653,2339,594.9600219726562,842.0399780273438,True,x_min=0.24287332705295797 y_min=1.0 x_max=1.0 y_max=1.0,x_min=0.08741676950998185 y_min=0.5797183411714407 x_max=0.49371074410163335 y_max=0.7086831466438649,,
nutrient,D05,13,327b125b-4509-4074-8f84-c80b6fe77295,,,,,,,,,,,1653,2339,594.9600219726562,842.0399780273438,True,x_min=0.24395370216432896 y_min=1.0 x_max=1.0 y_max=1.0,x_min=0.08780562613430126 y_min=0.7501800342026507 x_max=0.4929445856019359 y_max=0.7744851774262506,,
nutrient,D05,13,8eaf6f5e-c7f6-42f9-884d-fe12a40ae8a9,,,,,,,,,,,1653,2339,594.9600219726562,842.0399780273438,True,x_min=0.24248772131219015 y_min=1.0 x_max=1.0 y_max=1.0,x_min=0.08727797943133696 y_min=0.8293321932449765 x_max=0.49304295220810646 y_max=0.8520735429670799,,
nutrient,D05,13,34035f3d-9c63-44a7-a202-3e278b530035,,,,,,,,,,,1653,2339,594.9600219726562,842.0399780273438,True,x_min=0.24267252364501823 y_min=1.0 x_max=1.0 y_max=1.0,x_min=0.08734449485783424 y_min=0.9093720393330483 x_max=0.4933144283121597 y_max=0.9326180051303977,,
nutrient,D05,13,3b6ec1e7-8233-4bed-9f32-028c270f2e13,,,,,,,,,,,1653,2339,594.9600219726562,842.0399780273438,True,x_min=1.0 y_min=0.25430329389069267 x_max=1.0 y_max=0.2865042068016465,x_min=0.5160088626739262 y_min=0.09154918341171442 x_max=0.7174833635813672 y_max=0.10314151175716119,,
nutrient,D05,13,b2fd729b-7939-4e66-8c03-df17d0f78b25,,,,,,,,,,,1653,2339,594.9600219726562,842.0399780273438,True,x_min=1.0 y_min=0.4380083720775823 x_max=1.0 y_max=0.5057139864043033,x_min=0.5167694192377495 y_min=0.15768300983326208 x_max=0.9217894131881428 y_max=0.1820570303548525,,
nutrient,D05,13,36a25f31-ceca-4ee2-aad0-7d3a846be002,,,,,,,,,,,1653,2339,594.9600219726562,842.0399780273438,True,x_min=1.0 y_min=0.7268143033229311 x_max=1.0 y_max=0.8372523922814344,x_min=0.5162157289776165 y_min=0.2616531423685336 x_max=0.9219600725952813 y_max=0.3014108533561351,,
nutrient,D05,13,1856a5c4-03c6-45ab-8300-c8aa77905a82,,,,,,,,,,,1653,2339,594.9600219726562,842.0399780273438,True,x_min=1.0 y_min=0.8382032663739872 x_max=1.0 y_max=1.0,x_min=0.5155963702359346 y_min=0.3017531680205216 x_max=0.9226455898366606 y_max=0.708425891406584,,
nutrient,D05,13,2c60269e-cb85-4c2a-bef1-f856eb77bc24,,,,,,,,,,,1653,2339,594.9600219726562,842.0399780273438,True,x_min=1.0 y_min=1.0 x_max=1.0 y_max=1.0,x_min=0.5161883242589232 y_min=0.7239755451047456 x_max=0.8344609195402299 y_max=0.7349294638734502,,
nutrient,D05,13,00c9510e-4dc6-4761-a89d-8b839070c557,,,,,,,,,,,1653,2339,594.9600219726562,842.0399780273438,True,x_min=1.0 y_min=1.0 x_max=1.0 y_max=1.0,x_min=0.5155787356321839 y_min=0.7373699871740059 x_max=0.9225790683605566 y_max=0.9324741983753742,,
nutrient,D05,13,414e1348-8992-420b-b120-10d803f903e8,,,,,,,,,,,1653,2339,594.9600219726562,842.0399780273438,True,x_min=0.3129902230784816 y_min=1.0 x_max=1.0 y_max=1.0,x_min=0.1126537628554144 y_min=0.41553368961094483 x_max=0.49226471264367816 y_max=0.43845423044035914,,
nutrient,D05,13,504d8a84-9fdb-4dc5-b275-6e3f48ea76ed,,,,,,,,,,,1653,2339,594.9600219726562,842.0399780273438,True,x_min=0.3141953964910121 y_min=1.0 x_max=0.6266884096913927 y_max=1.0,x_min=0.11308753781004234 y_min=0.7186053869174861 x_max=0.22556234119782215 y_max=0.7423374420692603,,
nutrient,D05,13,aa05bc97-f823-40aa-a5e0-33d66ce2b7e5,,,,,,,,,,,1653,2339,594.9600219726562,842.0399780273438,True,x_min=0.3139226386686261 y_min=1.0 x_max=1.0 y_max=1.0,x_min=0.11298936479128857 y_min=0.7845793501496366 x_max=0.49227829401088935 y_max=0.8114920179563917,,
nutrient,D05,13,05ac7d21-0b9e-4de1-8b0c-4ac158694ff5,,,,,,,,,,,1653,2339,594.9600219726562,842.0399780273438,True,x_min=0.3087379709832706 y_min=1.0 x_max=0.9313703938673499 y_max=1.0,x_min=0.11112326073805202 y_min=0.8635459598118854 x_max=0.33522574107683 y_max=0.8910637067122702,,
nutrient,D05,13,a26718ab-34c6-4994-9ac2-419a5f9ecc47,,,,,,,,,,,1653,2339,594.9600219726562,842.0399780273438,True,x_min=1.0 y_min=0.31414346931566967 x_max=1.0 y_max=0.3928997656085833,x_min=0.5404139745916515 y_min=0.1130916460025652 x_max=0.8479679491833031 y_max=0.14144391192817443,,
nutrient,D05,13,d5d6b341-95c8-4205-aa6d-ed315d2f1539,,,,,,,,,,,1653,2339,594.9600219726562,842.0399780273438,True,x_min=1.0 y_min=0.5330690130076269 x_max=1.0 y_max=0.6048373311123969,x_min=0.5402491591046582 y_min=0.1919048396750748 x_max=0.9218527888687236 y_max=0.21774143351859768,,
nutrient,D05,13,91ca4625-6d88-4b8d-a612-f2127c8765a3,,,,,,,,,,,1653,2339,594.9600219726562,842.0399780273438,True,x_min=1.0 y_min=0.6103976811221064 x_max=1.0 y_max=0.6871570532262905,x_min=0.5379061705989111 y_min=0.2197431594698589 x_max=0.9217132123411979 y_max=0.24737653270628474,,
nutrient,D05,13,f66df8cf-ab76-41c5-b406-1b5467ff8197,,,,,,,,,,,1653,2339,594.9600219726562,842.0399780273438,True,x_min=0.2556246712102443 y_min=0.2822154959396514 x_max=1.0 y_max=0.7531963642460273,x_min=0.09200632788868723 y_min=0.10159757588713125 x_max=0.4799174228675136 y_max=0.2711506840530141,,
nutrient,D05,14,f3ca006e-1a21-46e0-aebf-15fcd797203c,,,,,,,,,,,1653,2339,594.9600219726562,842.0399780273438,True,x_min=0.24465685865308415 y_min=0.1666852212038823 x_max=0.3092644769474216 y_max=0.1923899140507784,x_min=0.0880587114337568 y_min=0.06000667806755023 x_max=0.11131276467029642 y_max=0.06926036725096195,,
nutrient,D05,14,f0fb5474-bde4-437e-97df-808e7a44032d,,,,,,,,,,,1653,2339,594.9600219726562,842.0399780273438,True,x_min=1.0 y_min=0.17082824302117508 x_max=1.0 y_max=0.19320448463875317,x_min=0.4613711433756805 y_min=0.06149816588285592 x_max=0.5475289292196007 y_max=0.06955361265498076,,
nutrient,D05,14,80b71e56-3b2d-4c9b-87b1-d6b941aab211,,,,,,,,,,,1653,2339,594.9600219726562,842.0399780273438,True,x_min=1.0 y_min=0.17017573243457895 x_max=1.0 y_max=0.1976491821562842,x_min=0.8564218390804597 y_min=0.06126326207781103 x_max=0.9218377918935269 y_max=0.07115370371953827,,
nutrient,D05,14,8af7d182-3029-40a2-8818-d769fd8f06e4,,,,,,,,,,,1653,2339,594.9600219726562,842.0399780273438,True,x_min=0.24237783157576176 y_min=0.6418781935582264 x_max=1.0 y_max=0.7006792971780265,x_min=0.08723842710223835 y_min=0.231076143651133 x_max=0.4930429401088929 y_max=0.25224454040188116,,
nutrient,D05,14,f9e1854d-f12f-4fb2-8b00-cc19f70bd0c0,,,,,,,,,,,1653,2339,594.9600219726562,842.0399780273438,True,x_min=0.24222508181671296 y_min=0.7669425168065226 x_max=1.0 y_max=0.9444827451816953,x_min=0.08718344827586207 y_min=0.27609929884566053 x_max=0.49369584996975197 y_max=0.34001377939290295,,
nutrient,D05,14,d44ee3c8-d3fe-455c-8e3c-98c5e01b2049,,,,,,,,,,,1653,2339,594.9600219726562,842.0399780273438,True,x_min=0.242401362568573 y_min=1.0 x_max=1.0 y_max=1.0,x_min=0.08724689655172414 y_min=0.3945928601966653 x_max=0.493282075015124 y_max=0.4566753227875161,,
nutrient,D05,14,4183f5ed-ba26-4aa5-86f0-b5a6d46b1754,,,,,,,,,,,1653,2339,594.9600219726562,842.0399780273438,True,x_min=0.24272933418480536 y_min=1.0 x_max=1.0 y_max=1.0,x_min=0.08736494252873564 y_min=0.5116578452330056 x_max=0.49344715668481554 y_max=0.5376607011543395,,
nutrient,D05,14,7c578a34-1822-42dd-ae2b-8fae1389a599,,,,,,,,,,,1653,2339,594.9600219726562,842.0399780273438,True,x_min=0.24226135316134625 y_min=1.0 x_max=1.0 y_max=1.0,x_min=0.08719650332728372 y_min=0.5913648567764002 x_max=0.49307977616454934 y_max=0.6297563103890551,,
nutrient,D05,14,8a234960-15d5-4a25-bac4-ae51efd03623,,,,,,,,,,,1653,2339,594.9600219726562,842.0399780273438,True,x_min=0.24231085228550983 y_min=1.0 x_max=1.0 y_max=1.0,x_min=0.08721431941923774 y_min=0.6842165027789654 x_max=0.4930429340592861 y_max=0.7086901650277896,,
nutrient,D05,14,6b77217d-8266-41ab-baf3-3dc9d2bec135,,,,,,,,,,,1653,2339,594.9600219726562,842.0399780273438,True,x_min=0.2426176460082121 y_min=1.0 x_max=1.0 y_max=1.0,x_min=0.08732474289171205 y_min=0.7897424540401881 x_max=0.4933408650937689 y_max=0.8140340808037623,,
nutrient,D05,14,e0ea0d10-4768-4ab3-8c51-5bcd99861daf,,,,,,,,,,,1653,2339,594.9600219726562,842.0399780273438,True,x_min=0.24174382259016755 y_min=1.0 x_max=1.0 y_max=1.0,x_min=0.08701022988505747 y_min=0.8153056861906798 x_max=0.4935802843315184 y_max=0.9324497648567764,,
nutrient,D05,14,321217ae-a296-43c2-b4f2-d70a15727ccc,,,,,,,,,,,1653,2339,594.9600219726562,842.0399780273438,True,x_min=1.0 y_min=0.2482363847969369 x_max=1.0 y_max=0.3218374472372139,x_min=0.5155473684210526 y_min=0.08936509619495511 x_max=0.9219600725952813 y_max=0.11586147798204362,,
nutrient,D05,14,8bb54bd8-012a-456b-b044-121c4dce857d,,,,,,,,,,,1653,2339,594.9600219726562,842.0399780273438,True,x_min=1.0 y_min=0.3638695762614378 x_max=1.0 y_max=0.39546815910109484,x_min=0.5161431941923775 y_min=0.13099304403591278 x_max=0.8363458802177859 y_max=0.142368533561351,,
nutrient,D05,14,1cf84ef8-52f9-4570-a1de-3acdc15c3739,,,,,,,,,,,1653,2339,594.9600219726562,842.0399780273438,True,x_min=1.0 y_min=0.4016542668108536 x_max=1.0 y_max=0.6890600626341741,x_min=0.5158551724137931 y_min=0.1445955322787516 x_max=0.9223973986690867 y_max=0.24806161607524585,,
nutrient,D05,14,294c1606-973c-4133-9d1b-a36bd029a0ad,,,,,,,,,,,1653,2339,594.9600219726562,842.0399780273438,True,x_min=1.0 y_min=1.0 x_max=1.0 y_max=1.0,x_min=0.5157481548699334 y_min=0.38097999144933736 x_max=0.922115607985481 y_max=0.41898247969217617,,
nutrient,D05,14,3cdd227a-d3ad-4f82-9145-604407008158,,,,,,,,,,,1653,2339,594.9600219726562,842.0399780273438,True,x_min=1.0 y_min=1.0 x_max=1.0 y_max=1.0,x_min=0.5161154264972776 y_min=0.421076169303121 x_max=0.9224026618269813 y_max=0.5113296280461735,,
nutrient,D05,14,6440e783-1f9d-4b22-9a77-0c7476fa93a5,,,,,,,,,,,1653,2339,594.9600219726562,842.0399780273438,True,x_min=1.0 y_min=1.0 x_max=1.0 y_max=1.0,x_min=0.51581185722928 y_min=0.5531777255237281 x_max=0.9226814882032669 y_max=0.6689047669944421,,
nutrient,D05,14,37237b6e-aa4b-4af9-912c-64a39aaee151,,,,,,,,,,,1653,2339,594.9600219726562,842.0399780273438,True,x_min=1.0 y_min=1.0 x_max=1.0 y_max=1.0,x_min=0.5155694494857834 y_min=0.7235236425823001 x_max=0.9225580762250454 y_max=0.8933442710560068,,
nutrient,D05,14,2cf34e62-595c-47bc-ae12-fbe11e967dbd,,,,,,,,,,,1653,2339,594.9600219726562,842.0399780273438,True,x_min=0.31201995620561507 y_min=0.970631824292622 x_max=0.9833418185985079 y_max=1.0,x_min=0.11230453720508167 y_min=0.3494274476271911 x_max=0.3539316817906836 y_max=0.37773815733219324,,
nutrient,D05,14,ef0333e5-0c4e-4f14-8029-96fa172f4dfb,,,,,,,,,,,1653,2339,594.9600219726562,842.0399780273438,True,x_min=0.30822370113538144 y_min=1.0 x_max=0.9685281341919864 y_max=1.0,x_min=0.11093816091954022 y_min=0.46850820863616927 x_max=0.34859983061101024 y_max=0.4945700897819581,,
nutrient,D05,14,0ee81773-a778-4fe3-bb67-a1de3c324881,,,,,,,,,,,1653,2339,594.9600219726562,842.0399780273438,True,x_min=0.3084328580457692 y_min=1.0 x_max=1.0 y_max=1.0,x_min=0.1110134422262553 y_min=0.5475976913210774 x_max=0.4925609316394434 y_max=0.5746059696451474,,
nutrient,D05,14,a7c6533d-6bc3-4f9c-a18d-6dc4a2c3c09e,,,,,,,,,,,1653,2339,594.9600219726562,842.0399780273438,True,x_min=0.30945785128477377 y_min=1.0 x_max=1.0 y_max=1.0,x_min=0.11138236539624924 y_min=0.639297862334331 x_max=0.49225292800967935 y_max=0.67006020735357,,
nutrient,D05,14,86173f1e-e827-4b4c-b038-784f76a48648,,,,,,,,,,,1653,2339,594.9600219726562,842.0399780273438,True,x_min=0.3093005297899788 y_min=1.0 x_max=1.0 y_max=1.0,x_min=0.11132574107682999 y_min=0.7189433091064558 x_max=0.379127386569873 y_max=0.7799494997862334,,
nutrient,D05,14,b7541764-c6f6-40b5-baef-5b26c48c83d6,,,,,,,,,,,1653,2339,594.9600219726562,842.0399780273438,True,x_min=1.0 y_min=0.7079433465813925 x_max=1.0 y_max=0.7803873321305194,x_min=0.5403034724742891 y_min=0.25485959811885417 x_max=0.8272848396854204 y_max=0.28093943223599827,,
nutrient,D05,14,c053d513-c879-44b0-ad29-6303755ead31,,,,,,,,,,,1653,2339,594.9600219726562,842.0399780273438,True,x_min=1.0 y_min=0.8154454870522818 x_max=1.0 y_max=0.8966533296540015,x_min=0.5406462189957653 y_min=0.2935603676784951 x_max=0.7614276588021779 y_max=0.32279519025224457,,
nutrient,D05,14,d7635ad1-ce1f-4482-b1af-b28ade983e5a,,,,,,,,,,,1653,2339,594.9600219726562,842.0399780273438,True,x_min=1.0 y_min=0.9353371224072977 x_max=1.0 y_max=1.0,x_min=0.539823290986086 y_min=0.33672135528003416 x_max=0.8875462189957651 y_max=0.3684682214621633,,
nutrient,D05,14,e0599538-43e3-43e0-8573-8bfffda1ec45,,,,,,,,,,,1653,2339,594.9600219726562,842.0399780273438,True,x_min=1.0 y_min=1.0 x_max=1.0 y_max=1.0,x_min=0.5400009074410164 y_min=0.5213988884138521 x_max=0.9219447065940714 y_max=0.54464866438649,,
nutrient,D05,14,14b8561b-0f8a-4c8e-90d2-e726cd8f99c2,,,,,,,,,,,1653,2339,594.9600219726562,842.0399780273438,True,x_min=1.0 y_min=1.0 x_max=1.0 y_max=1.0,x_min=0.5399332123411978 y_min=0.6791643437366396 x_max=0.92164555353902 y_max=0.7067472253099615,,
nutrient,D05,14,89f474c5-662f-4260-9e4d-2029c22fdf0c,,,,,,,,,,,1653,2339,594.9600219726562,842.0399780273438,True,x_min=1.0 y_min=1.0 x_max=1.0 y_max=1.0,x_min=0.5406039322444041 y_min=0.9030124839675076 x_max=0.9211917725347852 y_max=0.930736169303121,,
nutrient,D05,14,e5ad7d23-98d1-4a39-80a9-5380b85ea387,,,,,,,,,,,1653,2339,594.9600219726562,842.0399780273438,True,x_min=0.2572006090302196 y_min=0.27614334956486974 x_max=1.0 y_max=0.584207986362407,x_min=0.09257355111917726 y_min=0.09941160324925181 x_max=0.48676604960677555 y_max=0.21031486960239418,,
nutrient,D05,15,0a99c26c-4cee-41b9-b520-a52586c7e896,,,,,,,,,,,1653,2339,594.9600219726562,842.0399780273438,True,x_min=0.24177258082495326 y_min=0.1702343519791232 x_max=0.4340499032922729 y_max=0.19714028232826902,x_min=0.08702058076225046 y_min=0.06128436511329628 x_max=0.1562264609800363 y_max=0.07097049978623343,,
nutrient,D05,15,a5c08f47-aa71-413f-b58a-929e2eae2c4d,,,,,,,,,,,1653,2339,594.9600219726562,842.0399780273438,True,x_min=0.6291071436346057 y_min=0.16934226844437256 x_max=1.0 y_max=0.19796210316582732,x_min=0.22643290986085907 y_min=0.06096321504916631 x_max=0.7826128009679371 y_max=0.0712663552800342,,
nutrient,D05,15,1cb2cb7f-24d8-41ee-8226-397b811540c0,,,,,,,,,,,1653,2339,594.9600219726562,842.0399780273438,True,x_min=1.0 y_min=0.16703820919466195 x_max=1.0 y_max=0.1927562933297323,x_min=0.8979142770719903 y_min=0.06013375374091492 x_max=0.9214187568058076 y_max=0.06939226378794357,,
nutrient,D05,15,8911b7fb-5871-434e-ba65-3dbb184213a8,,,,,,,,,,,1653,2339,594.9600219726562,842.0399780273438,True,x_min=0.24257861817584947 y_min=0.2544790575169598 x_max=1.0 y_max=0.35901668316059826,x_min=0.08731069570477919 y_min=0.09161245831551945 x_max=0.49319908045977007 y_max=0.1292460025651988,,
nutrient,D05,15,bb31f581-fcc8-4c58-924b-a683b6ce3228,,,,,,,,,,,1653,2339,594.9600219726562,842.0399780273438,True,x_min=0.24202047983421945 y_min=0.5847877925625162 x_max=1.0 y_max=0.7586300254965522,x_min=0.08710980641258319 y_min=0.21052359982898675 x_max=0.4935700907441017 y_max=0.27310680205215904,,
nutrient,D05,15,c9f0650f-65bd-4885-a334-0b37a549eec8,,,,,,,,,,,1653,2339,594.9600219726562,842.0399780273438,True,x_min=0.24115727897864395 y_min=0.7600589243985006 x_max=1.0 y_max=0.9465108792900079,x_min=0.08679911675741077 y_min=0.2736212056434374 x_max=0.49389258318209317 y_max=0.34074390765284307,,
nutrient,D05,15,0ef851b3-c4d1-4239-9e18-04de98dd51bf,,,,,,,,,,,1653,2339,594.9600219726562,842.0399780273438,True,x_min=0.24195812270326972 y_min=0.9853255803171111 x_max=1.0 y_max=1.0,x_min=0.08708736237144586 y_min=0.3547171996579735 x_max=0.3653962552934059 y_max=0.36657659940145365,,
nutrient,D05,15,5ddccd3f-c9a8-4ab1-aa98-048acd4a7299,,,,,,,,,,,1653,2339,594.9600219726562,842.0399780273438,True,x_min=0.2425654744355792 y_min=1.0 x_max=1.0 y_max=1.0,x_min=0.0873059649122807 y_min=0.36896109448482256 x_max=0.4933374470659407 y_max=0.41924853099615217,,
nutrient,D05,15,cf9cf8ca-4707-40f4-a3e8-07b7846f7a4a,,,,,,,,,,,1653,2339,594.9600219726562,842.0399780273438,True,x_min=0.24282206310433355 y_min=1.0 x_max=1.0 y_max=1.0,x_min=0.0873983182093164 y_min=0.4731718255664814 x_max=0.4937431457955233 y_max=0.5377674262505344,,
nutrient,D05,15,fe708039-06b8-4b6d-8042-35e484ea10e6,,,,,,,,,,,1653,2339,594.9600219726562,842.0399780273438,True,x_min=0.24093677676815084 y_min=1.0 x_max=1.0 y_max=1.0,x_min=0.0867197519661222 y_min=0.5801766994442069 x_max=0.49425284331518454 y_max=0.9327274048738778,,
nutrient,D05,15,10fb2dca-6709-4f78-bb54-f191f1ca5bc7,,,,,,,,,,,1653,2339,594.9600219726562,842.0399780273438,True,x_min=1.0 y_min=0.25411654503778386 x_max=1.0 y_max=0.2866360105198738,x_min=0.5164454325468845 y_min=0.09148195382642155 x_max=0.8100423290986086 y_max=0.10318896109448482,,
nutrient,D05,15,616dac72-897a-410c-987f-d21c62768fb2,,,,,,,,,,,1653,2339,594.9600219726562,842.0399780273438,True,x_min=1.0 y_min=0.43720803003019065 x_max=1.0 y_max=0.47027403250815836,x_min=0.5158458802177858 y_min=0.15739488670371954 x_max=0.8269183303085299 y_max=0.16929864728516458,,
nutrient,D05,15,c7ecdf24-a5ec-425a-be4a-94f915781a0c,,,,,,,,,,,1653,2339,594.9600219726562,842.0399780273438,True,x_min=1.0 y_min=0.4751354453945036 x_max=1.0 y_max=1.0,x_min=0.5156908045977012 y_min=0.1710487558785806 x_max=0.9226776588021778 y_max=0.37988388200085504,,
nutrient,D05,15,97294127-efbb-4fbf-aafd-d40beaa3458d,,,,,,,,,,,1653,2339,594.9600219726562,842.0399780273438,True,x_min=1.0 y_min=1.0 x_max=1.0 y_max=1.0,x_min=0.516040592861464 y_min=0.38185959811885417 x_max=0.9227040290381124 y_max=0.5386917400598547,,
nutrient,D05,15,067cdb37-cbe0-4c15-a968-e220251f045d,,,,,,,,,,,1653,2339,594.9600219726562,842.0399780273438,True,x_min=1.0 y_min=1.0 x_max=1.0 y_max=1.0,x_min=0.5162901996370236 y_min=0.5393859341598974 x_max=0.9220513006654567 y_max=0.5640559320222318,,
nutrient,D05,15,e3c1ab7a-c7ec-4c1c-97de-70551ca88b7e,,,,,,,,,,,1653,2339,594.9600219726562,842.0399780273438,True,x_min=1.0 y_min=1.0 x_max=1.0 y_max=1.0,x_min=0.5159511191772534 y_min=0.6052571611799915 x_max=0.9223523593466425 y_max=0.6831979350149637,,
nutrient,D05,15,20a51f08-cbe6-4032-afe6-c3b2f9079aaf,,,,,,,,,,,1653,2339,594.9600219726562,842.0399780273438,True,x_min=1.0 y_min=1.0 x_max=1.0 y_max=1.0,x_min=0.51643444646098 y_min=0.7221034630183839 x_max=0.9222942165759227 y_max=0.7618604959384352,,
nutrient,D05,15,ed663814-083f-4b5b-9aee-103c7659c4bb,,,,,,,,,,,1653,2339,594.9600219726562,842.0399780273438,True,x_min=1.0 y_min=1.0 x_max=1.0 y_max=1.0,x_min=0.5158597096188747 y_min=0.8419820008550662 x_max=0.922585117967332 y_max=0.9324497776827705,,
nutrient,D05,15,5a417605-d515-40b3-aa29-9d5d45cdb9dd,,,,,,,,,,,1653,2339,594.9600219726562,842.0399780273438,True,x_min=0.30787040008617306 y_min=0.39057599233052115 x_max=1.0 y_max=0.5614638168458167,x_min=0.11081099818511797 y_min=0.14060735356990167 x_max=0.49319470054446457 y_max=0.20212696879008124,,
nutrient,D05,15,54857347-d25c-45c0-bc9e-77a3d6043814,,,,,,,,,,,1653,2339,594.9600219726562,842.0399780273438,True,x_min=0.30869758171489536 y_min=1.0 x_max=1.0 y_max=1.0,x_min=0.11110872353297035 y_min=0.4291908935442497 x_max=0.49232345432546887 y_max=0.4551702377084224,,
nutrient,D05,15,94d3287a-dbb5-4860-bb4a-3102ae636380,,,,,,,,,,,1653,2339,594.9600219726562,842.0399780273438,True,x_min=0.3092039014487847 y_min=1.0 x_max=1.0 y_max=1.0,x_min=0.11129096188747731 y_min=0.5484007695596409 x_max=0.49231274047186935 y_max=0.5606255972637879,,
nutrient,D05,15,e2c96afd-054b-4083-bbb2-b0d0d5f75c5a,,,,,,,,,,,1653,2339,594.9600219726562,842.0399780273438,True,x_min=1.0 y_min=0.31302637271153494 x_max=1.0 y_max=0.3898269898882885,x_min=0.5404246823956443 y_min=0.11268949123557075 x_max=0.9214567876588022 y_max=0.14033771269773407,,
nutrient,D05,15,dad7ab59-fa8f-4aba-861b-8da2111462bb,,,,,,,,,,,1653,2339,594.9600219726562,842.0399780273438,True,x_min=1.0 y_min=1.0 x_max=1.0 y_max=1.0,x_min=0.5408378342407744 y_min=0.569663488670372 x_max=0.7294837689050213 y_max=0.5968973279179136,,
nutrient,D05,15,21da4935-fcb5-4aa8-871d-ba4f39f7eb7f,,,,,,,,,,,1653,2339,594.9600219726562,842.0399780273438,True,x_min=1.0 y_min=1.0 x_max=1.0 y_max=1.0,x_min=0.5428099818511797 y_min=0.6912525865754596 x_max=0.7317537023593467 y_max=0.7148214463445917,,
nutrient,D05,15,7e78cbf9-4c16-4cbf-9d09-334bf6184e49,,,,,,,,,,,1653,2339,594.9600219726562,842.0399780273438,True,x_min=1.0 y_min=1.0 x_max=1.0 y_max=1.0,x_min=0.5423178463399879 y_min=0.7714834544677213 x_max=0.918736684815487 y_max=0.8343321291150064,,
nutrient,D05,16,f2cc44f9-66d3-4faa-8205-ac0b3d9d7a20,,,,,,,,,,,1653,2339,594.9600219726562,842.0399780273438,True,x_min=0.24490939662950453 y_min=0.1673508903106071 x_max=0.30926447022428083 y_max=0.19238991761355465,x_min=0.08814960677555958 y_min=0.06024631893971783 x_max=0.11131276225045372 y_max=0.06926036853356136,,
nutrient,D05,16,1c366ad3-20cf-4267-a2fb-2cf4a8698add,,,,,,,,,,,1653,2339,594.9600219726562,842.0399780273438,True,x_min=1.0 y_min=0.17098388883778706 x_max=1.0 y_max=0.19307767474517762,x_min=0.46150941318814276 y_min=0.06155419837537409 x_max=0.5474894131881428 y_max=0.06950796109448482,,
nutrient,D05,16,99f59e66-b3ba-484e-ac72-c8202a929801,,,,,,,,,,,1653,2339,594.9600219726562,842.0399780273438,True,x_min=1.0 y_min=0.17007639035797592 x_max=1.0 y_max=0.1977508234111335,x_min=0.856413611615245 y_min=0.06122749893116716 x_max=0.9217766146400483 y_max=0.0711902945703292,,
nutrient,D05,16,103faed1-6228-4956-905e-823a3083b822,,,,,,,,,,,1653,2339,594.9600219726562,842.0399780273438,True,x_min=0.24252348842126317 y_min=0.2548291596590109 x_max=1.0 y_max=0.6151726800591157,x_min=0.08729085299455534 y_min=0.09173849508336895 x_max=0.4936779854809437 y_max=0.2214621590423258,,
nutrient,D05,16,95fe7145-24de-4665-92ea-ccc6de3986d3,,,,,,,,,,,1653,2339,594.9600219726562,842.0399780273438,True,x_min=0.2425530534329453 y_min=0.7671359042990993 x_max=1.0 y_max=1.0,x_min=0.08730149425287356 y_min=0.27616891834117147 x_max=0.49322438596491225 y_max=0.364258230012826,,
nutrient,D05,16,5e47e958-6960-4e57-996d-d7e3f1f91e93,,,,,,,,,,,1653,2339,594.9600219726562,842.0399780273438,True,x_min=0.24222753576310613 y_min=1.0 x_max=1.0 y_max=1.0,x_min=0.0871843315184513 y_min=0.40729371526293284 x_max=0.49310490018148817 y_max=0.45831553227875155,,
nutrient,D05,16,66c9f67d-5256-4ba9-80ae-f132992f12c7,,,,,,,,,,,1653,2339,594.9600219726562,842.0399780273438,True,x_min=0.24326283221539163 y_min=1.0 x_max=1.0 y_max=1.0,x_min=0.08755696309739867 y_min=0.4602666524155622 x_max=0.49304292800967936 y_max=0.5091919538264215,,
nutrient,D05,16,340284d5-26fb-47db-88b6-7d8d6541d0c4,,,,,,,,,,,1653,2339,594.9600219726562,842.0399780273438,True,x_min=0.24201259695162766 y_min=1.0 x_max=1.0 y_max=1.0,x_min=0.08710696914700544 y_min=0.5524792646430099 x_max=0.493510943738657 y_max=0.6436482513894827,,
nutrient,D05,16,9cdf8bb5-5574-495f-9b67-4ddbe6708ba4,,,,,,,,,,,1653,2339,594.9600219726562,842.0399780273438,True,x_min=0.3108804510708799 y_min=1.0 x_max=1.0 y_max=1.0,x_min=0.11189439806412584 y_min=0.6449210346301838 x_max=0.38296877192982454 y_max=0.6562529589568191,,
nutrient,D05,16,a5504f8d-f931-4d2d-b478-b638e7466e39,,,,,,,,,,,1653,2339,594.9600219726562,842.0399780273438,True,x_min=0.241889580282781 y_min=1.0 x_max=1.0 y_max=1.0,x_min=0.08706269207501512 y_min=0.6975328772979905 x_max=0.49388032062915915 y_max=0.8140307524583155,,
nutrient,D05,16,221c21c6-dce6-4663-9bac-b7366fe6073e,,,,,,,,,,,1653,2339,594.9600219726562,842.0399780273438,True,x_min=0.24230779325644441 y_min=1.0 x_max=1.0 y_max=1.0,x_min=0.0872132183908046 y_min=0.8556804617357845 x_max=0.49383836660617064 y_max=0.9333048097477554,,
nutrient,D05,16,fbb2e1ec-63fe-4c11-80c8-f3e3a58f1192,,,,,,,,,,,1653,2339,594.9600219726562,842.0399780273438,True,x_min=1.0 y_min=0.2551197278106243 x_max=1.0 y_max=0.6522371672739811,x_min=0.516026739261948 y_min=0.09184309961522018 x_max=0.922450429522081 y_max=0.23480537409149208,,
nutrient,D05,16,ce5d6972-2bd1-4e09-ad63-bd6fbe431f99_unclaimed_para_0000,,,,,,,,,,,1653,2339,594.9600219726562,842.0399780273438,True,x_min=1.0 y_min=0.6852406240280232 x_max=1.0 y_max=0.7161180178317124,x_min=0.5414398064125832 y_min=0.2466866182129115 x_max=0.9213551119177253 y_max=0.2578024796921761,,
nutrient,D05,16,43033581-4da3-46ac-b7b6-35936a93dccc,,,,,,,,,,,1653,2339,594.9600219726562,842.0399780273438,True,x_min=1.0 y_min=0.7668671522138002 x_max=1.0 y_max=1.0,x_min=0.5158679975801572 y_min=0.27607216759298847 x_max=0.9224251058681187 y_max=0.4189586575459598,,
nutrient,D05,16,91e75d8d-2e4a-46f5-a749-53fa3057b5d6,,,,,,,,,,,1653,2339,594.9600219726562,842.0399780273438,True,x_min=1.0 y_min=1.0 x_max=1.0 y_max=1.0,x_min=0.514821536600121 y_min=0.4610650705429671 x_max=0.9226119177253478 y_max=0.8140231081658829,,
nutrient,D05,16,651871d2-6e1d-4e64-9a44-5a3368984c65,,,,,,,,,,,1653,2339,594.9600219726562,842.0399780273438,True,x_min=1.0 y_min=1.0 x_max=1.0 y_max=1.0,x_min=0.5161030248033878 y_min=0.8165435656263361 x_max=0.9224690260133092 y_max=0.9325144848225738,,
nutrient,D05,16,d278f5cc-ebf5-4d5e-b516-a69f321ccde9,,,,,,,,,,,1653,2339,594.9600219726562,842.0399780273438,True,x_min=0.310188320533042 y_min=0.6429331315934501 x_max=0.8831435736772049 y_max=0.719204177714629,x_min=0.11164528130671507 y_min=0.23145592133390339 x_max=0.31786758620689654 y_max=0.2589134972210346,,
nutrient,D05,16,ecafd716-b236-4a7b-af96-af4a2584e6b2,,,,,,,,,,,1653,2339,594.9600219726562,842.0399780273438,True,x_min=0.311293873806721 y_min=1.0 x_max=1.0 y_max=1.0,x_min=0.11204320024198428 y_min=0.3772847627191107 x_max=0.49268110707803997 y_max=0.39010154553227877,,
nutrient,D05,16,4b61fe9c-acde-4fa2-8a77-0df8fa9aa0a8,,,,,,,,,,,1653,2339,594.9600219726562,842.0399780273438,True,x_min=0.3092984624241818 y_min=1.0 x_max=1.0 y_max=1.0,x_min=0.11132499697519661 y_min=0.5216483112441214 x_max=0.49283806412583187 y_max=0.5461459286019666,,
nutrient,D05,16,f361e7e3-f6d4-45b6-a03b-25154cd84cea,,,,,,,,,,,1653,2339,594.9600219726562,842.0399780273438,True,x_min=0.3100870532246937 y_min=1.0 x_max=1.0 y_max=1.0,x_min=0.11160883242589231 y_min=0.6672578024796921 x_max=0.4922825529340593 y_max=0.6791354681487816,,
nutrient,D05,16,0bfb63bb-4c03-4813-85a3-564cba8b9ed9,,,,,,,,,,,1653,2339,594.9600219726562,842.0399780273438,True,x_min=0.309376534896759 y_min=1.0 x_max=1.0 y_max=1.0,x_min=0.11135309739866908 y_min=0.8254785378366823 x_max=0.49202379310344824 y_max=0.8370721385207354,,
nutrient,D05,16,040042e1-4365-464f-b31d-530c3004a179,,,,,,,,,,,1653,2339,594.9600219726562,842.0399780273438,True,x_min=1.0 y_min=1.0 x_max=1.0 y_max=1.0,x_min=0.5408506352087115 y_min=0.429082642154767 x_max=0.9213717846339988 y_max=0.4523132385634887,,
nutrient,D05,17,bb09a63e-e8f5-4d7b-b065-e729711316e7,,,,,,,,,,,1653,2339,594.9600219726562,842.0399780273438,True,x_min=0.24156707121845128 y_min=0.17032093931690115 x_max=0.4337923565759541 y_max=0.19714028589104524,x_min=0.08694661222020568 y_min=0.061315536554082936 x_max=0.1561337628554144 y_max=0.07097050106883283,,
nutrient,D05,17,cd19666d-33cc-4092-a92c-c1e8adaa33d7,,,,,,,,,,,1653,2339,594.9600219726562,842.0399780273438,True,x_min=0.6287950890542249 y_min=0.16955436051204179 x_max=1.0 y_max=0.19749171338584573,x_min=0.226320592861464 y_min=0.06103956819153484 x_max=0.7825871022383546 y_max=0.07109701496365968,,
nutrient,D05,17,af1df53d-d55c-4f0c-9d2d-94784d6b1780,,,,,,,,,,,1653,2339,594.9600219726562,842.0399780273438,True,x_min=1.0 y_min=0.1671099160038107 x_max=1.0 y_max=0.19238991998873878,x_min=0.8978816696914701 y_min=0.06015956819153485 x_max=0.921610499092559 y_max=0.06926036938862763,,
nutrient,D05,17,db4b3b12-5dc1-4973-bc5c-7646924c2f18,,,,,,,,,,,1653,2339,594.9600219726562,842.0399780273438,True,x_min=0.24211700732830144 y_min=0.2558220578845306 x_max=1.0 y_max=0.6154868931688304,x_min=0.08714454930429522 y_min=0.09209593843522873 x_max=0.49349110707803995 y_max=0.22157527575887134,,
nutrient,D05,17,b8ac3294-f088-4ac9-a25a-efaf2915aef1,,,,,,,,,,,1653,2339,594.9600219726562,842.0399780273438,True,x_min=0.24235655283511964 y_min=0.7246900573884442 x_max=1.0 y_max=0.8341906302899909,x_min=0.0872307683000605 y_min=0.2608884138520735 x_max=0.4934618995765275 y_max=0.30030861906797773,,
nutrient,D05,17,2f7d2f90-be95-45d2-bdec-95998abb3138,,,,,,,,,,,1653,2339,594.9600219726562,842.0399780273438,True,x_min=0.2422763289574854 y_min=0.9497698694467802 x_max=1.0 y_max=1.0,x_min=0.08720189352692076 y_min=0.3419171440786661 x_max=0.49304297035692685 y_max=0.3792218896964515,,
nutrient,D05,17,a897b30a-8eb5-4a19-a8d2-9d235ee5b801,,,,,,,,,,,1653,2339,594.9600219726562,842.0399780273438,True,x_min=0.24377197566841835 y_min=1.0 x_max=1.0 y_max=1.0,x_min=0.08774021778584393 y_min=0.3994769559640872 x_max=0.37265577737447064 y_max=0.41256947969217617,,
nutrient,D05,17,8139f172-23d4-43d9-9401-b4ef18166097,,,,,,,,,,,1653,2339,594.9600219726562,842.0399780273438,True,x_min=0.24115164834822128 y_min=1.0 x_max=1.0 y_max=1.0,x_min=0.08679709013914096 y_min=0.421112312954254 x_max=0.49363496067755597 y_max=0.7614365113296281,,
nutrient,D05,17,56a93a11-4b88-4628-adf0-b85dd28ab022,,,,,,,,,,,1653,2339,594.9600219726562,842.0399780273438,True,x_min=0.2416035610651607 y_min=1.0 x_max=1.0 y_max=1.0,x_min=0.08695974591651542 y_min=0.7633695596408722 x_max=0.4939003992740472 y_max=0.9324627191107311,,
nutrient,D05,17,a759a8ab-d696-4e4f-9ada-a3e8eec13b1c,,,,,,,,,,,1653,2339,594.9600219726562,842.0399780273438,True,x_min=1.0 y_min=0.2542277155313978 x_max=1.0 y_max=0.3221690680714814,x_min=0.5158783726557774 y_min=0.09152197520307824 x_max=0.9219600725952813 y_max=0.11598086147926463,,
nutrient,D05,17,aaaba0fd-6581-4677-a1e7-f4510eedcf46,,,,,,,,,,,1653,2339,594.9600219726562,842.0399780273438,True,x_min=1.0 y_min=0.32856492235457235 x_max=1.0 y_max=0.9082480879253041,x_min=0.5155687235329703 y_min=0.1182833689610945 x_max=0.9225346037507562 y_max=0.32696930312099187,,
nutrient,D05,17,d26d4096-231f-4f87-b4a7-a776a6af5125,,,,,,,,,,,1653,2339,594.9600219726562,842.0399780273438,True,x_min=1.0 y_min=0.9504305269149723 x_max=1.0 y_max=1.0,x_min=0.5161993345432547 y_min=0.342154980761009 x_max=0.7704943557168784 y_max=0.3665781239846088,,
nutrient,D05,17,97a62c4a-fd91-49ad-89ae-11427ca10795,,,,,,,,,,,1653,2339,594.9600219726562,842.0399780273438,True,x_min=1.0 y_min=1.0 x_max=1.0 y_max=1.0,x_min=0.5158273079249849 y_min=0.3684554510474562 x_max=0.9224192014519057 y_max=0.44506198375374095,,
nutrient,D05,17,ea6b770c-40ec-4b43-b58c-a83c256bc77f,,,,,,,,,,,1653,2339,594.9600219726562,842.0399780273438,True,x_min=1.0 y_min=1.0 x_max=1.0 y_max=1.0,x_min=0.5160763218390805 y_min=0.4872529286019667 x_max=0.922277247428917 y_max=0.5378366951688757,,
nutrient,D05,17,c77bb39f-6596-4cb0-8ed9-3283273e60b8,,,,,,,,,,,1653,2339,594.9600219726562,842.0399780273438,True,x_min=1.0 y_min=1.0 x_max=1.0 y_max=1.0,x_min=0.5407545674531156 y_min=0.5395890551517742 x_max=0.7584535692679977 y_max=0.5509149251817015,,
nutrient,D05,17,8a437eba-5c31-4341-8338-a57a6d32516c,,,,,,,,,,,1653,2339,594.9600219726562,842.0399780273438,True,x_min=1.0 y_min=1.0 x_max=1.0 y_max=1.0,x_min=0.5157395644283121 y_min=0.6055429243266354 x_max=0.9228111554748942 y_max=0.7482359683625481,,
nutrient,D05,17,5389b74b-e0fb-4679-b7ee-cfe0a7bfd48b,,,,,,,,,,,1653,2339,594.9600219726562,842.0399780273438,True,x_min=1.0 y_min=1.0 x_max=1.0 y_max=1.0,x_min=0.5160481851179674 y_min=0.7634879435656263 x_max=0.7908058257713249 y_max=0.7746900213766567,,
nutrient,D05,17,270002b9-7c08-4d51-b0ae-b6bbe0fbd588,,,,,,,,,,,1653,2339,594.9600219726562,842.0399780273438,True,x_min=1.0 y_min=1.0 x_max=1.0 y_max=1.0,x_min=0.5160486630369027 y_min=0.7762421547669944 x_max=0.9222855898366606 y_max=0.8276488926891834,,
nutrient,D05,17,e50752e6-04ea-4f82-afda-033c1ac3a5f8,,,,,,,,,,,1653,2339,594.9600219726562,842.0399780273438,True,x_min=1.0 y_min=1.0 x_max=1.0 y_max=1.0,x_min=0.5158232304900181 y_min=0.8818406156477127 x_max=0.9226166969147005 y_max=0.9324497460453186,,
nutrient,D05,17,ef1db45f-b4f3-42fc-8adf-e26a410e710e,,,,,,,,,,,1653,2339,594.9600219726562,842.0399780273438,True,x_min=0.30843153022546055 y_min=0.6457195788658192 x_max=0.5367267685334933 y_max=0.677023763569439,x_min=0.11101296430732004 y_min=0.23245904232578027 x_max=0.19318267997580155 y_max=0.24372854852501072,,
nutrient,D05,17,401e14bd-bc6a-42c9-ba52-9b595cce3a73,,,,,,,,,,,1653,2339,594.9600219726562,842.0399780273438,True,x_min=0.3082727128318369 y_min=0.8611722945729927 x_max=0.782957985068464 y_max=0.9270254505358553,x_min=0.11095580157289776 y_min=0.3100220179563916 x_max=0.28180804597701153 y_max=0.333729153484395,,
nutrient,D05,17,80120ff3-58be-4cd0-970f-16ac3faf6bf3,,,,,,,,,,,1653,2339,594.9600219726562,842.0399780273438,True,x_min=1.0 y_min=1.0 x_max=1.0 y_max=1.0,x_min=0.5409497277676951 y_min=0.45572548097477555 x_max=0.9217032425892318 y_max=0.4800579196237708,,
nutrient,D05,17,e3ae2587-9d91-4187-9845-100bd8d9fdad,,,,,,,,,,,1653,2339,594.9600219726562,842.0399780273438,True,x_min=1.0 y_min=1.0 x_max=1.0 y_max=1.0,x_min=0.5399763641863279 y_min=0.5610589995724669 x_max=0.9218393405928614 y_max=0.5875773266353143,,
nutrient,D05,17,27b102da-cda6-4bf6-a07b-f05550a708de,,,,,,,,,,,1653,2339,594.9600219726562,842.0399780273438,True,x_min=1.0 y_min=1.0 x_max=1.0 y_max=1.0,x_min=0.540730943738657 y_min=0.8370845233005558 x_max=0.9214308227465215 y_max=0.8638235583582728,,
nutrient,D05,18,7aafcffb-f511-4397-9d2b-73c85bee4d4d,,,,,,,,,,,1653,2339,594.9600219726562,842.0399780273438,True,x_min=0.2445974092805318 y_min=0.1669618113968392 x_max=0.3098200100719904 y_max=0.1926058705430414,x_min=0.08803731397459165 y_min=0.060106250534416414 x_max=0.11151271627344221 y_max=0.06933811158614792,,
nutrient,D05,18,b666eb1b-a7e0-4cde-b85d-8b8293e99655,,,,,,,,,,,1653,2339,594.9600219726562,842.0399780273438,True,x_min=1.0 y_min=0.17106408693023178 x_max=1.0 y_max=0.1926745810573991,x_min=0.4613863278886872 y_min=0.06158306968790081 x_max=0.5474894313369632 y_max=0.06936284737067122,,
nutrient,D05,18,952d7825-4e04-47ad-842e-db6115633502,,,,,,,,,,,1653,2339,594.9600219726562,842.0399780273438,True,x_min=1.0 y_min=0.17022474435928198 x_max=1.0 y_max=0.19761737487789016,x_min=0.8563513611615245 y_min=0.06128090637024369 x_max=0.9220030369026014 y_max=0.07114225309961521,,
nutrient,D05,18,ff61070c-df3f-4c44-98b3-8f73eae2c6b5,,,,,,,,,,,1653,2339,594.9600219726562,842.0399780273438,True,x_min=0.2427741271104067 y_min=1.0 x_max=1.0 y_max=1.0,x_min=0.0873810647307925 y_min=0.4014474262505344 x_max=0.9222474894131882 y_max=0.42362617785378365,,
nutrient,D05,18,de35e303-4a3d-4076-9d56-ef018c0ae09f,,,,,,,,,,,1653,2339,594.9600219726562,842.0399780273438,True,x_min=0.24168240669893026 y_min=1.0 x_max=1.0 y_max=1.0,x_min=0.08698812462189957 y_min=0.44760239418554937 x_max=0.493721941923775 y_max=0.509804967935015,,
nutrient,D05,18,c5cf6960-8617-4bae-a446-9c4224f470ee,,,,,,,,,,,1653,2339,594.9600219726562,842.0399780273438,True,x_min=0.24276387432068178 y_min=1.0 x_max=1.0 y_max=1.0,x_min=0.08737737447065941 y_min=0.5130392902949978 x_max=0.49304295220810646 y_max=0.5378615237280889,,
nutrient,D05,18,e32b98c7-6a9d-4f9d-8ce5-208a79d78fe0,,,,,,,,,,,1653,2339,594.9600219726562,842.0399780273438,True,x_min=0.24311974697124744 y_min=1.0 x_max=1.0 y_max=1.0,x_min=0.08750546279491833 y_min=0.5919554938007696 x_max=0.3888509074410163 y_max=0.603249268063275,,
nutrient,D05,18,aaec825b-f5c4-4888-8b04-a55f68b27058,,,,,,,,,,,1653,2339,594.9600219726562,842.0399780273438,True,x_min=0.24330653263061244 y_min=1.0 x_max=1.0 y_max=1.0,x_min=0.08757269207501511 y_min=0.6058473706712271 x_max=0.4938800120992135 y_max=0.7742624925181701,,
nutrient,D05,18,4bb4966b-1287-4a2a-9a5e-40b6f209a39e,,,,,,,,,,,1653,2339,594.9600219726562,842.0399780273438,True,x_min=0.24193939875613277 y_min=1.0 x_max=1.0 y_max=1.0,x_min=0.08708062310949788 y_min=0.7765979050876444 x_max=0.4939052692075015 y_max=0.9324497563061137,,
nutrient,D05,18,c9002747-1669-4ca8-aab6-2b0c38e61f1a,,,,,,,,,,,1653,2339,594.9600219726562,842.0399780273438,True,x_min=1.0 y_min=1.0 x_max=1.0 y_max=1.0,x_min=0.5153325468844525 y_min=0.4474730226592561 x_max=0.9226097701149425 y_max=0.4958590017101326,,
nutrient,D05,18,4a3af7bc-485d-41de-9185-00a5659abe0a,,,,,,,,,,,1653,2339,594.9600219726562,842.0399780273438,True,x_min=1.0 y_min=1.0 x_max=1.0 y_max=1.0,x_min=0.5165909860859044 y_min=0.5512834544677212 x_max=0.8898971566848155 y_max=0.5639161923899102,,
nutrient,D05,18,7722d2a8-3410-4c7c-860b-b437a0deaa02,,,,,,,,,,,1653,2339,594.9600219726562,842.0399780273438,True,x_min=1.0 y_min=1.0 x_max=1.0 y_max=1.0,x_min=0.51560129461585 y_min=0.5662132535271484 x_max=0.9227122141560797 y_max=0.6810602821718683,,
nutrient,D05,18,d6808bf9-c48b-4fc2-901c-ff9dfabd6510,,,,,,,,,,,1653,2339,594.9600219726562,842.0399780273438,True,x_min=1.0 y_min=1.0 x_max=1.0 y_max=1.0,x_min=0.5156689655172414 y_min=0.6842963659683625 x_max=0.9223254688445252 y_max=0.7481829799059426,,
nutrient,D05,18,5ca17656-a060-44b1-baaa-98ff3bfe9850,,,,,,,,,,,1653,2339,594.9600219726562,842.0399780273438,True,x_min=1.0 y_min=1.0 x_max=1.0 y_max=1.0,x_min=0.5157177555958863 y_min=0.7504750320649851 x_max=0.9225532970356926 y_max=0.8274166438648995,,
nutrient,D05,18,bc506208-3b4e-4d9c-97de-7d05c2a5fe21,,,,,,,,,,,1653,2339,594.9600219726562,842.0399780273438,True,x_min=1.0 y_min=1.0 x_max=1.0 y_max=1.0,x_min=0.5154723532970357 y_min=0.8685631466438649 x_max=0.9227519358741683 y_max=0.8931167105600684,,
nutrient,D05,18,1ddb14b8-c7f0-40f5-93ec-eac7e4d10aac,,,,,,,,,,,1653,2339,594.9600219726562,842.0399780273438,True,x_min=1.0 y_min=1.0 x_max=1.0 y_max=1.0,x_min=0.516397519661222 y_min=0.8953632321504917 x_max=0.9222513974591651 y_max=0.9328582855921335,,
nutrient,D05,18,f991aae6-a69c-4a87-94c9-e7f36485d7e6,,,,,,,,,,,1653,2339,594.9600219726562,842.0399780273438,True,x_min=0.31001220785970207 y_min=1.0 x_max=1.0 y_max=1.0,x_min=0.11158189352692076 y_min=0.5471352287302266 x_max=0.49275509376890503 y_max=0.5753571141513467,,
nutrient,D05,18,09f1d9c4-a93b-4636-9a1b-46e153094223,,,,,,,,,,,1653,2339,594.9600219726562,842.0399780273438,True,x_min=1.0 y_min=1.0 x_max=1.0 y_max=1.0,x_min=0.5410044343617665 y_min=0.5077348011970928 x_max=0.6816765093768906 y_max=0.5345163702436939,,
nutrient,D05,18,d7ad70f8-0b6c-4a7b-a11a-45839aa34014,,,,,,,,,,,1653,2339,594.9600219726562,842.0399780273438,True,x_min=1.0 y_min=1.0 x_max=1.0 y_max=1.0,x_min=0.5403753781004235 y_min=0.8378888413852074 x_max=0.9216432788868725 y_max=0.8506313330483112,,
nutrient,D05,18,7a366bc1-9e67-4c1f-a9de-df9a0d71a4a5,,,,,,,,,,,1653,2339,594.9600219726562,842.0399780273438,True,x_min=0.5362552746689646 y_min=0.2739461023458785 x_max=1.0 y_max=1.0,x_min=0.1930129764065336 y_min=0.09862059427105602 x_max=0.8165054143980641 y_max=0.38079994442069265,,
nutrient,D05,19,5453b87d-98da-442c-8fec-f5f8a34ba1bc,,,,,,,,,,,1653,2339,594.9600219726562,842.0399780273438,True,x_min=0.24166924615080798 y_min=0.17021115830600836 x_max=0.4340883260419632 y_max=0.1971402835158611,x_min=0.08698338777979431 y_min=0.06127601539119282 x_max=0.15624029038112522 y_max=0.07097050021376657,,
nutrient,D05,19,6b4996f2-75c8-4c47-932a-6eb708445fc9,,,,,,,,,,,1653,2339,594.9600219726562,842.0399780273438,True,x_min=0.6288692116815803 y_min=0.16948489825190421 x_max=1.0 y_max=0.19739196990312327,x_min=0.22634727162734422 y_min=0.06101456177853784 x_max=0.7825616696914701 y_max=0.07106110731081659,,
nutrient,D05,19,2280f320-3443-4212-94ce-fc5b37358dd6,,,,,,,,,,,1653,2339,594.9600219726562,842.0399780273438,True,x_min=1.0 y_min=0.1671960045529195 x_max=1.0 y_max=0.1929144152758089,x_min=0.8978546884452511 y_min=0.0601905600684053 x_max=0.9214142589231701 y_max=0.06944918768704575,,
nutrient,D05,19,07aff043-74e4-4601-9ea1-d2d9f997ee63,,,,,,,,,,,1653,2339,594.9600219726562,842.0399780273438,True,x_min=0.2427229640088943 y_min=0.2559889501980395 x_max=1.0 y_max=0.2865027234991519,x_min=0.0873626497277677 y_min=0.09215601966652416 x_max=0.4561315547489414 y_max=0.10314097776827705,,
nutrient,D05,19,dd78238f-7c37-49d5-bed6-76662d6c2405,,,,,,,,,,,1653,2339,594.9600219726562,842.0399780273438,True,x_min=0.24199083078327732 y_min=0.40087205929436126 x_max=1.0 y_max=0.5047266413593,x_min=0.0870991349062311 y_min=0.14431393758016245 x_max=0.49316483363581365 y_max=0.18170158614792645,,
nutrient,D05,19,075b8c50-759d-48c5-9a1e-2b5dabf2fffb,,,,,,,,,,,1653,2339,594.9600219726562,842.0399780273438,True,x_min=0.24323782213160372 y_min=0.5098521818474262 x_max=1.0 y_max=0.5786144075265967,x_min=0.08754796128251664 y_min=0.18354678067550234 x_max=0.4930429401088929 y_max=0.20830118127404873,,
nutrient,D05,19,4247c263-6ab7-4fa7-b615-780901bad6db,,,,,,,,,,,1653,2339,594.9600219726562,842.0399780273438,True,x_min=0.24160009864764703 y_min=1.0 x_max=1.0 y_max=1.0,x_min=0.08695849969751966 y_min=0.40734033347584436 x_max=0.49366938898971563 y_max=0.48525010688328346,,
nutrient,D05,19,6e40b921-12ca-458c-a586-dd0f5cc45a5b,,,,,,,,,,,1653,2339,594.9600219726562,842.0399780273438,True,x_min=0.24283157634857006 y_min=1.0 x_max=1.0 y_max=1.0,x_min=0.08740174228675135 y_min=0.487175587858059 x_max=0.49304294010889294 y_max=0.5094573599828986,,
nutrient,D05,19,a891d324-6d7c-4e52-9f96-9314536b7333,,,,,,,,,,,1653,2339,594.9600219726562,842.0399780273438,True,x_min=0.24212744500439842 y_min=1.0 x_max=1.0 y_max=1.0,x_min=0.08714830611010284 y_min=0.5524796494228302 x_max=0.4935699637023594 y_max=0.5912783326207781,,
nutrient,D05,19,2a057e3e-6601-406d-b68b-e6d2b81eb0bc,,,,,,,,,,,1653,2339,594.9600219726562,842.0399780273438,True,x_min=0.2421760533124056 y_min=1.0 x_max=1.0 y_max=1.0,x_min=0.08716580157289776 y_min=0.5923850363403164 x_max=0.49334728977616454 y_max=0.709201111586148,,
nutrient,D05,19,0c689872-f86c-4a62-99c6-22f73986aa15,,,,,,,,,,,1653,2339,594.9600219726562,842.0399780273438,True,x_min=0.24322746849476679 y_min=1.0 x_max=1.0 y_max=1.0,x_min=0.08754423472474289 y_min=0.9121628901239845 x_max=0.48764175438596497 y_max=0.9226206468576315,,
nutrient,D05,19,a0f40c67-adc1-4c5d-9c6c-3836df95f2c8,,,,,,,,,,,1653,2339,594.9600219726562,842.0399780273438,True,x_min=1.0 y_min=0.2538773046154087 x_max=1.0 y_max=0.8348772247689781,x_min=0.514821536600121 y_min=0.09139582727661394 x_max=0.9224763460375075 y_max=0.30055579307396324,,
nutrient,D05,19,da5f4d82-ef7e-4517-803e-6cc224bdf131,,,,,,,,,,,1653,2339,594.9600219726562,842.0399780273438,True,x_min=1.0 y_min=0.8761043646980429 x_max=1.0 y_max=0.9088239608204793,x_min=0.5161533575317604 y_min=0.3153975630611372 x_max=0.8937602177858439 y_max=0.3271766173578452,,
nutrient,D05,19,6b7972d9-ba2a-407a-847d-f0b8534af575,,,,,,,,,,,1653,2339,594.9600219726562,842.0399780273438,True,x_min=1.0 y_min=0.9140438222459393 x_max=1.0 y_max=1.0,x_min=0.5156551724137931 y_min=0.3290557674219752 x_max=0.9228791288566244 y_max=0.45874305258657544,,
nutrient,D05,19,0c12f33b-b3fb-4cf1-9eff-7dcab5c3f0ba,,,,,,,,,,,1653,2339,594.9600219726562,842.0399780273438,True,x_min=1.0 y_min=1.0 x_max=1.0 y_max=1.0,x_min=0.5159312462189958 y_min=0.46033351859769134 x_max=0.9226326013309135 y_max=0.5775619367250963,,
nutrient,D05,19,62eee63c-c71b-4450-825f-fb2f0eccd6ef,,,,,,,,,,,1653,2339,594.9600219726562,842.0399780273438,True,x_min=1.0 y_min=1.0 x_max=1.0 y_max=1.0,x_min=0.515758408953418 y_min=0.618478281316802 x_max=0.9226702661826981 y_max=0.8011970799486959,,
nutrient,D05,19,ae5f374e-1202-4cc3-81a3-ab09de227960,,,,,,,,,,,1653,2339,594.9600219726562,842.0399780273438,True,x_min=1.0 y_min=1.0 x_max=1.0 y_max=1.0,x_min=0.5165185964912281 y_min=0.8170709705002137 x_max=0.6412583182093164 y_max=0.8281316682342881,,
nutrient,D05,19,05f9b0c7-5d34-4c1a-803c-25ef3a3b1d4f,,,,,,,,,,,1653,2339,594.9600219726562,842.0399780273438,True,x_min=1.0 y_min=1.0 x_max=1.0 y_max=1.0,x_min=0.5160934059286146 y_min=0.8387556220607097 x_max=0.9222345432546885 y_max=0.8623343458743052,,
nutrient,D05,19,7312ed9a-8053-43dd-b6f6-651729b23658,,,,,,,,,,,1653,2339,594.9600219726562,842.0399780273438,True,x_min=1.0 y_min=1.0 x_max=1.0 y_max=1.0,x_min=0.5157644283121596 y_min=0.8635585292860196 x_max=0.9223983061101029 y_max=0.9249182513894826,,
nutrient,D05,19,47dfeec6-cfb6-4393-99ed-d1c9d2f34a98,,,,,,,,,,,1653,2339,594.9600219726562,842.0399780273438,True,x_min=0.3011891108344682 y_min=0.3026969937901489 x_max=1.0 y_max=0.37050205707675926,x_min=0.10840621899576527 y_min=0.10897091492090637 x_max=0.492474500907441 y_max=0.13338073706712272,,
nutrient,D05,19,599f5d82-fbb5-4ec5-811b-98f153746396,,,,,,,,,,,1653,2339,594.9600219726562,842.0399780273438,True,x_min=0.29667976583494265 y_min=0.6000215823287112 x_max=1.0 y_max=1.0,x_min=0.10678318209316394 y_min=0.21600776400171015 x_max=0.49262401693889896 y_max=0.39344138520735356,,
nutrient,D05,19,a60c9889-1884-4f16-bb67-aaa1209651e7,,,,,,,,,,,1653,2339,594.9600219726562,842.0399780273438,True,x_min=0.308071674113969 y_min=1.0 x_max=1.0 y_max=1.0,x_min=0.1108834422262553 y_min=0.5173948696023942 x_max=0.4627738233514822 y_max=0.5440371979478409,,
nutrient,D05,19,dbe36a7c-6f87-4a72-ae70-de7282d55cab,,,,,,,,,,,1653,2339,594.9600219726562,842.0399780273438,True,x_min=1.0 y_min=1.0 x_max=1.0 y_max=1.0,x_min=0.5378350030248034 y_min=0.5807077383497221 x_max=0.846771699939504 y_max=0.6094713980333476,,
nutrient,D05,19,95b6a4a1-97b8-4ff0-bc49-c9f1715de9eb,,,,,,,,,,,1653,2339,594.9600219726562,842.0399780273438,True,x_min=0.3110751196128367 y_min=1.0 x_max=1.0 y_max=1.0,x_min=0.11196446460980036 y_min=0.7329716973065413 x_max=0.47750723532970357 y_max=0.9027038648995297,,
nutrient,D05,20,5fd83aa7-eb02-4620-b48c-9a950e7fca61,,,,,,,,,,,1653,2339,594.9600219726562,842.0399780273438,True,x_min=0.24508129053199046 y_min=0.1676441067925352 x_max=0.3079152820933901 y_max=0.19243715765089012,x_min=0.08821147610405324 y_min=0.06035187687045746 x_max=0.11082715245009074 y_max=0.06927737494655836,,
nutrient,D05,20,01621169-1f50-4eca-9939-c730f8c9c870,,,,,,,,,,,1653,2339,594.9600219726562,842.0399780273438,True,x_min=1.0 y_min=0.17127187991460993 x_max=1.0 y_max=0.192895945843946,x_min=0.46160323653962493 y_min=0.06165787516032493 x_max=0.5474894131881428 y_max=0.06944253869174861,,
nutrient,D05,20,fbbf738e-28de-4046-8e02-787a557174d4,,,,,,,,,,,1653,2339,594.9600219726562,842.0399780273438,True,x_min=1.0 y_min=0.17014610201244812 x_max=1.0 y_max=0.19750727321713865,x_min=0.856543073200242 y_min=0.06125259512612228 x_max=0.9218161282516637 y_max=0.07110261650277896,,
nutrient,D05,20,c689b7c6-1194-499b-9a10-3c2cd73b4f43,,,,,,,,,,,1653,2339,594.9600219726562,842.0399780273438,True,x_min=0.24271092958685656 y_min=0.2533604764227384 x_max=1.0 y_max=0.457222946708473,x_min=0.0873583182093164 y_min=0.09120976913210774 x_max=0.4936096793708409 y_max=0.16460025651988028,,
nutrient,D05,20,23cbfff5-95d6-4c0b-add5-91fec131473a,,,,,,,,,,,1653,2339,594.9600219726562,842.0399780273438,True,x_min=0.24256532316491114 y_min=0.46276071227979915 x_max=1.0 y_max=0.7339318988723021,x_min=0.08730591046581972 y_min=0.16659385207353572 x_max=0.4938663460375075 y_max=0.26421547669944423,,
nutrient,D05,20,ad8bdc09-abb7-4767-aaa5-43728ded6420,,,,,,,,,,,1653,2339,594.9600219726562,842.0399780273438,True,x_min=0.24295306350288398 y_min=0.7395513470261598 x_max=1.0 y_max=1.0,x_min=0.0874454688445251 y_min=0.26623847798204364 x_max=0.49384571082879614 y_max=0.3638306926036768,,
nutrient,D05,20,337084a5-f6b3-4b23-b771-2d87cc8bf523,,,,,,,,,,,1653,2339,594.9600219726562,842.0399780273438,True,x_min=0.24313149565980102 y_min=1.0 x_max=1.0 y_max=1.0,x_min=0.08750969147005444 y_min=0.365630910645575 x_max=0.49367591046581966 y_max=0.42522676784950836,,
nutrient,D05,20,df905734-e4a5-4cdf-a2d1-24ea16afaa11,,,,,,,,,,,1653,2339,594.9600219726562,842.0399780273438,True,x_min=0.2416700697355564 y_min=1.0 x_max=1.0 y_max=1.0,x_min=0.08698368421052631 y_min=0.42804377939290295 x_max=0.49316559588626735 y_max=0.4873877725523728,,
nutrient,D05,20,b72dcbf2-ee78-4103-ac3e-513bd9fbbdf4,,,,,,,,,,,1653,2339,594.9600219726562,842.0399780273438,True,x_min=0.24288863900613725 y_min=1.0 x_max=1.0 y_max=1.0,x_min=0.08742228070175438 y_min=0.4901047883710988 x_max=0.4936386146400484 y_max=0.5506626763574177,,
nutrient,D05,20,35f14f1b-fab1-4286-beee-0a658ddc05bc,,,,,,,,,,,1653,2339,594.9600219726562,842.0399780273438,True,x_min=0.24304034667836158 y_min=1.0 x_max=1.0 y_max=1.0,x_min=0.08747688445251059 y_min=0.5524448909790509 x_max=0.4937770054446461 y_max=0.6130825224454896,,
nutrient,D05,20,c607c531-2f49-47e2-bacd-e00a7b05cb6c,,,,,,,,,,,1653,2339,594.9600219726562,842.0399780273438,True,x_min=0.24171071112171177 y_min=1.0 x_max=1.0 y_max=1.0,x_min=0.08699831215970961 y_min=0.6149813168020521 x_max=0.4939018814277072 y_max=0.8874610944848225,,
nutrient,D05,20,ce068f97-aaea-43f4-b593-6a2ba2c5e8c9,,,,,,,,,,,1653,2339,594.9600219726562,842.0399780273438,True,x_min=0.24436786444565836 y_min=1.0 x_max=1.0 y_max=1.0,x_min=0.08795469449485782 y_min=0.8894256092347157 x_max=0.4931585299455535 y_max=0.9247541876870459,,
nutrient,D05,20,55d3d4f1-7573-48d6-9224-b05e7976aecd,,,,,,,,,,,1653,2339,594.9600219726562,842.0399780273438,True,x_min=1.0 y_min=0.2533617946499354 x_max=1.0 y_max=1.0,x_min=0.5155818511796734 y_min=0.09121024369388628 x_max=0.9226693284936479 y_max=0.5258657545959812,,
nutrient,D05,20,4556f5d6-0015-4ced-b7dd-8409a8c243f4,,,,,,,,,,,1653,2339,594.9600219726562,842.0399780273438,True,x_min=1.0 y_min=1.0 x_max=1.0 y_max=1.0,x_min=0.5157939503932244 y_min=0.5280034202650705 x_max=0.922631699939504 y_max=0.8251389482684908,,
nutrient,D05,20,a819709d-1645-4654-9af0-be915f7d4bfa,,,,,,,,,,,1653,2339,594.9600219726562,842.0399780273438,True,x_min=1.0 y_min=1.0 x_max=1.0 y_max=1.0,x_min=0.5161386872353296 y_min=0.8268932449764856 x_max=0.9225160012099214 y_max=0.9249021889696452,,
nutrient,D05,21,2d9e7b7e-47a7-4011-93bd-c13072c4636a,,,,,,,,,,,1653,2339,594.9600219726562,842.0399780273438,True,x_min=0.24184310657197886 y_min=0.17047201290404607 x_max=0.43358688058515615 y_max=0.1971402835158611,x_min=0.0870459649122807 y_min=0.061369923044035914 x_max=0.15605980641258319 y_max=0.07097050021376657,,
nutrient,D05,21,be02b8f3-6ed8-41e2-bd92-654b9d2f28cf,,,,,,,,,,,1653,2339,594.9600219726562,842.0399780273438,True,x_min=0.628772263991198 y_min=0.17003375580268545 x_max=1.0 y_max=0.19753815654890267,x_min=0.2263123774954628 y_min=0.0612121504916631 x_max=0.7828644646098003 y_max=0.0711137345019239,,
nutrient,D05,21,42a53cb2-c453-4c01-b642-78158188b031,,,,,,,,,,,1653,2339,594.9600219726562,842.0399780273438,True,x_min=1.0 y_min=0.16743987658436518 x_max=1.0 y_max=0.19238991048800222,x_min=0.897896551724138 y_min=0.0602783539974348 x_max=0.9215991651542649 y_max=0.06926036596836255,,
nutrient,D05,21,bbdf6a87-5dbd-40e8-bb5f-ff3d455ac5c4,,,,,,,,,,,1653,2339,594.9600219726562,842.0399780273438,True,x_min=0.24359700592901493 y_min=0.2645016695309062 x_max=1.0 y_max=0.2910626613883186,x_min=0.08767724137931034 y_min=0.09522059854638734 x_max=0.8267005323653962 y_max=0.10478255536554083,,
nutrient,D05,21,e605ad25-b820-41f4-8d96-e5355b1b9982,,,,,,,,,,,1653,2339,594.9600219726562,842.0399780273438,True,x_min=0.25612120877426503 y_min=1.0 x_max=1.0 y_max=1.0,x_min=0.09218504537205081 y_min=0.4574280034202651 x_max=0.9195635692679975 y_max=0.5014963787943565,,
nutrient,D05,21,02eb6cba-01bd-4cbe-b9bb-adfe9daa1adb,,,,,,,,,,,1653,2339,594.9600219726562,842.0399780273438,True,x_min=0.24106123891227016 y_min=1.0 x_max=1.0 y_max=1.0,x_min=0.08676454930429521 y_min=0.5277203078238564 x_max=0.493374851784634 y_max=0.6254809876015391,,
nutrient,D05,21,a4c39eb2-690d-4f10-aca0-ac409c2da451,,,,,,,,,,,1653,2339,594.9600219726562,842.0399780273438,True,x_min=0.2428025323803002 y_min=1.0 x_max=1.0 y_max=1.0,x_min=0.08739128856624319 y_min=0.8799724668661821 x_max=0.49369975801572896 y_max=0.9234715626336041,,
nutrient,D05,21,31c5f2de-4c1e-4522-8795-5b434b2c7a2c,,,,,,,,,,,1653,2339,594.9600219726562,842.0399780273438,True,x_min=1.0 y_min=1.0 x_max=1.0 y_max=1.0,x_min=0.5158717483363582 y_min=0.5279768704574604 x_max=0.9224774349667272 y_max=0.5510902240273621,,
nutrient,D05,21,e3af4212-89dc-4b7e-90ae-ec130be93bf6,,,,,,,,,,,1653,2339,594.9600219726562,842.0399780273438,True,x_min=1.0 y_min=1.0 x_max=1.0 y_max=1.0,x_min=0.5168292196007259 y_min=0.5625604959384352 x_max=0.6884452329098609 y_max=0.5763909213339033,,
nutrient,D05,21,bfc953fd-1a6d-41c8-95b3-eb0d43dd5fb1,,,,,,,,,,,1653,2339,594.9600219726562,842.0399780273438,True,x_min=1.0 y_min=1.0 x_max=1.0 y_max=1.0,x_min=0.5206990925589836 y_min=0.5803324925181702 x_max=0.7644550514216576 y_max=0.5899957225309961,,
nutrient,D05,21,febf95ae-63ed-4528-a467-912dabedc3e3,,,,,,,,,,,1653,2339,594.9600219726562,842.0399780273438,True,x_min=1.0 y_min=1.0 x_max=1.0 y_max=1.0,x_min=0.521201996370236 y_min=0.5904022231722958 x_max=0.902622020568663 y_max=0.6002565173150919,,
nutrient,D05,21,e57cfbeb-9187-4275-9fdc-0b45c5fd574b,,,,,,,,,,,1653,2339,594.9600219726562,842.0399780273438,True,x_min=1.0 y_min=1.0 x_max=1.0 y_max=1.0,x_min=0.5210645130066546 y_min=0.6006438221462164 x_max=0.9220692921960073 y_max=0.6207781171440786,,
nutrient,D05,21,b3232b71-575d-4e81-b75a-d2654af89202,,,,,,,,,,,1653,2339,594.9600219726562,842.0399780273438,True,x_min=1.0 y_min=1.0 x_max=1.0 y_max=1.0,x_min=0.5209864186327889 y_min=0.621386447199658 x_max=0.9222251119177254 y_max=0.6410849110731082,,
nutrient,D05,21,115ec770-573e-44fe-acef-466b518ee2dc,,,,,,,,,,,1653,2339,594.9600219726562,842.0399780273438,True,x_min=1.0 y_min=1.0 x_max=1.0 y_max=1.0,x_min=0.5210771324863884 y_min=0.6418873877725524 x_max=0.8751292800967937 y_max=0.6516070342026508,,
nutrient,D05,21,3f0eb8ff-4395-474a-8acc-a61880552157,,,,,,,,,,,1653,2339,594.9600219726562,842.0399780273438,True,x_min=1.0 y_min=1.0 x_max=1.0 y_max=1.0,x_min=0.5210766485178463 y_min=0.6521713552800341 x_max=0.8519921960072595 y_max=0.6618212770414706,,
nutrient,D05,21,3c6ca30b-19ac-4546-b56c-55608e9453d3,,,,,,,,,,,1653,2339,594.9600219726562,842.0399780273438,True,x_min=1.0 y_min=1.0 x_max=1.0 y_max=1.0,x_min=0.5211807622504537 y_min=0.6630637451902522 x_max=0.9218278886872353 y_max=0.6825840359127832,,
nutrient,D05,21,c9f9e1bd-2357-49dd-8c06-c624cd9f2f9b,,,,,,,,,,,1653,2339,594.9600219726562,842.0399780273438,True,x_min=1.0 y_min=1.0 x_max=1.0 y_max=1.0,x_min=0.5208783061101029 y_min=0.6832837109876015 x_max=0.7301875378100423 y_max=0.6929763758016246,,
nutrient,D05,21,4d1042ee-12cf-4d27-88a3-ed184a5b007c,,,,,,,,,,,1653,2339,594.9600219726562,842.0399780273438,True,x_min=1.0 y_min=1.0 x_max=1.0 y_max=1.0,x_min=0.5204059044162129 y_min=0.6929321932449765 x_max=0.9237285904416213 y_max=0.7131795297135528,,
nutrient,D05,21,be0b27cb-9f08-435e-809f-4f7ad54fae7a,,,,,,,,,,,1653,2339,594.9600219726562,842.0399780273438,True,x_min=1.0 y_min=1.0 x_max=1.0 y_max=1.0,x_min=0.5180709860859044 y_min=0.7140400171013254 x_max=0.9223231941923775 y_max=0.7336967819581017,,
nutrient,D05,21,6ce520dd-c42d-4214-9a9d-e0ea82c8357a,,,,,,,,,,,1653,2339,594.9600219726562,842.0399780273438,True,x_min=1.0 y_min=1.0 x_max=1.0 y_max=1.0,x_min=0.5172005807622504 y_min=0.7346606669516887 x_max=0.9217103811252269 y_max=0.7539658858486533,,
nutrient,D05,21,3f126cdf-9320-4151-8654-32175b192a46,,,,,,,,,,,1653,2339,594.9600219726562,842.0399780273438,True,x_min=1.0 y_min=1.0 x_max=1.0 y_max=1.0,x_min=0.5172033454325469 y_min=0.7549938007695596 x_max=0.9227050393224441 y_max=0.7747889709277469,,
nutrient,D05,21,7196a335-da0e-4700-8b7f-665047c60748,,,,,,,,,,,1653,2339,594.9600219726562,842.0399780273438,True,x_min=1.0 y_min=1.0 x_max=1.0 y_max=1.0,x_min=0.5173855414398064 y_min=0.7762695596408722 x_max=0.9223771929824561 y_max=0.7952116468576316,,
nutrient,D05,21,32963638-8971-40bf-9622-e23c308d868f,,,,,,,,,,,1653,2339,594.9600219726562,842.0399780273438,True,x_min=1.0 y_min=1.0 x_max=1.0 y_max=1.0,x_min=0.5173558076225045 y_min=0.7959844805472425 x_max=0.9226204174228676 y_max=0.8270477999144934,,
nutrient,D05,21,574fcf25-55f4-470c-a91d-bac6de8b5e50,,,,,,,,,,,1653,2339,594.9600219726562,842.0399780273438,True,x_min=1.0 y_min=1.0 x_max=1.0 y_max=1.0,x_min=0.5172182274652147 y_min=0.8273086789226165 x_max=0.9220451482153659 y_max=0.8467560089781959,,
nutrient,D05,21,8b3f3050-b6f1-436d-ba85-12682c0b0887,,,,,,,,,,,1653,2339,594.9600219726562,842.0399780273438,True,x_min=1.0 y_min=1.0 x_max=1.0 y_max=1.0,x_min=0.5171297943133697 y_min=0.8476154766994441 x_max=0.7565889171203872 y_max=0.8568005502351432,,
nutrient,D05,21,fb5cbcba-3cad-4096-b48e-4adaa5422eae,,,,,,,,,,,1653,2339,594.9600219726562,842.0399780273438,True,x_min=1.0 y_min=1.0 x_max=1.0 y_max=1.0,x_min=0.5171068965517241 y_min=0.8570619923044035 x_max=0.7610405323653963 y_max=0.8667837263787943,,
nutrient,D05,21,a794381d-930b-42f3-905a-e2f1392a3b11,,,,,,,,,,,1653,2339,594.9600219726562,842.0399780273438,True,x_min=1.0 y_min=1.0 x_max=1.0 y_max=1.0,x_min=0.5171990320629158 y_min=0.8678809320222317 x_max=0.8799778584392014 y_max=0.8775536083796495,,
nutrient,D05,21,3c7e6908-e6eb-46d1-9bed-f37632e9f279,,,,,,,,,,,1653,2339,594.9600219726562,842.0399780273438,True,x_min=1.0 y_min=1.0 x_max=1.0 y_max=1.0,x_min=0.5169220810647308 y_min=0.8783432235998291 x_max=0.9225237326073805 y_max=0.8982471038905515,,
nutrient,D05,21,73ed0c58-0d0b-4cff-93a6-d1554a42c9e5,,,,,,,,,,,1653,2339,594.9600219726562,842.0399780273438,True,x_min=1.0 y_min=1.0 x_max=1.0 y_max=1.0,x_min=0.5162139140955838 y_min=0.8984606669516887 x_max=0.9241957652752572 y_max=0.918792706284737,,
nutrient,D05,21,b6fe76de-b5eb-44d5-96bf-8bfd5d1100f3,,,,,,,,,,,1653,2339,594.9600219726562,842.0399780273438,True,x_min=0.24360179616683725 y_min=0.30896018810113063 x_max=1.0 y_max=1.0,x_min=0.08767896551724139 y_min=0.11122566481402309 x_max=0.9219874349667273 y_max=0.4520836596836254,,
nutrient,D05,21,3fc0b19d-e8bd-4187-a38a-caa29916e2d9,,,,,,,,,,,1653,2339,594.9600219726562,842.0399780273438,True,x_min=1.0 y_min=0.4252472677590281 x_max=1.0 y_max=0.4978942460453887,x_min=0.7095130671506352 y_min=0.15308901239846087 x_max=0.8057644404113733 y_max=0.17924192389910218,,
nutrient,D05,21,420b4162-9d01-4026-a601-9978592da4f7,,,,,,,,,,,1653,2339,594.9600219726562,842.0399780273438,True,x_min=1.0 y_min=0.5381818700124522 x_max=1.0 y_max=0.6027524027885509,x_min=0.7077614035087719 y_min=0.19374546814878155 x_max=0.8037905626134301 y_max=0.21699085934159898,,
nutrient,D05,21,9e674bb0-afa1-4f5e-81cb-3745de398e06,,,,,,,,,,,1653,2339,594.9600219726562,842.0399780273438,True,x_min=1.0 y_min=0.7443715457173296 x_max=1.0 y_max=0.8107647116700565,x_min=0.7075983061101029 y_min=0.2679737494655836 x_max=0.8094584875983062 y_max=0.29187528858486533,,
nutrient,D05,21,051692bb-d65c-4817-a448-a3f3dc5ea5f9,,,,,,,,,,,1653,2339,594.9600219726562,842.0399780273438,True,x_min=0.3312931167147543 y_min=1.0 x_max=1.0 y_max=1.0,x_min=0.11924147610405322 y_min=0.6461588285592134 x_max=0.46130681185722927 y_max=0.8688057887986319,,
nutrient,D05,22,23d2ad9a-6c0e-46a5-9e5c-7b690cde294a,,,,,,,,,,,1653,2339,594.9600219726562,842.0399780273438,True,x_min=0.24428542193155908 y_min=0.16709657934487163 x_max=0.3108550409602142 y_max=0.19238991998873875,x_min=0.0879250211736237 y_min=0.06015476699444207 x_max=0.11188525226860255 y_max=0.06926036938862762,,
nutrient,D05,22,7e2b5530-79e1-41b7-ad6b-c0f477030d6c,,,,,,,,,,,1653,2339,594.9600219726562,842.0399780273438,True,x_min=1.0 y_min=0.17131253119114456 x_max=1.0 y_max=0.1929745074345192,x_min=0.4616770477918935 y_min=0.06167250961949552 x_max=0.5475152571082879 y_max=0.06947082086361693,,
nutrient,D05,22,3da6d498-12e8-4270-9d50-0bd1059cc847,,,,,,,,,,,1653,2339,594.9600219726562,842.0399780273438,True,x_min=1.0 y_min=0.17046613432330265 x_max=1.0 y_max=0.19752663809342183,x_min=0.8565073200241984 y_min=0.06136780675502351 x_max=0.9220544252873563 y_max=0.071109587858059,,
nutrient,D05,22,158a8e2a-e841-49cb-aefe-b27e2127e248,,,,,,,,,,,1653,2339,594.9600219726562,842.0399780273438,True,x_min=0.24212529359934137 y_min=0.2499539873309499 x_max=1.0 y_max=0.3053149573756361,x_min=0.08714753176043556 y_min=0.08998343309106456 x_max=0.49325984271022383 y_max=0.1099133817870885,,
nutrient,D05,22,a6962826-defe-4598-99e1-a7c9e481cc84,,,,,,,,,,,1653,2339,594.9600219726562,842.0399780273438,True,x_min=0.24336509118700836 y_min=0.30780858007145995 x_max=0.8437511453888431 y_max=0.3338559811121832,x_min=0.08759376890502117 y_min=0.1108110859341599 x_max=0.30368917120387173 y_max=0.12018815006412997,,
nutrient,D05,22,41d8e841-43e6-43ea-ad8d-d12c892cf507,,,,,,,,,,,1653,2339,594.9600219726562,842.0399780273438,True,x_min=0.24303254783502987 y_min=0.3382742594565389 x_max=1.0 y_max=0.3910121117661568,x_min=0.08747407743496673 y_min=0.12177873022659255 x_max=0.49388565638233517 y_max=0.14076435656263359,,
nutrient,D05,22,50905053-efab-4c0b-b62f-ec701811503d,,,,,,,,,,,1653,2339,594.9600219726562,842.0399780273438,True,x_min=0.2433192057510265 y_min=0.3931027132173184 x_max=0.9410121845560421 y_max=0.4194178367010165,x_min=0.0875772534785239 y_min=0.14151697306541255 x_max=0.33869608590441624 y_max=0.1509904172723386,,
nutrient,D05,22,edd2eb4b-b072-4a50-876b-70fdf61dde13,,,,,,,,,,,1653,2339,594.9600219726562,842.0399780273438,True,x_min=0.24400960508010763 y_min=0.4216091744618705 x_max=1.0 y_max=0.5054917831777553,x_min=0.08782574712643679 y_min=0.15177929884566052 x_max=0.49321618874773143 y_max=0.18197703719538263,,
nutrient,D05,22,e5aad45f-e50a-47e8-b0f7-fc2434704fa5,,,,,,,,,,,1653,2339,594.9600219726562,842.0399780273438,True,x_min=0.24450168856334617 y_min=0.5073357930116325 x_max=1.0 y_max=0.5336722634627775,x_min=0.08800286146400484 y_min=0.18264088071825565 x_max=0.44059616454930434 y_max=0.19212200983326208,,
nutrient,D05,22,2c62935a-1714-45bc-b10e-8dd26e3c9558,,,,,,,,,,,1653,2339,594.9600219726562,842.0399780273438,True,x_min=0.24455301974337865 y_min=0.5351566811063772 x_max=0.8456397260640195 y_max=0.5623499588574442,x_min=0.0880213369630974 y_min=0.19265640017101324 x_max=0.304368923169994 y_max=0.2024459799059427,,
nutrient,D05,22,f426b5fd-0d45-42c9-a90d-dafd16dcba0e,,,,,,,,,,,1653,2339,594.9600219726562,842.0399780273438,True,x_min=0.24427190841854465 y_min=0.5647869607261766 x_max=1.0 y_max=0.5911729383279176,x_min=0.08792015728977616 y_min=0.20332330055579306 x_max=0.4295113248638839 y_max=0.21282225224454895,,
nutrient,D05,22,a7499a2e-594d-45e3-a281-bfad4d284d15,,,,,,,,,,,1653,2339,594.9600219726562,842.0399780273438,True,x_min=0.24440390048036356 y_min=0.5942434006188614 x_max=1.0 y_max=0.6767326313115928,x_min=0.08796766485178463 y_min=0.21392761864044466 x_max=0.4935458862673926 y_max=0.24362374091492095,,
nutrient,D05,22,63753ff9-fba3-4d48-9596-4f2662d4f6e9,,,,,,,,,,,1653,2339,594.9600219726562,842.0399780273438,True,x_min=0.24379579239471372 y_min=0.6785366667964146 x_max=1.0 y_max=0.7330719634548694,x_min=0.08774879007864489 y_min=0.24427319367250963 x_max=0.4928754083484574 y_max=0.26390589995724667,,
nutrient,D05,22,6ab73c96-4286-42b7-b3d8-23265f92973f,,,,,,,,,,,1653,2339,594.9600219726562,842.0399780273438,True,x_min=0.24296689636508656 y_min=0.7362190111831828 x_max=1.0 y_max=0.7909238484854614,x_min=0.08745044767090139 y_min=0.265038837109876 x_max=0.49275667876588014 y_max=0.28473257802479696,,
nutrient,D05,22,e6746cad-3409-4245-9145-6233f1900519,,,,,,,,,,,1653,2339,594.9600219726562,842.0399780273438,True,x_min=0.24346923263805 y_min=0.7926460232489414 x_max=1.0 y_max=0.8483844931847192,x_min=0.08763125226860254 y_min=0.2853525609234716 x_max=0.4930294192377495 y_max=0.3054184095767422,,
nutrient,D05,22,76f47bc9-2a7a-40f6-931d-9cb32c1c3865,,,,,,,,,,,1653,2339,594.9600219726562,842.0399780273438,True,x_min=0.24361860401884525 y_min=0.8506161449459599 x_max=1.0 y_max=0.8768052898505312,x_min=0.08768501512401694 y_min=0.3062218041898247 x_max=0.48097775559588624 y_max=0.3156498961094485,,
nutrient,D05,22,63dcaf04-48cd-454a-9176-86809b139545,,,,,,,,,,,1653,2339,594.9600219726562,842.0399780273438,True,x_min=0.24259362758769262 y_min=0.8794399070396071 x_max=1.0 y_max=0.9334473665269086,x_min=0.08731609800362976 y_min=0.3165983582727661 x_max=0.492588572292801 y_max=0.3360410431808465,,
nutrient,D05,22,1b7d36f3-05fe-4209-beb9-a58dfb192420,,,,,,,,,,,1653,2339,594.9600219726562,842.0399780273438,True,x_min=0.2434740396837243 y_min=0.9358539030962854 x_max=1.0 y_max=0.9893502704606115,x_min=0.08763298245614035 y_min=0.33690739632321504 x_max=0.49276271022383544 y_max=0.35616608807182554,,
nutrient,D05,22,e9ffccd9-944c-4881-bf03-bd93f64b853c,,,,,,,,,,,1653,2339,594.9600219726562,842.0399780273438,True,x_min=0.2434525088253021 y_min=0.9926785209868699 x_max=1.0 y_max=1.0,x_min=0.08762523290986086 y_min=0.35736425823001283 x_max=0.41622773139745917 y_max=0.366908705857204,,
nutrient,D05,22,5a5e347e-92a3-4fd2-8c9f-e73e91ecbd31,,,,,,,,,,,1653,2339,594.9600219726562,842.0399780273438,True,x_min=0.24329717065704404 y_min=1.0 x_max=1.0 y_max=1.0,x_min=0.08756932244404114 y_min=0.3682096194955109 x_max=0.4939997519661222 y_max=0.3873450149636597,,
nutrient,D05,22,f120fa41-24e4-4350-9fbf-f72042f26636,,,,,,,,,,,1653,2339,594.9600219726562,842.0399780273438,True,x_min=0.24301508447679354 y_min=1.0 x_max=1.0 y_max=1.0,x_min=0.08746779189352692 y_min=0.38835407011543394 x_max=0.49350354506957045 y_max=0.4078666096622488,,
nutrient,D05,22,e67a90e6-ac15-4f85-844f-aadd22e75c06,,,,,,,,,,,1653,2339,594.9600219726562,842.0399780273438,True,x_min=0.24264776567901047 y_min=1.0 x_max=1.0 y_max=1.0,x_min=0.08733558378705385 y_min=0.4090441641727234 x_max=0.49276008469449484 y_max=0.4184367678495083,,
nutrient,D05,22,8c1fd610-99e2-4806-b4a4-a7dc2e4f4f32,,,,,,,,,,,1653,2339,594.9600219726562,842.0399780273438,True,x_min=0.24211685605763336 y_min=1.0 x_max=1.0 y_max=1.0,x_min=0.08714449485783424 y_min=0.41848093202223174 x_max=0.49361001209921357 y_max=0.4283881983753741,,
nutrient,D05,22,f22110d2-2687-48fa-b4e8-7a3c99c1f81e,,,,,,,,,,,1653,2339,594.9600219726562,842.0399780273438,True,x_min=0.24294471000043602 y_min=1.0 x_max=1.0 y_max=1.0,x_min=0.08744246218995766 y_min=0.4300467977768277 x_max=0.49331185117967336 y_max=0.4395747276613937,,
nutrient,D05,22,62cbbeb9-1025-4970-8e38-40bea2efa287,,,,,,,,,,,1653,2339,594.9600219726562,842.0399780273438,True,x_min=0.24274432678879648 y_min=1.0 x_max=1.0 y_max=1.0,x_min=0.08737033877797944 y_min=0.4392762719110731 x_max=0.4834253297035693 y_max=0.4489098063274904,,
nutrient,D05,22,3b38902d-9fa2-47c8-815e-334d0e458428,,,,,,,,,,,1653,2339,594.9600219726562,842.0399780273438,True,x_min=0.2432965319586677 y_min=1.0 x_max=1.0 y_max=1.0,x_min=0.08756909255898367 y_min=0.44987097050021374 x_max=0.48303702964307316 y_max=0.4593964732791791,,
nutrient,D05,22,c1230cf9-d846-426b-a1b1-bf7d0c772f41,,,,,,,,,,,1653,2339,594.9600219726562,842.0399780273438,True,x_min=0.24371385411617463 y_min=1.0 x_max=1.0 y_max=1.0,x_min=0.08771929824561403 y_min=0.46034531851218463 x_max=0.4936916333938294 y_max=0.4796921846943138,,
nutrient,D05,22,8f81d5b7-586a-4445-b700-bcd29d3f104e,,,,,,,,,,,1653,2339,594.9600219726562,842.0399780273438,True,x_min=0.24183209742891362 y_min=1.0 x_max=1.0 y_max=1.0,x_min=0.08704200241984271 y_min=0.4808386062419837 x_max=0.4933395220810647 y_max=0.5002146985891406,,
nutrient,D05,22,711df1e2-784b-4be8-b8ba-ac445cc2c4bc,,,,,,,,,,,1653,2339,594.9600219726562,842.0399780273438,True,x_min=0.2426214277749139 y_min=1.0 x_max=1.0 y_max=1.0,x_min=0.08732610405323654 y_min=0.5012457460453186 x_max=0.492932855414398 y_max=0.5207353484395041,,
nutrient,D05,22,cecfe10d-459f-4517-bab8-3c0c328b5a08,,,,,,,,,,,1653,2339,594.9600219726562,842.0399780273438,True,x_min=0.24296348437112894 y_min=1.0 x_max=1.0 y_max=1.0,x_min=0.08744921960072595 y_min=0.5219967079948696 x_max=0.49293820931639437 y_max=0.5422220209491235,,
nutrient,D05,22,19460a7c-63ab-4cf2-bc80-57e3f655b10f,,,,,,,,,,,1653,2339,594.9600219726562,842.0399780273438,True,x_min=0.24151695020376338 y_min=1.0 x_max=1.0 y_max=1.0,x_min=0.08692857229280096 y_min=0.5428540829414279 x_max=0.4440411373260738 y_max=0.551977990594271,,
nutrient,D05,22,637fd2a7-9097-4ff9-8c16-3346eb9e51d7,,,,,,,,,,,1653,2339,594.9600219726562,842.0399780273438,True,x_min=0.24326142035582296 y_min=1.0 x_max=1.0 y_max=1.0,x_min=0.08755645493042952 y_min=0.5528631466438649 x_max=0.4927223956442831 y_max=0.5722127263787944,,
nutrient,D05,22,e109fb3f-0ab9-4ada-be58-2ae3e3cf8ae2,,,,,,,,,,,1653,2339,594.9600219726562,842.0399780273438,True,x_min=0.24335256933726243 y_min=1.0 x_max=1.0 y_max=1.0,x_min=0.0875892619479734 y_min=0.5734935870029927 x_max=0.47731398669086506 y_max=0.5827703565626337,,
nutrient,D05,22,1e0d6949-13b1-4869-b4af-51f0cafc81e2,,,,,,,,,,,1653,2339,594.9600219726562,842.0399780273438,True,x_min=0.24400701667089839 y_min=1.0 x_max=1.0 y_max=1.0,x_min=0.08782481548699335 y_min=0.5835827276613937 x_max=0.4931996854204477 y_max=0.6135011757161181,,
nutrient,D05,22,22765906-8be2-427c-91ca-44c20ad4815e,,,,,,,,,,,1653,2339,594.9600219726562,842.0399780273438,True,x_min=0.24301481555116142 y_min=1.0 x_max=1.0 y_max=1.0,x_min=0.08746769509981851 y_min=0.6141735356990167 x_max=0.4929043557168784 y_max=0.6438709619495511,,
nutrient,D05,22,00cf7388-b6a9-42d4-b45e-86dabd0d91c7,,,,,,,,,,,1653,2339,594.9600219726562,842.0399780273438,True,x_min=0.24223130072195592 y_min=1.0 x_max=1.0 y_max=1.0,x_min=0.08718568663036903 y_min=0.6449663958956818 x_max=0.4924380157289776 y_max=0.6643864831124411,,
nutrient,D05,22,c28adf80-e45a-4ab5-814b-dbf5727e78cb,,,,,,,,,,,1653,2339,594.9600219726562,842.0399780273438,True,x_min=0.24143109569570648 y_min=1.0 x_max=1.0 y_max=1.0,x_min=0.08689767090139142 y_min=0.6659736639589567 x_max=0.4924379915305505 y_max=0.6860566053869174,,
nutrient,D05,22,1fa3f3e4-2d6d-4003-9013-6d15f4d50a33,,,,,,,,,,,1653,2339,594.9600219726562,842.0399780273438,True,x_min=0.24302143784485258 y_min=1.0 x_max=1.0 y_max=1.0,x_min=0.08747007864488808 y_min=0.6866182129115006 x_max=0.40518062915910463 y_max=0.6966137310816589,,
nutrient,D05,22,8d45a1ee-058a-44e4-9034-76393f596a90,,,,,,,,,,,1653,2339,594.9600219726562,842.0399780273438,True,x_min=0.2431001322079541 y_min=1.0 x_max=1.0 y_max=1.0,x_min=0.08749840290381125 y_min=0.6962840530141087 x_max=0.3882844706594071 y_max=0.70591805728944,,
nutrient,D05,22,f68b32f3-acb3-4b49-9d17-0b26e7af085a,,,,,,,,,,,1653,2339,594.9600219726562,842.0399780273438,True,x_min=0.24230431403107874 y_min=1.0 x_max=1.0 y_max=1.0,x_min=0.08721196612220206 y_min=0.7066787088499359 x_max=0.49271868118572293 y_max=0.7263787900812313,,
nutrient,D05,22,5b47cf18-0648-428d-8e55-f3d9079a6649,,,,,,,,,,,1653,2339,594.9600219726562,842.0399780273438,True,x_min=0.24230249878306187 y_min=1.0 x_max=1.0 y_max=1.0,x_min=0.0872113127646703 y_min=0.7271325780247969 x_max=0.49283357531760436 y_max=0.7469209636596835,,
nutrient,D05,22,84a7e0bc-e095-41ad-818d-e8d83d47f532,,,,,,,,,,,1653,2339,594.9600219726562,842.0399780273438,True,x_min=1.0 y_min=0.249620939011015 x_max=1.0 y_max=0.2762973446285053,x_min=0.5164914095583787 y_min=0.08986353569901667 x_max=0.7371563944343618 y_max=0.09946704147071399,,
nutrient,D05,22,98e9ccf6-c2f2-41c8-83bb-82fb7a15f12f,,,,,,,,,,,1653,2339,594.9600219726562,842.0399780273438,True,x_min=1.0 y_min=0.27879246369033656 x_max=1.0 y_max=0.33252578536230437,x_min=0.5161090139140956 y_min=0.100365284309534 x_max=0.9222251300665456 y_max=0.11970927960666951,,
nutrient,D05,22,1fb5103d-abae-4e4a-a599-4843a3766516,,,,,,,,,,,1653,2339,594.9600219726562,842.0399780273438,True,x_min=1.0 y_min=0.33629561230975713 x_max=1.0 y_max=0.3634679053089584,x_min=0.5157064125831822 y_min=0.1210664172723386 x_max=0.8857166969147006 y_max=0.1308484424967935,,
nutrient,D05,22,efd144ba-956c-44cc-850b-4501e134611e,,,,,,,,,,,1653,2339,594.9600219726562,842.0399780273438,True,x_min=1.0 y_min=0.3652659588925269 x_max=1.0 y_max=0.3920031252830624,x_min=0.5156343012704174 y_min=0.13149574176998716 x_max=0.8350380338777978 y_max=0.14112112141941,,
nutrient,D05,22,cb5ff152-df9d-48ac-a7cb-6024a623e8b2,,,,,,,,,,,1653,2339,594.9600219726562,842.0399780273438,True,x_min=1.0 y_min=0.39354663513284993 x_max=1.0 y_max=0.4209220669431094,x_min=0.5157250272232304 y_min=0.1416767849508337 x_max=0.7438429461584998 y_max=0.15153194014536125,,
nutrient,D05,22,332a8fd3-c2b0-46a6-8d52-1bf997573205,,,,,,,,,,,1653,2339,594.9600219726562,842.0399780273438,True,x_min=1.0 y_min=0.4207606993079072 x_max=1.0 y_max=0.4478432198474005,x_min=0.515601996370236 y_min=0.15147384779820436 x_max=0.7766883484573502 y_max=0.1612235549380077,,
nutrient,D05,22,8bb27f5c-9e56-4d3d-9eef-5d559d0e5ff2,,,,,,,,,,,1653,2339,594.9600219726562,842.0399780273438,True,x_min=1.0 y_min=0.4496500877393079 x_max=1.0 y_max=0.47643292060768705,x_min=0.5154985722928009 y_min=0.16187402736212056 x_max=0.862629485783424 y_max=0.1715158469431381,,
nutrient,D05,22,6650e20c-396e-4258-9a88-1cf0a6f0c3d9,,,,,,,,,,,1653,2339,594.9600219726562,842.0399780273438,True,x_min=1.0 y_min=0.4768757309370416 x_max=1.0 y_max=0.5047266282957873,x_min=0.5158278886872353 y_min=0.17167525865754596 x_max=0.8549730792498488 y_max=0.181701581445062,,
nutrient,D05,22,06756f80-c879-4849-8ce5-85d1ea9f1d01,,,,,,,,,,,1653,2339,594.9600219726562,842.0399780273438,True,x_min=1.0 y_min=0.5073925124088656 x_max=1.0 y_max=0.5617310488132669,x_min=0.5158568058076225 y_min=0.1826612997007268 x_max=0.9221627102238356 y_max=0.20222317229585293,,
nutrient,D05,22,66110f31-9ee1-4a4c-aafd-1cbbde398575,,,,,,,,,,,1653,2339,594.9600219726562,842.0399780273438,True,x_min=1.0 y_min=0.5625953545695149 x_max=1.0 y_max=0.6214191435730242,x_min=0.5155966424682396 y_min=0.2025343223599829 x_max=0.9223934119782214 y_max=0.22371088584865328,,
nutrient,D05,22,f37f4de6-0930-49c9-9a06-ea34fe72b9b8,,,,,,,,,,,1653,2339,594.9600219726562,842.0399780273438,True,x_min=1.0 y_min=0.6224175498505615 x_max=1.0 y_max=0.6479051140518222,x_min=0.516139866908651 y_min=0.22407031209918768 x_max=0.8687823956442831 y_max=0.23324583497221035,,
nutrient,D05,22,f896f6d9-ce8b-419a-8743-76c2524cac21,,,,,,,,,,,1653,2339,594.9600219726562,842.0399780273438,True,x_min=1.0 y_min=0.6511429555690232 x_max=1.0 y_max=0.7042421090139064,x_min=0.5166486388384756 y_min=0.23441145788798634 x_max=0.9216987900786449 y_max=0.2535271526293288,,
nutrient,D05,22,e16ba83b-06bf-4fcb-b374-a6799531ddff,,,,,,,,,,,1653,2339,594.9600219726562,842.0399780273438,True,x_min=1.0 y_min=0.7068649654787195 x_max=1.0 y_max=0.7327443103657058,x_min=0.5159933454325469 y_min=0.25447138093202226 x_max=0.8369216575922566 y_max=0.2637879448482257,,
nutrient,D05,22,0bda728e-70e5-453b-a88c-3c2d2f553b18,,,,,,,,,,,1653,2339,594.9600219726562,842.0399780273438,True,x_min=1.0 y_min=0.7359667191239653 x_max=1.0 y_max=0.7624368162471641,x_min=0.5160306110102844 y_min=0.2649480119709277 x_max=0.8374640048396854 y_max=0.27447724668661816,,
nutrient,D05,22,9be655b8-fc40-4cd6-b9c2-5bac5463a670,,,,,,,,,,,1653,2339,594.9600219726562,842.0399780273438,True,x_min=1.0 y_min=0.7647055683846522 x_max=1.0 y_max=0.8200130445321656,x_min=0.5165040532365396 y_min=0.2752939974348012 x_max=0.9227234422262552 y_max=0.2952046883283454,,
nutrient,D05,22,48d6e08d-e808-4c41-9328-b07f0f47bb15,,,,,,,,,,,1653,2339,594.9600219726562,842.0399780273438,True,x_min=1.0 y_min=0.8217483944420634 x_max=1.0 y_max=0.8757829642811246,x_min=0.5160933817301875 y_min=0.2958294142796067 x_max=0.9220690623109498 y_max=0.31528185891406585,,
nutrient,D05,22,03bb76ab-f456-4fec-8b90-cc05a47c176f,,,,,,,,,,,1653,2339,594.9600219726562,842.0399780273438,True,x_min=1.0 y_min=0.8795980705514062 x_max=1.0 y_max=0.9607619841224797,x_min=0.516291833030853 y_min=0.31665529713552804 x_max=0.9226289171203871 y_max=0.34587430525865753,,
nutrient,D05,22,3d9b29ac-0081-4a3c-b4e2-043ff78a12de,,,,,,,,,,,1653,2339,594.9600219726562,842.0399780273438,True,x_min=1.0 y_min=0.9645780737189948 x_max=1.0 y_max=0.9901866879922946,x_min=0.5161448880822747 y_min=0.34724809747755453 x_max=0.7395153962492438 y_max=0.3564671983753741,,
nutrient,D05,22,c9842e7a-b85b-4768-8c7d-6dd5c39acdec,,,,,,,,,,,1653,2339,594.9600219726562,842.0399780273438,True,x_min=1.0 y_min=0.9940145620649141 x_max=1.0 y_max=1.0,x_min=0.5159829764065336 y_min=0.35784523300555793 x_max=0.9227327404718693 y_max=0.3771598460880718,,
nutrient,D05,22,77056262-989f-49ec-aef9-23ee14d069e7,,,,,,,,,,,1653,2339,594.9600219726562,842.0399780273438,True,x_min=1.0 y_min=1.0 x_max=1.0 y_max=1.0,x_min=0.5163689655172414 y_min=0.37839465583582726 x_max=0.9226832425892317 y_max=0.3976058037622916,,
nutrient,D05,22,8191ef14-64e6-4a4f-94a2-de46ac3261c7,,,,,,,,,,,1653,2339,594.9600219726562,842.0399780273438,True,x_min=1.0 y_min=1.0 x_max=1.0 y_max=1.0,x_min=0.5162651542649728 y_min=0.3983771697306541 x_max=0.9225151845130066 y_max=0.4078666096622488,,
nutrient,D05,22,b73a4f98-aa60-4e5a-8861-52b6bde23150,,,,,,,,,,,1653,2339,594.9600219726562,842.0399780273438,True,x_min=1.0 y_min=1.0 x_max=1.0 y_max=1.0,x_min=0.5158059649122807 y_min=0.408689140658401 x_max=0.8858896612220206 y_max=0.4180885549380077,,
nutrient,D05,22,d050990c-43e2-4ec3-8da5-311d6540a224,,,,,,,,,,,1653,2339,594.9600219726562,842.0399780273438,True,x_min=1.0 y_min=1.0 x_max=1.0 y_max=1.0,x_min=0.5153132486388385 y_min=0.4198375374091492 x_max=0.9225843920145191 y_max=0.43908581872595126,,
nutrient,D05,22,580a94e8-95ca-4aef-a44b-e18d2330743b,,,,,,,,,,,1653,2339,594.9600219726562,842.0399780273438,True,x_min=1.0 y_min=1.0 x_max=1.0 y_max=1.0,x_min=0.5150958257713248 y_min=0.4398471996579735 x_max=0.7595061705989111 y_max=0.4489311303976058,,
nutrient,D05,22,6210a390-0ebb-4fe0-956a-357138433ce6,,,,,,,,,,,1653,2339,594.9600219726562,842.0399780273438,True,x_min=1.0 y_min=1.0 x_max=1.0 y_max=1.0,x_min=0.5152648820326678 y_min=0.449745019238991 x_max=0.922497168784029 y_max=0.46954968790081236,,
nutrient,D05,22,632aec8c-016c-4672-8bb2-e226c9ba0b61,,,,,,,,,,,1653,2339,594.9600219726562,842.0399780273438,True,x_min=1.0 y_min=1.0 x_max=1.0 y_max=1.0,x_min=0.5153834845735027 y_min=0.4704976913210773 x_max=0.8290189352692076 y_max=0.4799546177853783,,
nutrient,D05,22,3bb322aa-a9bd-44f2-86ac-16bf3d676e7e,,,,,,,,,,,1653,2339,594.9600219726562,842.0399780273438,True,x_min=1.0 y_min=1.0 x_max=1.0 y_max=1.0,x_min=0.5155630792498488 y_min=0.4810813595553655 x_max=0.9226399879007865 y_max=0.5003264044463446,,
nutrient,D05,22,a94293a5-3a03-45b9-99db-f524d68398d6,,,,,,,,,,,1653,2339,594.9600219726562,842.0399780273438,True,x_min=1.0 y_min=1.0 x_max=1.0 y_max=1.0,x_min=0.5149116757410769 y_min=0.5014771269773407 x_max=0.8913879310344828 y_max=0.5109131778537837,,
nutrient,D05,22,d675ddcd-55b0-40a6-9543-6e28391bb4b7,,,,,,,,,,,1653,2339,594.9600219726562,842.0399780273438,True,x_min=1.0 y_min=1.0 x_max=1.0 y_max=1.0,x_min=0.5149276164549305 y_min=0.51120290722531 x_max=0.9142045069570478 y_max=0.5213028033347585,,
nutrient,D05,22,4e3de30a-fe4c-49f2-9765-34f65593a8c4,,,,,,,,,,,1653,2339,594.9600219726562,842.0399780273438,True,x_min=1.0 y_min=1.0 x_max=1.0 y_max=1.0,x_min=0.5152322807017543 y_min=0.5218946985891407 x_max=0.8971936237144585 y_max=0.531379702864472,,
nutrient,D05,22,adc2a9f2-3fe2-4db3-a9a7-aaaaa3ae1996,,,,,,,,,,,1653,2339,594.9600219726562,842.0399780273438,True,x_min=1.0 y_min=1.0 x_max=1.0 y_max=1.0,x_min=0.5157970659407138 y_min=0.5324731081658829 x_max=0.9222259225650333 y_max=0.5623673407439077,,
nutrient,D05,22,3e67f682-bded-4ff2-aa83-1642748ce947,,,,,,,,,,,1653,2339,594.9600219726562,842.0399780273438,True,x_min=1.0 y_min=1.0 x_max=1.0 y_max=1.0,x_min=0.515636333938294 y_min=0.5631004275331337 x_max=0.8693944404113734 y_max=0.5726258785805899,,
nutrient,D05,22,5b84fdf2-1ef1-404f-9f62-9c185322639d,,,,,,,,,,,1653,2339,594.9600219726562,842.0399780273438,True,x_min=1.0 y_min=1.0 x_max=1.0 y_max=1.0,x_min=0.5152853599516032 y_min=0.5737494655835828 x_max=0.9218369630973986 y_max=0.5928404489097905,,
nutrient,D05,22,5be96a0b-eace-4a64-aba6-a10a175fa1c5,,,,,,,,,,,1653,2339,594.9600219726562,842.0399780273438,True,x_min=1.0 y_min=1.0 x_max=1.0 y_max=1.0,x_min=0.5156609981851179 y_min=0.593834373663959 x_max=0.9220110284331519 y_max=0.6234104617357845,,
nutrient,D05,22,cc052eee-b4a1-45b8-b94d-b6a1ad36b1da,,,,,,,,,,,1653,2339,594.9600219726562,842.0399780273438,True,x_min=1.0 y_min=1.0 x_max=1.0 y_max=1.0,x_min=0.5151358741681791 y_min=0.6247979050876443 x_max=0.9222670598911071 y_max=0.6543175758871312,,
nutrient,D05,22,97baf844-7799-48e5-b7e5-8a42d2866864,,,,,,,,,,,1653,2339,594.9600219726562,842.0399780273438,True,x_min=1.0 y_min=1.0 x_max=1.0 y_max=1.0,x_min=0.5151202056866304 y_min=0.6556788371098761 x_max=0.8563739685420448 y_max=0.6649059226165028,,
nutrient,D05,22,2e28aa52-db6e-4914-b883-883f2ae32821,,,,,,,,,,,1653,2339,594.9600219726562,842.0399780273438,True,x_min=1.0 y_min=1.0 x_max=1.0 y_max=1.0,x_min=0.5155662189957653 y_min=0.6658383069687901 x_max=0.9226118572292802 y_max=0.69493790722531,,
nutrient,D05,22,40321865-f216-4659-aeb5-5917e9eacdd8,,,,,,,,,,,1653,2339,594.9600219726562,842.0399780273438,True,x_min=1.0 y_min=1.0 x_max=1.0 y_max=1.0,x_min=0.5154733514821537 y_min=0.6964269345874305 x_max=0.7834240774349668 y_max=0.7058571923899103,,
nutrient,D05,22,240fac6d-c3a5-4e6e-878c-53143b8997bc,,,,,,,,,,,1653,2339,594.9600219726562,842.0399780273438,True,x_min=1.0 y_min=1.0 x_max=1.0 y_max=1.0,x_min=0.5155158136721113 y_min=0.7065979050876443 x_max=0.8472009921355113 y_max=0.7163053390337751,,
nutrient,D05,22,c20c4767-1dc7-41c6-83fb-dae15bb8bc92,,,,,,,,,,,1653,2339,594.9600219726562,842.0399780273438,True,x_min=1.0 y_min=1.0 x_max=1.0 y_max=1.0,x_min=0.5154595281306715 y_min=0.7167050876442924 x_max=0.921932667876588 y_max=0.7370022650705429,,
nutrient,D05,22,ccca409d-b2ea-403a-a806-ea051f1b94f7,,,,,,,,,,,1653,2339,594.9600219726562,842.0399780273438,True,x_min=0.37485054753855346 y_min=1.0 x_max=1.0 y_max=1.0,x_min=0.13491898971566849 y_min=0.7592898674647285 x_max=0.47783318209316394 y_max=0.7796433048311244,,
nutrient,D05,22,6da8e719-7786-4594-8041-f402d0ce7e9b,,,,,,,,,,,1653,2339,594.9600219726562,842.0399780273438,True,x_min=0.3746086657403062 y_min=1.0 x_max=1.0 y_max=1.0,x_min=0.1348319298245614 y_min=0.7823030354852502 x_max=0.5159382819116758 y_max=0.8144506370243695,,
nutrient,D05,22,5876d62b-aa24-4ef7-a7c3-498db13b7202,,,,,,,,,,,1653,2339,594.9600219726562,842.0399780273438,True,x_min=0.3741833430452434 y_min=1.0 x_max=1.0 y_max=1.0,x_min=0.13467884452510587 y_min=0.8271245404018811 x_max=0.8753614216575922 y_max=0.8812576870457459,,
nutrient,D05,22,a0e30572-e8e3-4b70-9c65-27938d8ece06,,,,,,,,,,,1653,2339,594.9600219726562,842.0399780273438,True,x_min=0.3750610322692498 y_min=1.0 x_max=1.0 y_max=1.0,x_min=0.13499474894131883 y_min=0.8941439931594698 x_max=0.4143980762250453 y_max=0.9256287387772552,,
nutrient,D05,22,2e78e3c1-d28f-4b22-9aae-7857b93a9d20,,,,,,,,,,,1653,2339,594.9600219726562,842.0399780273438,True,x_min=1.0 y_min=1.0 x_max=1.0 y_max=1.0,x_min=0.6152688263762855 y_min=0.9053835399743481 x_max=0.8749611554748942 y_max=0.9256092176143652,,
adobe_extract,D01,4,,,,,30,,,,,,,,,,,,,,//Document/Table,True
adobe_extract,D01,7,,,,,6,,,,,,,,,,,,,,//Document/Table[2],False
adobe_extract,D01,8,,,,,40,,,,,,,,,,,,,,//Document/Table[3],False
adobe_extract,D01,10,,,,,56,,,,,,,,,,,,,,//Document/Table[4],False
adobe_extract,D01,11,,,,,56,,,,,,,,,,,,,,//Document/Table[5],False
adobe_extract,D01,12,,,,,28,,,,,,,,,,,,,,//Document/Table[6],False
adobe_extract,D01,13,,,,,28,,,,,,,,,,,,,,//Document/Table[7],False
adobe_extract,D01,14,,,,,30,,,,,,,,,,,,,,//Document/Table[8],False
adobe_extract,D01,29,,,,,21,,,,,,,,,,,,,,//Document/Table[9],False
adobe_extract,D01,32,,,,,63,,,,,,,,,,,,,,//Document/Table[10],False
adobe_extract,D01,32,,,,,24,,,,,,,,,,,,,,//Document/Table[11],False
adobe_extract,D02,2,,,,,25,,,,,,,,,,,,,,//Document/Table,True
adobe_extract,D02,2,,,,,36,,,,,,,,,,,,,,//Document/Table[2],False
adobe_extract,D02,3,,,,,8,,,,,,,,,,,,,,//Document/Table[3],False
adobe_extract,D02,4,,,,,8,,,,,,,,,,,,,,//Document/Table[4],False
adobe_extract,D02,5,,,,,35,,,,,,,,,,,,,,//Document/Table[5],False
adobe_extract,D02,5,,,,,10,,,,,,,,,,,,,,//Document/Table[6],False
adobe_extract,D02,6,,,,,28,,,,,,,,,,,,,,//Document/Table[7],False
adobe_extract,D02,6,,,,,20,,,,,,,,,,,,,,//Document/Table[8],False
adobe_extract,D02,6,,,,,6,,,,,,,,,,,,,,//Document/Table[9],False
adobe_extract,D03,6,,,,,55,,,,,,,,,,,,,,//Document/Table,True
adobe_extract,D03,10,,,,,24,,,,,,,,,,,,,,//Document/Table[2],False
adobe_extract,D04,3,,,,,12,,,,,,,,,,,,,,//Document/Table,True
adobe_extract,D04,4,,,,,12,,,,,,,,,,,,,,//Document/Table[2],False
adobe_extract,D04,5,,,,,21,,,,,,,,,,,,,,//Document/L[2]/LI/LBody/Table,True
adobe_extract,D04,5,,,,,28,,,,,,,,,,,,,,//Document/Table[3],False
adobe_extract,D04,8,,,,,156,,,,,,,,,,,,,,//Document/Table[4],False
adobe_extract,D04,9,,,,,156,,,,,,,,,,,,,,//Document/Table[5],False
adobe_extract,D04,11,,,,,40,,,,,,,,,,,,,,//Document/Table[6],False
