tool,document_id,object_id,page,method,reference_chars,prediction_chars,baseline_score,spatial_blocks,reference_text,compared_text,spatial_aggregate_text
pymupdf,D01,TXT_001,15,bbox_iou,2010,939,49.2466643145808,3,"Измерение 
электрических 
сопротивлений 
представляет 
весьма 
развитую область измерительной техники как в отношении методов 
измерений, так и используемой аппаратуры. Измерение сопротивлений 
является обязательной процедурой при всех видах испытаний и 
исследований 
электротехнического 
и 
электронного 
оборудования. 
Широко используются разнообразные приемы измерения сопротивления в 
медицинских исследованиях, для клинических анализов,  в биологии, 
агротехнике и экологическом мониторинге, где чаще всего приходится 
измерять электропроводность растворов, почвы, крови, кожного покрова. 
К измерению сопротивления сводятся многие задачи измерения таких 
физических величин, как деформация,  ускорение, давление, сила, 
температура и многих других. 
Электрическое 
сопротивление 
представляет 
собой 
пассивную 
физическую величину, которая в отличие от тока или напряжения не 
является носителем энергии. Напротив, электрическое сопротивление, как 
свойство тел, веществ, растворов проявляет себя только при прохождении 
через него тока, и о значении этого сопротивления мы можем судить по 
напряжению, которое на нем падает. При выборе силы этого тока следует 
иметь в виду, что сопротивление нагревается, а значит в связи с этим его 
значение изменяется. Может даже оказаться, что при слишком большом 
токе измеряемое сопротивление может разрушиться. В тех случаях, когда 
измерению подлежит электропроводность биологических растворов и 
смесей, крови, лимфатической жидкости, проб жидких промышленных 
выбросов и других подобных веществ, проходящий через них ток 
вызывает электролиз, и состав исследуемых объектов меняется. Поэтому 
измерения сопротивления этих веществ выполняются на переменном токе. 
В результате взаимодействия между средством измерений и объектом 
измерений возникает погрешность, которая является методической. Для  
того, чтобы предохранить объект от разрушения и снизить методическую 
погрешность, необходимо ограничивать ток через объект до минимально 
возможного значения.","Электрическое сопротивление представляет собой пассивную физическую величину, которая в отличие от тока или напряжения не является носителем энергии. Напротив, электрическое сопротивление, как свойство тел, веществ, растворов проявляет себя только при прохождении через него тока, и о значении этого сопротивления мы можем судить по напряжению, которое на нем падает. При выборе силы этого тока следует иметь в виду, что сопротивление нагревается, а значит в связи с этим его значение изменяется. Может даже оказаться, что при слишком большом токе измеряемое сопротивление может разрушиться. В тех случаях, когда измерению подлежит электропроводность биологических растворов и смесей, крови, лимфатической жидкости, проб жидких промышленных выбросов и других подобных веществ, проходящий через них ток вызывает электролиз, и состав исследуемых объектов меняется. Поэтому измерения сопротивления этих веществ выполняются на переменном токе.","Измерение электрических сопротивлений представляет весьма развитую область измерительной техники как в отношении методов измерений, так и используемой аппаратуры. Измерение сопротивлений является обязательной процедурой при всех видах испытаний и исследований электротехнического и электронного оборудования. Широко используются разнообразные приемы измерения сопротивления в медицинских исследованиях, для клинических анализов, в биологии, агротехнике и экологическом мониторинге, где чаще всего приходится измерять электропроводность растворов, почвы, крови, кожного покрова. К измерению сопротивления сводятся многие задачи измерения таких физических величин, как деформация, ускорение, давление, сила, температура и многих других. Электрическое сопротивление представляет собой пассивную физическую величину, которая в отличие от тока или напряжения не является носителем энергии. Напротив, электрическое сопротивление, как свойство тел, веществ, растворов проявляет себя только при прохождении через него тока, и о значении этого сопротивления мы можем судить по напряжению, которое на нем падает. При выборе силы этого тока следует иметь в виду, что сопротивление нагревается, а значит в связи с этим его значение изменяется. Может даже оказаться, что при слишком большом токе измеряемое сопротивление может разрушиться. В тех случаях, когда измерению подлежит электропроводность биологических растворов и смесей, крови, лимфатической жидкости, проб жидких промышленных выбросов и других подобных веществ, проходящий через них ток вызывает электролиз, и состав исследуемых объектов меняется. Поэтому измерения сопротивления этих веществ выполняются на переменном токе. В результате взаимодействия между средством измерений и объектом измерений возникает погрешность, которая является методической . Для того, чтобы предохранить объект от разрушения и снизить методическую погрешность, необходимо ограничивать ток через объект до минимально возможного значения."
pymupdf,D01,TXT_002,27,bbox_iou,755,413,45.47260172260174,3,"Измеряемое  напряжение подают на  входные зажимы ""С"" – сигнал, 
высокопотенциальный зажим (красного цвета) и ""0"" - нуль, низкопотенци-
альный зажим (белого цвета). Зажим  защитного экрана ""Э""  используют 
при измерении малых токов и напряжений с  целью защиты от продольной 
помехи (помехи общего вида). Контакт К для присоединения к корпусу 
прибора находится на его задней панели, он обозначен символом  “⊥“. 
Если измеряемое напряжение передается по экранированной паре 
проводов и нигде низкопотенциальный провод не соединен с экраном, 
этот зажим “Э” соединяется с низкопотенциальным зажимом “0”. 
Основная 
относительная 
инструментальная 
погрешность 
прибора 
нормирована двучленной формулой: 
  
 
 
[
]
γ В
K
X
U
U
=
+
−
0 04
0 02
1
,
,
(
/
) %.","Измеряемое напряжение подают на входные зажимы "" С "" – сигнал, высокопотенциальный зажим ( красного цвета ) и "" 0 "" - нуль, низкопотенци- альный зажим ( белого цвета ) . Зажим защитного экрана "" Э "" используют при измерении малых токов и напряжений с целью защиты от продольной помехи (помехи общего вида). Контакт К для присоединения к корпусу прибора находится на его задней панели, он обозначен символом "" ⊥ "".","Измеряемое напряжение подают на входные зажимы "" С "" – сигнал, высокопотенциальный зажим ( красного цвета ) и "" 0 "" - нуль, низкопотенци- альный зажим ( белого цвета ) . Зажим защитного экрана "" Э "" используют при измерении малых токов и напряжений с целью защиты от продольной помехи (помехи общего вида). Контакт К для присоединения к корпусу прибора находится на его задней панели, он обозначен символом "" ⊥ "". Если измеряемое напряжение передается по экранированной паре проводов и нигде низкопотенциальный провод не соединен с экраном, этот зажим "" Э "" соединяется с низкопотенциальным зажимом "" 0 "". Основная относительная инструментальная погрешность прибора нормирована двучленной формулой: [ ] γ В K X U U = + − 0 04 0 02 1 , , ( / ) % ."
pymupdf,D02,TXT_003,3,bbox_iou,2356,1088,39.51229711312106,3,"Методика получения магнитных наноча-
стиц Fe3O4. Наноразмерные частицы Fe3O4 по-
лучали путем химического осаждения по моди-
фицированной методике Массара [4]. К 40 мл 
0,5 М водного раствора аммиака постепенно до-
бавляли смесь растворов FeCl3·6H2O (1,0 мл 1 M 
раствора в 2 M HCl) и FeSO4·(NH4)2SO4·6H2O 
(1,0 мл 0,5 M раствора). После чего полученную 
суспензию перемешивали в течение 30 мин на 
электромеханическом шейкере при комнатной 
температуре. Концентрация Fe3O4 составила 
2,75 мг/мл, средний диаметр частиц 16 нм.
Определение железа в образцах магнитных 
сорбентов. Магнитный сорбент (0,07 г) обра-
батывали 5,0 мл 0,5 М раствора HCl в течение 
24 ч. Далее проводили спектрофотометрическое 
определение содержания общего железа по ме-
тодике [5]. Для этого 4 мл полученного раствора 
помещали в мерную колбу объемом 25 мл и раз-
бавляли до метки дистиллированной водой, алик-
вотную часть полученного раствора (5–10 мл) 
вносили в мерную колбу емкостью 25 мл и далее 
проводили определение общего содержания же-
леза по методике построения градуировочного 
графика.
Методика построения градуировочного гра-
фика. В мерные колбы емкостью 25 мл вноси-
ли стандартный раствор Fe(III), 2,5 мл 10%-го 
раствора сульфосалициловой кислоты, 2,5 мл 
10%-го раствора аммиака и доводили до метки 
дистиллированной водой. Тщательно перемеши-
вали и оставляли на 5 мин для развития окраски. 
Оптическую плотность полученного раствора 
измеряли при длине волны λ = 416 нм (l = 1 см). 
Диапазон линейности градуировочного графика 
составлял 1–10 мкг/мл.
Методика проведения сорбции азокрасите-
лей ЖСЗ, ТАРТ, П-4R. В 10,0 мл водного рас-
твора, полученного смешением 1,0 мл раствора 
красителя (0,1 г/мл), 0,5 мл 9,2·10–3 М раствора 
ЦТАБ, помещали 0,07 г сорбента, предваритель-
но обработанного этанолом (3×50 мкл). Сорбент 
перемешивали на шейкере до установления 
сорбционного равновесия, после чего отделяли от 
раствора фильтрованием или магнитной сепараци-
ей (в случае магнитных сорбентов), высушивали 
на воздухе и регистрировали спектры диффузного 
отражения. Содержание красителя в водной фазе 
определяли по градуировочным зависимостям при 
максимальной длине волны поглощения (λТАР = 
426 нм, λЖСЗ = 480 нм, λП-4R = 506 нм). Содержание 
красителя на сорбенте рассчитывали по разности 
значений исходной и равновесной концентрации 
в водной фазе.","Методика получения магнитных наноча- стиц Fe 3 O 4 . Наноразмерные частицы Fe 3 O 4 по- лучали путем химического осаждения по моди- фицированной методике Массара [4]. К 40 мл 0,5 М водного раствора аммиака постепенно до- бавляли смесь растворов FeCl 3 ·6H 2 O (1,0 мл 1 M раствора в 2 M HCl) и FeSO 4 ·(NH 4 ) 2 SO 4 ·6H 2 O (1,0 мл 0,5 M раствора). После чего полученную суспензию перемешивали в течение 30 мин на электромеханическом шейкере при комнатной температуре. Концентрация Fe 3 O 4 составила 2,75 мг/мл, средний диаметр частиц 16 нм. Определение железа в образцах магнитных сорбентов. Магнитный сорбент (0,07 г) обра- батывали 5,0 мл 0,5 М раствора HCl в течение 24 ч. Далее проводили спектрофотометрическое определение содержания общего железа по ме- тодике [5]. Для этого 4 мл полученного раствора помещали в мерную колбу объемом 25 мл и раз- бавляли до метки дистиллированной водой, алик- вотную часть полученного раствора (5–10 мл) вносили в мерную колбу емкостью 25 мл и далее проводили определение общего содержания же- леза по методике построения градуировочного графика.","Методика получения магнитных наноча- стиц Fe 3 O 4 . Наноразмерные частицы Fe 3 O 4 по- лучали путем химического осаждения по моди- фицированной методике Массара [4]. К 40 мл 0,5 М водного раствора аммиака постепенно до- бавляли смесь растворов FeCl 3 ·6H 2 O (1,0 мл 1 M раствора в 2 M HCl) и FeSO 4 ·(NH 4 ) 2 SO 4 ·6H 2 O (1,0 мл 0,5 M раствора). После чего полученную суспензию перемешивали в течение 30 мин на электромеханическом шейкере при комнатной температуре. Концентрация Fe 3 O 4 составила 2,75 мг/мл, средний диаметр частиц 16 нм. Определение железа в образцах магнитных сорбентов. Магнитный сорбент (0,07 г) обра- батывали 5,0 мл 0,5 М раствора HCl в течение 24 ч. Далее проводили спектрофотометрическое определение содержания общего железа по ме- тодике [5]. Для этого 4 мл полученного раствора помещали в мерную колбу объемом 25 мл и раз- бавляли до метки дистиллированной водой, алик- вотную часть полученного раствора (5–10 мл) вносили в мерную колбу емкостью 25 мл и далее проводили определение общего содержания же- леза по методике построения градуировочного графика. Методика построения градуировочного гра- фика. В мерные колбы емкостью 25 мл вноси- ли стандартный раствор Fe(III), 2,5 мл 10%-го раствора сульфосалициловой кислоты, 2,5 мл 10%-го раствора аммиака и доводили до метки дистиллированной водой. Тщательно перемеши- вали и оставляли на 5 мин для развития окраски. Оптическую плотность полученного раствора измеряли при длине волны λ = 416 нм ( l = 1 см). Диапазон линейности градуировочного графика составлял 1–10 мкг/мл. Методика проведения сорбции азокрасите- лей ЖСЗ, ТАРТ, П-4R. В 10,0 мл водного рас- твора, полученного смешением 1,0 мл раствора красителя (0,1 г/мл), 0,5 мл 9,2·10 –3 М раствора ЦТАБ, помещали 0,07 г сорбента, предваритель- но обработанного этанолом (3×50 мкл). Сорбент перемешивали на шейкере до установления сорбционного равновесия, после чего отделяли от раствора фильтрованием или магнитной сепараци- ей (в случае магнитных сорбентов), высушивали на воздухе и регистрировали спектры диффузного отражения. Содержание красителя в водной фазе определяли по градуировочным зависимостям при максимальной длине волны поглощения (λ ТАР = 426 нм, λ ЖСЗ = 480 нм, λ П-4R = 506 нм). Содержание красителя на сорбенте рассчитывали по разности значений исходной и равновесной концентрации в водной фазе."
pymupdf,D02,TXT_004,5,bbox_iou,727,417,56.61366372391654,2,"Десорбция пищевых анионных красителей. 
Установлено, что десорбция красителя ЖСЗ (аце-
тонитрил, изопропропанол, метанол и этанол) 
наиболее эффективна при использовании метано-
ла и этанола. В качестве десорбирующего агента 
выбран этанол ввиду его большей безопасности 
использования (табл. 6). В отличие от сорбции, 
десорбция в случае магнитных сорбентов прохо-
дит более эффективно по сравнению с исходными 
(табл. 7).
Сорбция 2,4-динитрофенола. Модифицирова-
ние магнетитом приводит к уменьшению эффек-
тивности сорбции больших по размеру молекул 
ионных ассоциатов красителей. Для молекул не-
большого размера влияние модифицирования 
на сорбционные свойства может быть незначи-
тельным. Для проверки этого предположения","Десорбция пищевых анионных красителей. Установлено, что десорбция красителя ЖСЗ (аце- тонитрил, изопропропанол, метанол и этанол) наиболее эффективна при использовании метано- ла и этанола. В качестве десорбирующего агента выбран этанол ввиду его большей безопасности использования (табл. 6). В отличие от сорбции, десорбция в случае магнитных сорбентов прохо- дит более эффективно по сравнению с исходными (табл. 7).","Десорбция пищевых анионных красителей. Установлено, что десорбция красителя ЖСЗ (аце- тонитрил, изопропропанол, метанол и этанол) наиболее эффективна при использовании метано- ла и этанола. В качестве десорбирующего агента выбран этанол ввиду его большей безопасности использования (табл. 6). В отличие от сорбции, десорбция в случае магнитных сорбентов прохо- дит более эффективно по сравнению с исходными (табл. 7). Сорбция 2,4-динитрофенола. Модифицирова- ние магнетитом приводит к уменьшению эффек- тивности сорбции больших по размеру молекул ионных ассоциатов красителей. Для молекул не- большого размера влияние модифицирования на сорбционные свойства может быть незначи- тельным. Для проверки этого предположения"
pymupdf,D03,TXT_005,2,bbox_iou,1569,1569,100.0,1,"Рост популярности онлайн-платформ, позволяющих пользователям общаться друг с другом, делиться мнениями
о различных событиях, оставлять комментарии, подтолкнул к развитию алгоритмов обработки естественного
языка. Десятки миллионов сообщений в день, которые публикуют пользователи отдельно взятой социальной
сети, необходимо анализировать в режиме реального времени или близко к тому с целью модерации, чтобы
не допустить распространение различной противозаконной или оскорбительной информации, угроз и других
видов токсичных комментариев. Разумеется такой большой объем информации может быть обработан достаточно
быстро только автоматически. Возникает необходимость научить компьютер «понимать» текст, написанный
человеком, что является нетривиальной задачей, пусть даже под «пониманием» текста подразумевается лишь его
классификация. Бурное развитие технологий машинного обучения обусловило повсеместное внедрение новых
алгоритмов. Многие задачи, в том числе и задачи обработки естественного языка, которые долгие годы считалось
практически невозможно решить, сейчас вполне успешно решаются с использованием технологий глубокого
обучения. В данной статье будут рассмотрены алгоритмы, построенные с использованием технологий глубокого
обучения и нейронных сетей, позволяющие успешно решать задачу распознавания и классификации токсичных
комментариев. Помимо этого, в статье будут приведены результаты тестирования как разработанных алгоритмов,
так и ансамбля данных алгоритмов на большой обучающей выборке, собранной и размеченной специалистами
компаний Google и Jigsaw.","Рост популярности онлайн-платформ, позволяющих пользователям общаться друг с другом, делиться мнениями о различных событиях, оставлять комментарии, подтолкнул к развитию алгоритмов обработки естественного языка. Десятки миллионов сообщений в день, которые публикуют пользователи отдельно взятой социальной сети, необходимо анализировать в режиме реального времени или близко к тому с целью модерации, чтобы не допустить распространение различной противозаконной или оскорбительной информации, угроз и других видов токсичных комментариев. Разумеется такой большой объем информации может быть обработан достаточно быстро только автоматически. Возникает необходимость научить компьютер ""понимать"" текст, написанный человеком, что является нетривиальной задачей, пусть даже под ""пониманием"" текста подразумевается лишь его классификация. Бурное развитие технологий машинного обучения обусловило повсеместное внедрение новых алгоритмов. Многие задачи, в том числе и задачи обработки естественного языка, которые долгие годы считалось практически невозможно решить, сейчас вполне успешно решаются с использованием технологий глубокого обучения. В данной статье будут рассмотрены алгоритмы, построенные с использованием технологий глубокого обучения и нейронных сетей, позволяющие успешно решать задачу распознавания и классификации токсичных комментариев. Помимо этого, в статье будут приведены результаты тестирования как разработанных алгоритмов, так и ансамбля данных алгоритмов на большой обучающей выборке, собранной и размеченной специалистами компаний Google и Jigsaw.","Рост популярности онлайн-платформ, позволяющих пользователям общаться друг с другом, делиться мнениями о различных событиях, оставлять комментарии, подтолкнул к развитию алгоритмов обработки естественного языка. Десятки миллионов сообщений в день, которые публикуют пользователи отдельно взятой социальной сети, необходимо анализировать в режиме реального времени или близко к тому с целью модерации, чтобы не допустить распространение различной противозаконной или оскорбительной информации, угроз и других видов токсичных комментариев. Разумеется такой большой объем информации может быть обработан достаточно быстро только автоматически. Возникает необходимость научить компьютер ""понимать"" текст, написанный человеком, что является нетривиальной задачей, пусть даже под ""пониманием"" текста подразумевается лишь его классификация. Бурное развитие технологий машинного обучения обусловило повсеместное внедрение новых алгоритмов. Многие задачи, в том числе и задачи обработки естественного языка, которые долгие годы считалось практически невозможно решить, сейчас вполне успешно решаются с использованием технологий глубокого обучения. В данной статье будут рассмотрены алгоритмы, построенные с использованием технологий глубокого обучения и нейронных сетей, позволяющие успешно решать задачу распознавания и классификации токсичных комментариев. Помимо этого, в статье будут приведены результаты тестирования как разработанных алгоритмов, так и ансамбля данных алгоритмов на большой обучающей выборке, собранной и размеченной специалистами компаний Google и Jigsaw."
pymupdf,D03,TXT_006,7,bbox_iou,748,748,100.0,1,"1. Приведение текста к нижнему регистру.
2. Удаление кусков html-кода, которые присутствуют в некоторых комментариях.
3. Преобразование подстроки вида «w h a t a n i c e d a y» к «what a nice day». Данный вид
искажения текста часто используется для маскировки нецензурных слов.
4. Удаление ссылок, ip-адресов.
5. Удаление чисел и цифр.
6. Удаление всей пунктуации, кроме «’», «.», «!», «?». При этом также удалялись дублирующиеся
знаки, то есть подстрока вида «!!!!!» приводилась к «!».
7. Замена знаков окончания предложения на специальные токены. «!» заменялся на « exclmrk
», «?» — на « qstmrk », «.» — на « eosmkr ». Это было сделано для того, чтобы не потерять
информацию об этих знаках на этапе трансформации текста в векторное представление.","1. Приведение текста к нижнему регистру. 2. Удаление кусков html-кода, которые присутствуют в некоторых комментариях. 3. Преобразование подстроки вида ""w h a t a n i c e d a y"" к ""what a nice day"". Данный вид искажения текста часто используется для маскировки нецензурных слов. 4. Удаление ссылок, ip-адресов. 5. Удаление чисел и цифр. 6. Удаление всей пунктуации, кроме ""'"", ""."", ""!"", ""?"". При этом также удалялись дублирующиеся знаки, то есть подстрока вида ""!!!!!"" приводилась к ""!"". 7. Замена знаков окончания предложения на специальные токены. ""!"" заменялся на "" exclmrk "", ""?"" — на "" qstmrk "", ""."" — на "" eosmkr "". Это было сделано для того, чтобы не потерять информацию об этих знаках на этапе трансформации текста в векторное представление.","1. Приведение текста к нижнему регистру. 2. Удаление кусков html-кода, которые присутствуют в некоторых комментариях. 3. Преобразование подстроки вида ""w h a t a n i c e d a y"" к ""what a nice day"". Данный вид искажения текста часто используется для маскировки нецензурных слов. 4. Удаление ссылок, ip-адресов. 5. Удаление чисел и цифр. 6. Удаление всей пунктуации, кроме ""'"", ""."", ""!"", ""?"". При этом также удалялись дублирующиеся знаки, то есть подстрока вида ""!!!!!"" приводилась к ""!"". 7. Замена знаков окончания предложения на специальные токены. ""!"" заменялся на "" exclmrk "", ""?"" — на "" qstmrk "", ""."" — на "" eosmkr "". Это было сделано для того, чтобы не потерять информацию об этих знаках на этапе трансформации текста в векторное представление."
pymupdf,D04,TXT_007,7,bbox_iou,2215,586,21.51055740213779,9,"В качестве множества для обучения нейронной сети на основе точных ре-
шений было сформировано 1000 примеров (данное множество будем именовать
обучающим). Для тестирования было сформировано отдельное множество из
500 примеров, не имеющее пересечений с обучающим (далее тестовым). Для ис-
следования влияния шума на результат прогноза в указанные множества искус-
ственно был привнесен шум в размере не более 5 % (далее обучающее+5 % шум,
тестовое + 5 % шум). Для нейронных сетей, соответствующих N = 40, обучаю-
щее множество состояло из 3000 примеров, тестовое — из 1000.
Поясним подробнее, как формировались примеры для обучения и тестиро-
вания. Для построения точных решений прямой задачи (5) воспользуемся фор-
мулой (6). Эти точные решения, соответствующие заданным значениям α и λ,
будут использоваться при обучении.
Алгоритм построения примеров для обучения нейронной сети (для задан-
ного значения N) состоит из следующих шагов.
Шаг 1. Выберем случайным образом с равномерным распределением в ин-
тервале (0, 1) параметры α и λ.
Шаг 2.
Аналогичным образом выберем некоторое количество коэффи-
циентов Cn из интервала (−10, 10) (значения нижнего индекса n не обязательно
выбирать последовательными).
Шаг 3. Подставив выбранные значения в (6), получим функцию u(x, t),
состоящую из конечного числа слагаемых и удовлетворяющую системе (5).
Шаг 4. Для получения входных данных для обратной задачи достаточно
выбрать координату точки измерения x0 ∈(0, 1) и вычислить значения ui =
u(x0, ti) = u(x0, i/N).
Выполнив последовательно шаги 1–4, получим пример для обучения или
тестирования нейронной сети, основанный на точном решении дифференциаль-
ной задачи.
Для формирования зашумленных данных ˜ui во входные данные для нейрон-
ной сети на шаге 4 вносился аддитивный шум: к точному решению ui добавля-
лась некоторая случайная ошибка ξi (˜ui = ui + ξi), равномерно распределенная
на симметричном относительно нуля интервале [−Emaxui, Emaxui].
Значение
определяет максимальный уровень вносимой ошибки. Эти данные необходи-
мы для понимания того, насколько нейронная сеть восприимчива к шуму во
входных данных. Физически он соответствует ошибке измерения функции кон-
центрации вещества в заданной точке наблюдения.","В качестве множества для обучения нейронной сети на основе точных ре - шений было сформировано 1000 примеров ( данное множество будем именовать обучающим ). Для тестирования было сформировано отдельное множество из 500 примеров , не имеющее пересечений с обучающим ( далее тестовым ). Для ис - следования влияния шума на результат прогноза в указанные множества искус - ственно был привнесен шум в размере не более 5 % ( далее обучающее +5 % шум , тестовое + 5 % шум ). Для нейронных сетей , соответствующих N = 40, обучаю - щее множество состояло из 3000 примеров , тестовое — из 1000.","В качестве множества для обучения нейронной сети на основе точных ре - шений было сформировано 1000 примеров ( данное множество будем именовать обучающим ). Для тестирования было сформировано отдельное множество из 500 примеров , не имеющее пересечений с обучающим ( далее тестовым ). Для ис - следования влияния шума на результат прогноза в указанные множества искус - ственно был привнесен шум в размере не более 5 % ( далее обучающее +5 % шум , тестовое + 5 % шум ). Для нейронных сетей , соответствующих N = 40, обучаю - щее множество состояло из 3000 примеров , тестовое — из 1000. Поясним подробнее , как формировались примеры для обучения и тестиро - вания . Для построения точных решений прямой задачи (5) воспользуемся фор - мулой (6). Эти точные решения , соответствующие заданным значениям α и λ , будут использоваться при обучении . Алгоритм построения примеров для обучения нейронной сети ( для задан - ного значения N ) состоит из следующих шагов . Шаг 1 . Выберем случайным образом с равномерным распределением в ин - тервале (0 , 1) параметры α и λ . Шаг 2 . Аналогичным образом выберем некоторое количество коэффи - циентов C n из интервала ( − 10 , 10) ( значения нижнего индекса n не обязательно выбирать последовательными ). Шаг 3 . Подставив выбранные значения в (6), получим функцию u ( x, t ), состоящую из конечного числа слагаемых и удовлетворяющую системе (5). Шаг 4 . Для получения входных данных для обратной задачи достаточно выбрать координату точки измерения x 0 ∈ (0 , 1) и вычислить значения u i = u ( x 0 , t i ) = u ( x 0 , i/N ). Выполнив последовательно шаги 1–4, получим пример для обучения или тестирования нейронной сети , основанный на точном решении дифференциаль - ной задачи . Для формирования зашумленных данных ˜ u i во входные данные для нейрон - ной сети на шаге 4 вносился аддитивный шум : к точному решению u i добавля - лась некоторая случайная ошибка ξ i (˜ u i = u i + ξ i ), равномерно распределенная на симметричном относительно нуля интервале [ − E max u i , E max u i ]. Значение определяет максимальный уровень вносимой ошибки . Эти данные необходи - мы для понимания того , насколько нейронная сеть восприимчива к шуму во входных данных . Физически он соответствует ошибке измерения функции кон - центрации вещества в заданной точке наблюдения ."
pymupdf,D04,TXT_008,9,bbox_iou,1049,425,30.528024606971982,4,"3. Метод показал себя устойчивым к шуму в начальных данных: в боль-
шинстве рассматриваемых моделей внесение шума в исходные данные обрат-
ной задачи в размере не более 5 % дает 5–7 % снижения точности распознавания
и весьма незначительное увеличение средней ошибки (порядка 0,02–0,03).
Но наиболее неожиданным, на наш взгляд, результатом является то, что
дополнительное знание о расположении измерительного прибора (координа-
та x0) не дает существенного повышения точности определения параметра
дробного дифференцирования α.
Этот факт позволяет выдвинуть гипотезу
о том, что предложенный метод может быть успешно применен для решения
обратной задачи в области Ω′ = {(x, t) : −∞< x < ∞, t ≥0}.
Данные в табл. 5, 6 дают представление о максимальной ошибке восста-
новления параметров задачи (5), но не говорят о том, как часто возникает
ошибка, большая допустимой.
Разобьем отрезок [0, 2] на 11 интервалов [0, 00; 0, 02), [0, 02; 0, 04), [0, 04;
0, 06), [0, 06; 0, 08), [0, 08; 0, 10), [0, 10; 0, 12), [0, 12; 0, 14), [0, 14; 0, 16), [0, 16; 0, 18),","Но наиболее неожиданным , на наш взгляд , результатом является то , что дополнительное знание о расположении измерительного прибора ( координа - та x 0 ) не дает существенного повышения точности определения параметра дробного дифференцирования α . Этот факт позволяет выдвинуть гипотезу о том , что предложенный метод может быть успешно применен для решения обратной задачи в области Ω ′ = { ( x, t ) : −∞ < x < ∞ , t ≥ 0 } .","3. Метод показал себя устойчивым к шуму в начальных данных : в боль - шинстве рассматриваемых моделей внесение шума в исходные данные обрат - ной задачи в размере не более 5 % дает 5–7 % снижения точности распознавания и весьма незначительное увеличение средней ошибки ( порядка 0,02–0,03). Но наиболее неожиданным , на наш взгляд , результатом является то , что дополнительное знание о расположении измерительного прибора ( координа - та x 0 ) не дает существенного повышения точности определения параметра дробного дифференцирования α . Этот факт позволяет выдвинуть гипотезу о том , что предложенный метод может быть успешно применен для решения обратной задачи в области Ω ′ = { ( x, t ) : −∞ < x < ∞ , t ≥ 0 } . Данные в табл . 5, 6 дают представление о максимальной ошибке восста - новления параметров задачи (5), но не говорят о том , как часто возникает ошибка , большая допустимой . Разобьем отрезок [0 , 2] на 11 интервалов [0 , 00; 0 , 02), [0 , 02; 0 , 04), [0 , 04; 0 , 06), [0 , 06; 0 , 08), [0 , 08; 0 , 10), [0 , 10; 0 , 12), [0 , 12; 0 , 14), [0 , 14; 0 , 16), [0 , 16; 0 , 18),"
pymupdf,D05,TXT_009,10,bbox_iou,1428,1404,96.20407431786558,1,"5.2. Поверхностные электронные состояния 
Поверхностные электронные состояния (ПЭС) играют 
важную роль в теории полупроводников, так как именно 
они определяют контактные электронные свойства [34]. 
Реальная поверхность любого металла покрыта оксид­
ной пленкой, свойства которой ближе к полупроводни­
ковым, то же самое можно сказать и о л ю б о м металличе­
ском электроде. П о определению П Э С связаны только с 
узкой областью вблизи поверхности, где свойства кри­
сталла сильно отличаются от свойств бесконечной кри­
сталлической решетки. В этой области возникает нерав­
н о м е р н о е распределение з а р я д о в как по н о р м а л и к 
поверхности, так и вдоль нее; имеются специфические 
центры адсорбции электронов, связанные с дефектами 
кристаллической решетки, геометрическими неоднород-
н о с т я м и и т.д. В качестве п р и м е р а приведем схему 
распределения поверхностных электронов на границе 
кристалла кремния, покрытого оксидной пленкой S i 0 2 
(рис. 10) [34]. Из рисунка видно, что по мере продвижения 
от свободной поверхности (т.е. оксида кремния) к кри­
сталлу кремния П Э С изменяются, последовательно пере­
ходя от локализованных состояний 7, 2 (обусловленных 
наличием ловушек, образованных за счет адсорбции 
молекул воды с последующим формированием связей 
S i - О Н . . . Н О - S i ) к состояниям медленных 3 и быстрых 
4 поверхностных электронов и, наконец, к рекомбина-
ционным состояниям 5.","5.2. Поверхностные электронные состояния Поверхностные электронные состояния (ПЭС) играют важную роль в теории полупроводников, так как именно они определяют контактные электронные свойства [34]. Реальная поверхность любого металла покрыта оксид ной пленкой, свойства которой ближе к полупроводни ковым, то же самое можно сказать и о л ю б о м металличе ском электроде. П о определению П Э С связаны только с узкой областью вблизи поверхности, где свойства кри сталла сильно отличаются от свойств бесконечной кри сталлической решетки. В этой области возникает нерав н о м е р н о е распределение з а р я д о в как по н о р м а л и к поверхности, так и вдоль нее; имеются специфические центры адсорбции электронов, связанные с дефектами кристаллической решетки, геометрическими неоднород- н о с т я м и и т.д. В качестве п р и м е р а приведем схему распределения поверхностных электронов на границе кристалла кремния, покрытого оксидной пленкой S i 0 2 (рис. 10) [34]. Из рисунка видно, что по мере продвижения от свободной поверхности (т.е. оксида кремния) к кри сталлу кремния П Э С изменяются, последовательно пере ходя от локализованных состояний 7, 2 (обусловленных наличием ловушек, образованных за счет адсорбции молекул воды с последующим формированием связей S i - О Н . . . Н О - S i ) к состояниям медленных 3 и быстрых 4 поверхностных электронов и, наконец, к рекомбина- ционным состояниям 5.","5.2. Поверхностные электронные состояния Поверхностные электронные состояния (ПЭС) играют важную роль в теории полупроводников, так как именно они определяют контактные электронные свойства [34]. Реальная поверхность любого металла покрыта оксид ной пленкой, свойства которой ближе к полупроводни ковым, то же самое можно сказать и о л ю б о м металличе ском электроде. П о определению П Э С связаны только с узкой областью вблизи поверхности, где свойства кри сталла сильно отличаются от свойств бесконечной кри сталлической решетки. В этой области возникает нерав н о м е р н о е распределение з а р я д о в как по н о р м а л и к поверхности, так и вдоль нее; имеются специфические центры адсорбции электронов, связанные с дефектами кристаллической решетки, геометрическими неоднород- н о с т я м и и т.д. В качестве п р и м е р а приведем схему распределения поверхностных электронов на границе кристалла кремния, покрытого оксидной пленкой S i 0 2 (рис. 10) [34]. Из рисунка видно, что по мере продвижения от свободной поверхности (т.е. оксида кремния) к кри сталлу кремния П Э С изменяются, последовательно пере ходя от локализованных состояний 7, 2 (обусловленных наличием ловушек, образованных за счет адсорбции молекул воды с последующим формированием связей S i - О Н . . . Н О - S i ) к состояниям медленных 3 и быстрых 4 поверхностных электронов и, наконец, к рекомбина- ционным состояниям 5."
pdfplumber,D01,TXT_001,15,text_multiblock_overlap,2010,1965,100.0,238,"Измерение 
электрических 
сопротивлений 
представляет 
весьма 
развитую область измерительной техники как в отношении методов 
измерений, так и используемой аппаратуры. Измерение сопротивлений 
является обязательной процедурой при всех видах испытаний и 
исследований 
электротехнического 
и 
электронного 
оборудования. 
Широко используются разнообразные приемы измерения сопротивления в 
медицинских исследованиях, для клинических анализов,  в биологии, 
агротехнике и экологическом мониторинге, где чаще всего приходится 
измерять электропроводность растворов, почвы, крови, кожного покрова. 
К измерению сопротивления сводятся многие задачи измерения таких 
физических величин, как деформация,  ускорение, давление, сила, 
температура и многих других. 
Электрическое 
сопротивление 
представляет 
собой 
пассивную 
физическую величину, которая в отличие от тока или напряжения не 
является носителем энергии. Напротив, электрическое сопротивление, как 
свойство тел, веществ, растворов проявляет себя только при прохождении 
через него тока, и о значении этого сопротивления мы можем судить по 
напряжению, которое на нем падает. При выборе силы этого тока следует 
иметь в виду, что сопротивление нагревается, а значит в связи с этим его 
значение изменяется. Может даже оказаться, что при слишком большом 
токе измеряемое сопротивление может разрушиться. В тех случаях, когда 
измерению подлежит электропроводность биологических растворов и 
смесей, крови, лимфатической жидкости, проб жидких промышленных 
выбросов и других подобных веществ, проходящий через них ток 
вызывает электролиз, и состав исследуемых объектов меняется. Поэтому 
измерения сопротивления этих веществ выполняются на переменном токе. 
В результате взаимодействия между средством измерений и объектом 
измерений возникает погрешность, которая является методической. Для  
того, чтобы предохранить объект от разрушения и снизить методическую 
погрешность, необходимо ограничивать ток через объект до минимально 
возможного значения.","Измерение электрических сопротивлений представляет весьма развитую область измерительной техники как в отношении методов измерений, так и используемой аппаратуры. Измерение сопротивлений является обязательной процедурой при всех видах испытаний и исследований электротехнического и электронного оборудования. Широко используются разнообразные приемы измерения сопротивления в медицинских исследованиях, для клинических анализов, в биологии, агротехнике и экологическом мониторинге, где чаще всего приходится измерять электропроводность растворов, почвы, крови, кожного покрова. К измерению сопротивления сводятся многие задачи измерения таких физических величин, как деформация, ускорение, давление, сила, температура и многих других. Электрическое сопротивление представляет собой пассивную физическую величину, которая в отличие от тока или напряжения не является носителем энергии. Напротив, электрическое сопротивление, как свойство тел, веществ, растворов проявляет себя только при прохождении через него тока, и о значении этого сопротивления мы можем судить по напряжению, которое на нем падает. При выборе силы этого тока следует иметь в виду, что сопротивление нагревается, а значит в связи с этим его значение изменяется. Может даже оказаться, что при слишком большом токе измеряемое сопротивление может разрушиться. В тех случаях, когда измерению подлежит электропроводность биологических растворов и смесей, крови, лимфатической жидкости, проб жидких промышленных выбросов и других подобных веществ, проходящий через них ток вызывает электролиз, и состав исследуемых объектов меняется. Поэтому измерения сопротивления этих веществ выполняются на переменном токе. В результате взаимодействия между средством измерений и объектом измерений возникает погрешность, которая является методической. Для того, чтобы предохранить объект от разрушения и снизить методическую погрешность, необходимо ограничивать ток через объект до минимально возможного значения.","Измерение электрических сопротивлений представляет весьма развитую область измерительной техники как в отношении методов измерений, так и используемой аппаратуры. Измерение сопротивлений является обязательной процедурой при всех видах испытаний и исследований электротехнического и электронного оборудования. Широко используются разнообразные приемы измерения сопротивления в медицинских исследованиях, для клинических анализов, в биологии, агротехнике и экологическом мониторинге, где чаще всего приходится измерять электропроводность растворов, почвы, крови, кожного покрова. К измерению сопротивления сводятся многие задачи измерения таких физических величин, как деформация, ускорение, давление, сила, температура и многих других. Электрическое сопротивление представляет собой пассивную физическую величину, которая в отличие от тока или напряжения не является носителем энергии. Напротив, электрическое сопротивление, как свойство тел, веществ, растворов проявляет себя только при прохождении через него тока, и о значении этого сопротивления мы можем судить по напряжению, которое на нем падает. При выборе силы этого тока следует иметь в виду, что сопротивление нагревается, а значит в связи с этим его значение изменяется. Может даже оказаться, что при слишком большом токе измеряемое сопротивление может разрушиться. В тех случаях, когда измерению подлежит электропроводность биологических растворов и смесей, крови, лимфатической жидкости, проб жидких промышленных выбросов и других подобных веществ, проходящий через них ток вызывает электролиз, и состав исследуемых объектов меняется. Поэтому измерения сопротивления этих веществ выполняются на переменном токе. В результате взаимодействия между средством измерений и объектом измерений возникает погрешность, которая является методической. Для того, чтобы предохранить объект от разрушения и снизить методическую погрешность, необходимо ограничивать ток через объект до минимально возможного значения."
pdfplumber,D01,TXT_002,27,text_multiblock_overlap,755,715,88.96179833679834,101,"Измеряемое  напряжение подают на  входные зажимы ""С"" – сигнал, 
высокопотенциальный зажим (красного цвета) и ""0"" - нуль, низкопотенци-
альный зажим (белого цвета). Зажим  защитного экрана ""Э""  используют 
при измерении малых токов и напряжений с  целью защиты от продольной 
помехи (помехи общего вида). Контакт К для присоединения к корпусу 
прибора находится на его задней панели, он обозначен символом  “⊥“. 
Если измеряемое напряжение передается по экранированной паре 
проводов и нигде низкопотенциальный провод не соединен с экраном, 
этот зажим “Э” соединяется с низкопотенциальным зажимом “0”. 
Основная 
относительная 
инструментальная 
погрешность 
прибора 
нормирована двучленной формулой: 
  
 
 
[
]
γ В
K
X
U
U
=
+
−
0 04
0 02
1
,
,
(
/
) %.","Измеряемое напряжение подают на входные зажимы ""С"" – сигнал, высокопотенциальный зажим (красного цвета) и ""0"" -нуль, низкопотенци-альный зажим (белого цвета). Зажим защитного экрана ""Э"" используют при измерении малых токов и напряжений с целью защиты от продольной помехи (помехи общего вида). Контакт К для присоединения к корпусу ""⊥"". прибора находится на его задней панели, он обозначен символом Если измеряемое напряжение передается по экранированной паре проводов и нигде низкопотенциальный провод не соединен с экраном, этот зажим ""Э"" соединяется с низкопотенциальным зажимом ""0"". Основная относительная инструментальная погрешность прибора нормирована двучленной формулой: [ ] γ = 0,04+0,02(U −1) %. /U В K X","Измеряемое напряжение подают на входные зажимы ""С"" – сигнал, высокопотенциальный зажим (красного цвета) и ""0"" -нуль, низкопотенци-альный зажим (белого цвета). Зажим защитного экрана ""Э"" используют при измерении малых токов и напряжений с целью защиты от продольной помехи (помехи общего вида). Контакт К для присоединения к корпусу ""⊥"". прибора находится на его задней панели, он обозначен символом Если измеряемое напряжение передается по экранированной паре проводов и нигде низкопотенциальный провод не соединен с экраном, этот зажим ""Э"" соединяется с низкопотенциальным зажимом ""0"". Основная относительная инструментальная погрешность прибора нормирована двучленной формулой: [ ] γ = 0,04+0,02(U −1) %. /U В K X"
pdfplumber,D02,TXT_003,3,text_multiblock_overlap,2356,2335,89.54875785222,358,"Методика получения магнитных наноча-
стиц Fe3O4. Наноразмерные частицы Fe3O4 по-
лучали путем химического осаждения по моди-
фицированной методике Массара [4]. К 40 мл 
0,5 М водного раствора аммиака постепенно до-
бавляли смесь растворов FeCl3·6H2O (1,0 мл 1 M 
раствора в 2 M HCl) и FeSO4·(NH4)2SO4·6H2O 
(1,0 мл 0,5 M раствора). После чего полученную 
суспензию перемешивали в течение 30 мин на 
электромеханическом шейкере при комнатной 
температуре. Концентрация Fe3O4 составила 
2,75 мг/мл, средний диаметр частиц 16 нм.
Определение железа в образцах магнитных 
сорбентов. Магнитный сорбент (0,07 г) обра-
батывали 5,0 мл 0,5 М раствора HCl в течение 
24 ч. Далее проводили спектрофотометрическое 
определение содержания общего железа по ме-
тодике [5]. Для этого 4 мл полученного раствора 
помещали в мерную колбу объемом 25 мл и раз-
бавляли до метки дистиллированной водой, алик-
вотную часть полученного раствора (5–10 мл) 
вносили в мерную колбу емкостью 25 мл и далее 
проводили определение общего содержания же-
леза по методике построения градуировочного 
графика.
Методика построения градуировочного гра-
фика. В мерные колбы емкостью 25 мл вноси-
ли стандартный раствор Fe(III), 2,5 мл 10%-го 
раствора сульфосалициловой кислоты, 2,5 мл 
10%-го раствора аммиака и доводили до метки 
дистиллированной водой. Тщательно перемеши-
вали и оставляли на 5 мин для развития окраски. 
Оптическую плотность полученного раствора 
измеряли при длине волны λ = 416 нм (l = 1 см). 
Диапазон линейности градуировочного графика 
составлял 1–10 мкг/мл.
Методика проведения сорбции азокрасите-
лей ЖСЗ, ТАРТ, П-4R. В 10,0 мл водного рас-
твора, полученного смешением 1,0 мл раствора 
красителя (0,1 г/мл), 0,5 мл 9,2·10–3 М раствора 
ЦТАБ, помещали 0,07 г сорбента, предваритель-
но обработанного этанолом (3×50 мкл). Сорбент 
перемешивали на шейкере до установления 
сорбционного равновесия, после чего отделяли от 
раствора фильтрованием или магнитной сепараци-
ей (в случае магнитных сорбентов), высушивали 
на воздухе и регистрировали спектры диффузного 
отражения. Содержание красителя в водной фазе 
определяли по градуировочным зависимостям при 
максимальной длине волны поглощения (λТАР = 
426 нм, λЖСЗ = 480 нм, λП-4R = 506 нм). Содержание 
красителя на сорбенте рассчитывали по разности 
значений исходной и равновесной концентрации 
в водной фазе.","Методика получения магнитных наноча-стиц Fe O . Наноразмерные частицы Fe O по- 3 4 3 4 лучали путем химического осаждения по моди-фицированной методике Массара [4]. К 40 мл 0,5 М водного раствора аммиака постепенно до- ·6H O (1,0 мл 1 M бавляли смесь растворов FeCl 3 2 раствора в 2 M HCl) и FeSO ·(NH ) SO ·6H O 4 4 2 4 2 (1,0 мл 0,5 M раствора). После чего полученную суспензию перемешивали в течение 30 мин на электромеханическом шейкере при комнатной O составила температуре. Концентрация Fe 3 4 2,75 мг/мл, средний диаметр частиц 16 нм. Определение железа в образцах магнитных сорбентов. Магнитный сорбент (0,07 г) обра-батывали 5,0 мл 0,5 М раствора HCl в течение 24 ч. Далее проводили спектрофотометрическое определение содержания общего железа по ме-тодике [5]. Для этого 4 мл полученного раствора помещали в мерную колбу объемом 25 мл и раз-бавляли до метки дистиллированной водой, алик-вотную часть полученного раствора (5–10 мл) вносили в мерную колбу емкостью 25 мл и далее проводили определение общего содержания же-леза по методике построения градуировочного графика. Методика построения градуировочного гра-фика. В мерные колбы емкостью 25 мл вноси-ли стандартный раствор Fe(III), 2,5 мл 10%-го раствора сульфосалициловой кислоты, 2,5 мл раствора аммиака и доводили до метки 10%-го дистиллированной водой. Тщательно перемеши-вали и оставляли на 5 мин для развития окраски. Оптическую плотность полученного раствора измеряли при длине волны λ = 416 нм (l = 1 см). Диапазон линейности градуировочного графика составлял 1–10 мкг/мл. Методика проведения сорбции азокрасите-лей ЖСЗ, ТАРТ, П-4R. В 10,0 мл водного рас-твора, полученного смешением 1,0 мл раствора 9,2·10–3 М раствора красителя (0,1 г/мл), 0,5 мл ЦТАБ, помещали 0,07 г сорбента, предваритель-но обработанного этанолом (3×50 мкл). Сорбент перемешивали на шейкере до установления сорбционного равновесия, после чего отделяли от раствора фильтрованием или магнитной сепараци-ей (в случае магнитных сорбентов), высушивали на воздухе и регистрировали спектры диффузного отражения. Содержание красителя в водной фазе определяли по градуировочным зависимостям при максимальной длине волны поглощения (λ = ТАР 426 нм, λ = 480 нм, λ = 506 нм). Содержание ЖСЗ П-4R красителя на сорбенте рассчитывали по разности значений исходной и равновесной концентрации в водной фазе.","Методика получения магнитных наноча-стиц Fe O . Наноразмерные частицы Fe O по- 3 4 3 4 лучали путем химического осаждения по моди-фицированной методике Массара [4]. К 40 мл 0,5 М водного раствора аммиака постепенно до- ·6H O (1,0 мл 1 M бавляли смесь растворов FeCl 3 2 раствора в 2 M HCl) и FeSO ·(NH ) SO ·6H O 4 4 2 4 2 (1,0 мл 0,5 M раствора). После чего полученную суспензию перемешивали в течение 30 мин на электромеханическом шейкере при комнатной O составила температуре. Концентрация Fe 3 4 2,75 мг/мл, средний диаметр частиц 16 нм. Определение железа в образцах магнитных сорбентов. Магнитный сорбент (0,07 г) обра-батывали 5,0 мл 0,5 М раствора HCl в течение 24 ч. Далее проводили спектрофотометрическое определение содержания общего железа по ме-тодике [5]. Для этого 4 мл полученного раствора помещали в мерную колбу объемом 25 мл и раз-бавляли до метки дистиллированной водой, алик-вотную часть полученного раствора (5–10 мл) вносили в мерную колбу емкостью 25 мл и далее проводили определение общего содержания же-леза по методике построения градуировочного графика. Методика построения градуировочного гра-фика. В мерные колбы емкостью 25 мл вноси-ли стандартный раствор Fe(III), 2,5 мл 10%-го раствора сульфосалициловой кислоты, 2,5 мл раствора аммиака и доводили до метки 10%-го дистиллированной водой. Тщательно перемеши-вали и оставляли на 5 мин для развития окраски. Оптическую плотность полученного раствора измеряли при длине волны λ = 416 нм (l = 1 см). Диапазон линейности градуировочного графика составлял 1–10 мкг/мл. Методика проведения сорбции азокрасите-лей ЖСЗ, ТАРТ, П-4R. В 10,0 мл водного рас-твора, полученного смешением 1,0 мл раствора 9,2·10–3 М раствора красителя (0,1 г/мл), 0,5 мл ЦТАБ, помещали 0,07 г сорбента, предваритель-но обработанного этанолом (3×50 мкл). Сорбент перемешивали на шейкере до установления сорбционного равновесия, после чего отделяли от раствора фильтрованием или магнитной сепараци-ей (в случае магнитных сорбентов), высушивали на воздухе и регистрировали спектры диффузного отражения. Содержание красителя в водной фазе определяли по градуировочным зависимостям при максимальной длине волны поглощения (λ = ТАР 426 нм, λ = 480 нм, λ = 506 нм). Содержание ЖСЗ П-4R красителя на сорбенте рассчитывали по разности значений исходной и равновесной концентрации в водной фазе."
pdfplumber,D02,TXT_004,5,text_multiblock_overlap,727,712,95.66111556982344,91,"Десорбция пищевых анионных красителей. 
Установлено, что десорбция красителя ЖСЗ (аце-
тонитрил, изопропропанол, метанол и этанол) 
наиболее эффективна при использовании метано-
ла и этанола. В качестве десорбирующего агента 
выбран этанол ввиду его большей безопасности 
использования (табл. 6). В отличие от сорбции, 
десорбция в случае магнитных сорбентов прохо-
дит более эффективно по сравнению с исходными 
(табл. 7).
Сорбция 2,4-динитрофенола. Модифицирова-
ние магнетитом приводит к уменьшению эффек-
тивности сорбции больших по размеру молекул 
ионных ассоциатов красителей. Для молекул не-
большого размера влияние модифицирования 
на сорбционные свойства может быть незначи-
тельным. Для проверки этого предположения","Десорбция пищевых анионных красителей. Установлено, что десорбция красителя ЖСЗ (аце-тонитрил, изопропропанол, метанол и этанол) наиболее эффективна при использовании метано-ла и этанола. В качестве десорбирующего агента выбран этанол ввиду его большей безопасности использования (табл. 6). В отличие от сорбции, десорбция в случае магнитных сорбентов прохо-с исходными дит более эффективно по сравнению (табл. 7). Сорбция 2,4-динитрофенола. Модифицирова-ние магнетитом приводит к уменьшению эффек-тивности сорбции больших по размеру молекул ионных ассоциатов красителей. Для молекул не-большого размера влияние модифицирования на сорбционные свойства может быть незначи-тельным. Для проверки этого предположения","Десорбция пищевых анионных красителей. Установлено, что десорбция красителя ЖСЗ (аце-тонитрил, изопропропанол, метанол и этанол) наиболее эффективна при использовании метано-ла и этанола. В качестве десорбирующего агента выбран этанол ввиду его большей безопасности использования (табл. 6). В отличие от сорбции, десорбция в случае магнитных сорбентов прохо-с исходными дит более эффективно по сравнению (табл. 7). Сорбция 2,4-динитрофенола. Модифицирова-ние магнетитом приводит к уменьшению эффек-тивности сорбции больших по размеру молекул ионных ассоциатов красителей. Для молекул не-большого размера влияние модифицирования на сорбционные свойства может быть незначи-тельным. Для проверки этого предположения"
pdfplumber,D03,TXT_005,2,text_multiblock_overlap,1569,1465,72.6235382547732,80,"Рост популярности онлайн-платформ, позволяющих пользователям общаться друг с другом, делиться мнениями
о различных событиях, оставлять комментарии, подтолкнул к развитию алгоритмов обработки естественного
языка. Десятки миллионов сообщений в день, которые публикуют пользователи отдельно взятой социальной
сети, необходимо анализировать в режиме реального времени или близко к тому с целью модерации, чтобы
не допустить распространение различной противозаконной или оскорбительной информации, угроз и других
видов токсичных комментариев. Разумеется такой большой объем информации может быть обработан достаточно
быстро только автоматически. Возникает необходимость научить компьютер «понимать» текст, написанный
человеком, что является нетривиальной задачей, пусть даже под «пониманием» текста подразумевается лишь его
классификация. Бурное развитие технологий машинного обучения обусловило повсеместное внедрение новых
алгоритмов. Многие задачи, в том числе и задачи обработки естественного языка, которые долгие годы считалось
практически невозможно решить, сейчас вполне успешно решаются с использованием технологий глубокого
обучения. В данной статье будут рассмотрены алгоритмы, построенные с использованием технологий глубокого
обучения и нейронных сетей, позволяющие успешно решать задачу распознавания и классификации токсичных
комментариев. Помимо этого, в статье будут приведены результаты тестирования как разработанных алгоритмов,
так и ансамбля данных алгоритмов на большой обучающей выборке, собранной и размеченной специалистами
компаний Google и Jigsaw.","Ростпопулярностионлайн-платформ,позволяющихпользователямобщатьсядругсдругом,делитьсямнениями о различных событиях, оставлять комментарии, подтолкнул к развитию алгоритмов обработки естественного языка. Десятки миллионов сообщений в день, которые публикуют пользователи отдельно взятой социальной сети, необходимо анализировать в режиме реального времени или близко к тому с целью модерации, чтобы не допустить распространение различной противозаконной или оскорбительной информации, угроз и других видовтоксичныхкомментариев.Разумеетсятакойбольшойобъеминформацииможетбытьобработандостаточно быстро только автоматически. Возникает необходимость научить компьютер ""понимать"" текст, написанный человеком,чтоявляетсянетривиальнойзадачей,пустьдажепод""пониманием""текстаподразумеваетсялишьего классификация.Бурноеразвитиетехнологиймашинногообученияобусловилоповсеместноевнедрениеновых алгоритмов.Многиезадачи,втомчислеизадачиобработкиестественногоязыка,которыедолгиегодысчиталось практически невозможно решить, сейчас вполне успешно решаются с использованием технологий глубокого обучения.Вданнойстатьебудутрассмотреныалгоритмы,построенныесиспользованиемтехнологийглубокого обученияинейронныхсетей,позволяющиеуспешнорешатьзадачураспознаванияиклассификациитоксичных комментариев.Помимоэтого,встатьебудутприведенырезультатытестированиякакразработанныхалгоритмов, такиансамбляданныхалгоритмовнабольшойобучающейвыборке,собраннойиразмеченнойспециалистами компанийGoogleиJigsaw.","Ростпопулярностионлайн-платформ,позволяющихпользователямобщатьсядругсдругом,делитьсямнениями о различных событиях, оставлять комментарии, подтолкнул к развитию алгоритмов обработки естественного языка. Десятки миллионов сообщений в день, которые публикуют пользователи отдельно взятой социальной сети, необходимо анализировать в режиме реального времени или близко к тому с целью модерации, чтобы не допустить распространение различной противозаконной или оскорбительной информации, угроз и других видовтоксичныхкомментариев.Разумеетсятакойбольшойобъеминформацииможетбытьобработандостаточно быстро только автоматически. Возникает необходимость научить компьютер ""понимать"" текст, написанный человеком,чтоявляетсянетривиальнойзадачей,пустьдажепод""пониманием""текстаподразумеваетсялишьего классификация.Бурноеразвитиетехнологиймашинногообученияобусловилоповсеместноевнедрениеновых алгоритмов.Многиезадачи,втомчислеизадачиобработкиестественногоязыка,которыедолгиегодысчиталось практически невозможно решить, сейчас вполне успешно решаются с использованием технологий глубокого обучения.Вданнойстатьебудутрассмотреныалгоритмы,построенныесиспользованиемтехнологийглубокого обученияинейронныхсетей,позволяющиеуспешнорешатьзадачураспознаванияиклассификациитоксичных комментариев.Помимоэтого,встатьебудутприведенырезультатытестированиякакразработанныхалгоритмов, такиансамбляданныхалгоритмовнабольшойобучающейвыборке,собраннойиразмеченнойспециалистами компанийGoogleиJigsaw."
pdfplumber,D03,TXT_006,7,text_multiblock_overlap,748,695,76.97396308856138,70,"1. Приведение текста к нижнему регистру.
2. Удаление кусков html-кода, которые присутствуют в некоторых комментариях.
3. Преобразование подстроки вида «w h a t a n i c e d a y» к «what a nice day». Данный вид
искажения текста часто используется для маскировки нецензурных слов.
4. Удаление ссылок, ip-адресов.
5. Удаление чисел и цифр.
6. Удаление всей пунктуации, кроме «’», «.», «!», «?». При этом также удалялись дублирующиеся
знаки, то есть подстрока вида «!!!!!» приводилась к «!».
7. Замена знаков окончания предложения на специальные токены. «!» заменялся на « exclmrk
», «?» — на « qstmrk », «.» — на « eosmkr ». Это было сделано для того, чтобы не потерять
информацию об этих знаках на этапе трансформации текста в векторное представление.","1. Приведениетекстакнижнемурегистру. 2. Удалениекусковhtml-кода,которыеприсутствуютвнекоторыхкомментариях. 3. Преобразование подстроки вида ""w h a t a n i c e d a y"" к ""what a nice day"". Данный вид искажениятекстачастоиспользуетсядлямаскировкинецензурныхслов. 4. Удалениессылок,ip-адресов. 5. Удалениечиселицифр. 6. Удалениевсейпунктуации,кроме""'"",""."",""!"",""?"".Приэтомтакжеудалялисьдублирующиеся знаки,тоестьподстрокавида""!!!!!""приводиласьк""!"". 7. Замена знаков окончания предложения на специальные токены. ""!"" заменялся на "" exclmrk "", ""?"" — на "" qstmrk "", ""."" — на "" eosmkr "". Это было сделано для того, чтобы не потерять информациюобэтихзнакахнаэтапетрансформациитекставвекторноепредставление.","1. Приведениетекстакнижнемурегистру. 2. Удалениекусковhtml-кода,которыеприсутствуютвнекоторыхкомментариях. 3. Преобразование подстроки вида ""w h a t a n i c e d a y"" к ""what a nice day"". Данный вид искажениятекстачастоиспользуетсядлямаскировкинецензурныхслов. 4. Удалениессылок,ip-адресов. 5. Удалениечиселицифр. 6. Удалениевсейпунктуации,кроме""'"",""."",""!"",""?"".Приэтомтакжеудалялисьдублирующиеся знаки,тоестьподстрокавида""!!!!!""приводиласьк""!"". 7. Замена знаков окончания предложения на специальные токены. ""!"" заменялся на "" exclmrk "", ""?"" — на "" qstmrk "", ""."" — на "" eosmkr "". Это было сделано для того, чтобы не потерять информациюобэтихзнакахнаэтапетрансформациитекставвекторноепредставление."
pdfplumber,D04,TXT_007,7,text_multiblock_overlap,2215,2111,75.00467042492649,227,"В качестве множества для обучения нейронной сети на основе точных ре-
шений было сформировано 1000 примеров (данное множество будем именовать
обучающим). Для тестирования было сформировано отдельное множество из
500 примеров, не имеющее пересечений с обучающим (далее тестовым). Для ис-
следования влияния шума на результат прогноза в указанные множества искус-
ственно был привнесен шум в размере не более 5 % (далее обучающее+5 % шум,
тестовое + 5 % шум). Для нейронных сетей, соответствующих N = 40, обучаю-
щее множество состояло из 3000 примеров, тестовое — из 1000.
Поясним подробнее, как формировались примеры для обучения и тестиро-
вания. Для построения точных решений прямой задачи (5) воспользуемся фор-
мулой (6). Эти точные решения, соответствующие заданным значениям α и λ,
будут использоваться при обучении.
Алгоритм построения примеров для обучения нейронной сети (для задан-
ного значения N) состоит из следующих шагов.
Шаг 1. Выберем случайным образом с равномерным распределением в ин-
тервале (0, 1) параметры α и λ.
Шаг 2.
Аналогичным образом выберем некоторое количество коэффи-
циентов Cn из интервала (−10, 10) (значения нижнего индекса n не обязательно
выбирать последовательными).
Шаг 3. Подставив выбранные значения в (6), получим функцию u(x, t),
состоящую из конечного числа слагаемых и удовлетворяющую системе (5).
Шаг 4. Для получения входных данных для обратной задачи достаточно
выбрать координату точки измерения x0 ∈(0, 1) и вычислить значения ui =
u(x0, ti) = u(x0, i/N).
Выполнив последовательно шаги 1–4, получим пример для обучения или
тестирования нейронной сети, основанный на точном решении дифференциаль-
ной задачи.
Для формирования зашумленных данных ˜ui во входные данные для нейрон-
ной сети на шаге 4 вносился аддитивный шум: к точному решению ui добавля-
лась некоторая случайная ошибка ξi (˜ui = ui + ξi), равномерно распределенная
на симметричном относительно нуля интервале [−Emaxui, Emaxui].
Значение
определяет максимальный уровень вносимой ошибки. Эти данные необходи-
мы для понимания того, насколько нейронная сеть восприимчива к шуму во
входных данных. Физически он соответствует ошибке измерения функции кон-
центрации вещества в заданной точке наблюдения.","В качестве множества для обучения нейронной сети на основе точных ре-шений было сформировано1000примеров(данное множество будем именовать обучающим). Для тестирования было сформировано отдельное множество из 500примеров,неимеющеепересечений собучающим(далеетестовым). Дляис-следованиявлиянияшуманарезультатпрогнозавуказанныемножестваискус-ственнобылпривнесеншумвразмеренеболее5%(далееобучающее+5%шум, тестовое+5% шум). Для нейронных сетей, соответствующих =40,обучаю-N щее множество состояло из примеров, тестовое из 3000 — 1000. Поясним подробнее, как формировалисьпримеры для обучения и тестиро-вания. Для построения точныхрешений прямойзадачи воспользуемся фор- (5) мулой Эти точные решения, соответствующие заданным значениям и (6). α λ, будут использоваться при обучении. Алгоритм построения примеров для обучения нейронной сети (для задан-ного значения состоит из следующих шагов. N) Шаг 1. Выберем случайнымобразомсравномернымраспределением вин-тервале параметры и (0,1) α λ. Шаг 2. Аналогичным образом выберем некоторое количество коэффи-циентовCn изинтервала(−10,10)(значениянижнегоиндексаnнеобязательно выбирать последовательными). Шаг 3. Подставив выбранные значения в получим функцию (6), u(x,t), состоящую из конечного числа слагаемых и удовлетворяющую системе (5). Шаг 4. Для получения входных данных для обратной задачи достаточно выбрать координату точки измерения ∈ и вычислить значения x0 (0,1) ui = u(x0,ti)=u(x0,i/N). Выполнив последовательно шаги получим пример для обучения или 1–4, тестированиянейроннойсети, основанныйнаточномрешениидифференциаль-ной задачи. Дляформированиязашумленныхданныхu˜i вовходныеданныедлянейрон-добавля-нойсети нашаге4вносился аддитивныйшум: кточномурешению ui равномерно распределенная лась некоторая случайная ошибкаξi (u˜i =ui+ξi), на симметричном относительно нуля интервале [−Emaxui,Emaxui]. Значение определяет максимальный уровень вносимой ошибки. Эти данные необходи-мы для понимания того, насколько нейронная сеть восприимчива к шуму во входныхданных. Физически он соответствует ошибкеизмерения функциикон-центрации вещества в заданной точке наблюдения.","В качестве множества для обучения нейронной сети на основе точных ре-шений было сформировано1000примеров(данное множество будем именовать обучающим). Для тестирования было сформировано отдельное множество из 500примеров,неимеющеепересечений собучающим(далеетестовым). Дляис-следованиявлиянияшуманарезультатпрогнозавуказанныемножестваискус-ственнобылпривнесеншумвразмеренеболее5%(далееобучающее+5%шум, тестовое+5% шум). Для нейронных сетей, соответствующих =40,обучаю-N щее множество состояло из примеров, тестовое из 3000 — 1000. Поясним подробнее, как формировалисьпримеры для обучения и тестиро-вания. Для построения точныхрешений прямойзадачи воспользуемся фор- (5) мулой Эти точные решения, соответствующие заданным значениям и (6). α λ, будут использоваться при обучении. Алгоритм построения примеров для обучения нейронной сети (для задан-ного значения состоит из следующих шагов. N) Шаг 1. Выберем случайнымобразомсравномернымраспределением вин-тервале параметры и (0,1) α λ. Шаг 2. Аналогичным образом выберем некоторое количество коэффи-циентовCn изинтервала(−10,10)(значениянижнегоиндексаnнеобязательно выбирать последовательными). Шаг 3. Подставив выбранные значения в получим функцию (6), u(x,t), состоящую из конечного числа слагаемых и удовлетворяющую системе (5). Шаг 4. Для получения входных данных для обратной задачи достаточно выбрать координату точки измерения ∈ и вычислить значения x0 (0,1) ui = u(x0,ti)=u(x0,i/N). Выполнив последовательно шаги получим пример для обучения или 1–4, тестированиянейроннойсети, основанныйнаточномрешениидифференциаль-ной задачи. Дляформированиязашумленныхданныхu˜i вовходныеданныедлянейрон-добавля-нойсети нашаге4вносился аддитивныйшум: кточномурешению ui равномерно распределенная лась некоторая случайная ошибкаξi (u˜i =ui+ξi), на симметричном относительно нуля интервале [−Emaxui,Emaxui]. Значение определяет максимальный уровень вносимой ошибки. Эти данные необходи-мы для понимания того, насколько нейронная сеть восприимчива к шуму во входныхданных. Физически он соответствует ошибкеизмерения функциикон-центрации вещества в заданной точке наблюдения."
pdfplumber,D04,TXT_008,9,text_multiblock_overlap,1049,1005,72.09928229665073,124,"3. Метод показал себя устойчивым к шуму в начальных данных: в боль-
шинстве рассматриваемых моделей внесение шума в исходные данные обрат-
ной задачи в размере не более 5 % дает 5–7 % снижения точности распознавания
и весьма незначительное увеличение средней ошибки (порядка 0,02–0,03).
Но наиболее неожиданным, на наш взгляд, результатом является то, что
дополнительное знание о расположении измерительного прибора (координа-
та x0) не дает существенного повышения точности определения параметра
дробного дифференцирования α.
Этот факт позволяет выдвинуть гипотезу
о том, что предложенный метод может быть успешно применен для решения
обратной задачи в области Ω′ = {(x, t) : −∞< x < ∞, t ≥0}.
Данные в табл. 5, 6 дают представление о максимальной ошибке восста-
новления параметров задачи (5), но не говорят о том, как часто возникает
ошибка, большая допустимой.
Разобьем отрезок [0, 2] на 11 интервалов [0, 00; 0, 02), [0, 02; 0, 04), [0, 04;
0, 06), [0, 06; 0, 08), [0, 08; 0, 10), [0, 10; 0, 12), [0, 12; 0, 14), [0, 14; 0, 16), [0, 16; 0, 18),","Метод показал себя устойчивым к шуму в начальных данных: в боль- 3. шинстве рассматриваемых моделей внесение шума в исходные данные обрат-нойзадачивразмеренеболее5%дает5–7%снижения точностираспознавания и весьма незначительное увеличение средней ошибки (порядка 0,02–0,03). Но наиболее неожиданным, на наш взгляд, результатом является то, что дополнительное знание о расположении измерительного прибора (координа-та не дает существенного повышения точности определения параметра x0) дробного дифференцирования Этот факт позволяет выдвинуть гипотезу α. о том, что предложенный метод может быть успешно применен для решения (cid:3) ={(x,t):−∞<x<∞, t≥0}. обратной задачи в области Ω Данные в табл. дают представление о максимальной ошибке восста- 5, 6 новления параметров задачи но не говорят о том, как часто возникает (5), ошибка,большая допустимой. Разобьем отрезок на интервалов [0,2] 11 [0,00;0,02), [0,02;0,04), [0,04; 0,06), [0,06;0,08),[0,08;0,10), [0,10;0,12), [0,12;0,14), [0,14;0,16), [0,16;0,18),","Метод показал себя устойчивым к шуму в начальных данных: в боль- 3. шинстве рассматриваемых моделей внесение шума в исходные данные обрат-нойзадачивразмеренеболее5%дает5–7%снижения точностираспознавания и весьма незначительное увеличение средней ошибки (порядка 0,02–0,03). Но наиболее неожиданным, на наш взгляд, результатом является то, что дополнительное знание о расположении измерительного прибора (координа-та не дает существенного повышения точности определения параметра x0) дробного дифференцирования Этот факт позволяет выдвинуть гипотезу α. о том, что предложенный метод может быть успешно применен для решения (cid:3) ={(x,t):−∞<x<∞, t≥0}. обратной задачи в области Ω Данные в табл. дают представление о максимальной ошибке восста- 5, 6 новления параметров задачи но не говорят о том, как часто возникает (5), ошибка,большая допустимой. Разобьем отрезок на интервалов [0,2] 11 [0,00;0,02), [0,02;0,04), [0,04; 0,06), [0,06;0,08),[0,08;0,10), [0,10;0,12), [0,12;0,14), [0,14;0,16), [0,16;0,18),"
pdfplumber,D05,TXT_009,10,text_multiblock_overlap,1428,1274,79.05060271059645,152,"5.2. Поверхностные электронные состояния 
Поверхностные электронные состояния (ПЭС) играют 
важную роль в теории полупроводников, так как именно 
они определяют контактные электронные свойства [34]. 
Реальная поверхность любого металла покрыта оксид­
ной пленкой, свойства которой ближе к полупроводни­
ковым, то же самое можно сказать и о л ю б о м металличе­
ском электроде. П о определению П Э С связаны только с 
узкой областью вблизи поверхности, где свойства кри­
сталла сильно отличаются от свойств бесконечной кри­
сталлической решетки. В этой области возникает нерав­
н о м е р н о е распределение з а р я д о в как по н о р м а л и к 
поверхности, так и вдоль нее; имеются специфические 
центры адсорбции электронов, связанные с дефектами 
кристаллической решетки, геометрическими неоднород-
н о с т я м и и т.д. В качестве п р и м е р а приведем схему 
распределения поверхностных электронов на границе 
кристалла кремния, покрытого оксидной пленкой S i 0 2 
(рис. 10) [34]. Из рисунка видно, что по мере продвижения 
от свободной поверхности (т.е. оксида кремния) к кри­
сталлу кремния П Э С изменяются, последовательно пере­
ходя от локализованных состояний 7, 2 (обусловленных 
наличием ловушек, образованных за счет адсорбции 
молекул воды с последующим формированием связей 
S i - О Н . . . Н О - S i ) к состояниям медленных 3 и быстрых 
4 поверхностных электронов и, наконец, к рекомбина-
ционным состояниям 5.","5.2. Поверхностные электронные состояния Поверхностные электронные состояния (ПЭС) играют важную роль теории полупроводников, так как именно они определяют контактные электронные свойства [34]. Реальная поверхность любого металла покрыта оксидной пленкой, свойства которой ближе полупроводниковым, самое можно сказать любом металлическом электроде. определению ПЭС связаны только узкой областью вблизи поверхности, где свойства кристалла сильно отличаются свойств бесконечной кристаллической решетки. этой области возникает неравномерное распределение зарядов как нормали поверхности, так вдоль нее; имеются специфические центры адсорбции электронов, связанные дефектами кристаллической решетки, геометрическими неоднород-ностями т.д. качестве примера приведем схему распределения поверхностных электронов границе кристалла кремния, покрытого оксидной пленкой Si02 (рис. 10) [34]. рисунка видно, что мере продвижения свободной поверхности (т.е. оксида кремния) кристаллу кремния ПЭС изменяются, последовательно переходя локализованных состояний 7, 2 (обусловленных наличием ловушек, образованных счет адсорбции молекул воды последующим формированием связей Si-ОН.. .НО-Si) состояниям медленных 3 быстрых 4 поверхностных электронов и, наконец, рекомбина-ционным состояниям 5.","5.2. Поверхностные электронные состояния Поверхностные электронные состояния (ПЭС) играют важную роль теории полупроводников, так как именно они определяют контактные электронные свойства [34]. Реальная поверхность любого металла покрыта оксидной пленкой, свойства которой ближе полупроводниковым, самое можно сказать любом металлическом электроде. определению ПЭС связаны только узкой областью вблизи поверхности, где свойства кристалла сильно отличаются свойств бесконечной кристаллической решетки. этой области возникает неравномерное распределение зарядов как нормали поверхности, так вдоль нее; имеются специфические центры адсорбции электронов, связанные дефектами кристаллической решетки, геометрическими неоднород-ностями т.д. качестве примера приведем схему распределения поверхностных электронов границе кристалла кремния, покрытого оксидной пленкой Si02 (рис. 10) [34]. рисунка видно, что мере продвижения свободной поверхности (т.е. оксида кремния) кристаллу кремния ПЭС изменяются, последовательно переходя локализованных состояний 7, 2 (обусловленных наличием ловушек, образованных счет адсорбции молекул воды последующим формированием связей Si-ОН.. .НО-Si) состояниям медленных 3 быстрых 4 поверхностных электронов и, наконец, рекомбина-ционным состояниям 5."
docling,D01,TXT_001,15,bbox_iou,2010,939,49.2466643145808,3,"Измерение 
электрических 
сопротивлений 
представляет 
весьма 
развитую область измерительной техники как в отношении методов 
измерений, так и используемой аппаратуры. Измерение сопротивлений 
является обязательной процедурой при всех видах испытаний и 
исследований 
электротехнического 
и 
электронного 
оборудования. 
Широко используются разнообразные приемы измерения сопротивления в 
медицинских исследованиях, для клинических анализов,  в биологии, 
агротехнике и экологическом мониторинге, где чаще всего приходится 
измерять электропроводность растворов, почвы, крови, кожного покрова. 
К измерению сопротивления сводятся многие задачи измерения таких 
физических величин, как деформация,  ускорение, давление, сила, 
температура и многих других. 
Электрическое 
сопротивление 
представляет 
собой 
пассивную 
физическую величину, которая в отличие от тока или напряжения не 
является носителем энергии. Напротив, электрическое сопротивление, как 
свойство тел, веществ, растворов проявляет себя только при прохождении 
через него тока, и о значении этого сопротивления мы можем судить по 
напряжению, которое на нем падает. При выборе силы этого тока следует 
иметь в виду, что сопротивление нагревается, а значит в связи с этим его 
значение изменяется. Может даже оказаться, что при слишком большом 
токе измеряемое сопротивление может разрушиться. В тех случаях, когда 
измерению подлежит электропроводность биологических растворов и 
смесей, крови, лимфатической жидкости, проб жидких промышленных 
выбросов и других подобных веществ, проходящий через них ток 
вызывает электролиз, и состав исследуемых объектов меняется. Поэтому 
измерения сопротивления этих веществ выполняются на переменном токе. 
В результате взаимодействия между средством измерений и объектом 
измерений возникает погрешность, которая является методической. Для  
того, чтобы предохранить объект от разрушения и снизить методическую 
погрешность, необходимо ограничивать ток через объект до минимально 
возможного значения.","Электрическое сопротивление представляет собой пассивную физическую величину, которая в отличие от тока или напряжения не является носителем энергии. Напротив, электрическое сопротивление, как свойство тел, веществ, растворов проявляет себя только при прохождении через него тока, и о значении этого сопротивления мы можем судить по напряжению, которое на нем падает. При выборе силы этого тока следует иметь в виду, что сопротивление нагревается, а значит в связи с этим его значение изменяется. Может даже оказаться, что при слишком большом токе измеряемое сопротивление может разрушиться. В тех случаях, когда измерению подлежит электропроводность биологических растворов и смесей, крови, лимфатической жидкости, проб жидких промышленных выбросов и других подобных веществ, проходящий через них ток вызывает электролиз, и состав исследуемых объектов меняется. Поэтому измерения сопротивления этих веществ выполняются на переменном токе.","Измерение электрических сопротивлений представляет весьма развитую область измерительной техники как в отношении методов измерений, так и используемой аппаратуры. Измерение сопротивлений является обязательной процедурой при всех видах испытаний и исследований электротехнического и электронного оборудования. Широко используются разнообразные приемы измерения сопротивления в медицинских исследованиях, для клинических анализов, в биологии, агротехнике и экологическом мониторинге, где чаще всего приходится измерять электропроводность растворов, почвы, крови, кожного покрова. К измерению сопротивления сводятся многие задачи измерения таких физических величин, как деформация, ускорение, давление, сила, температура и многих других. Электрическое сопротивление представляет собой пассивную физическую величину, которая в отличие от тока или напряжения не является носителем энергии. Напротив, электрическое сопротивление, как свойство тел, веществ, растворов проявляет себя только при прохождении через него тока, и о значении этого сопротивления мы можем судить по напряжению, которое на нем падает. При выборе силы этого тока следует иметь в виду, что сопротивление нагревается, а значит в связи с этим его значение изменяется. Может даже оказаться, что при слишком большом токе измеряемое сопротивление может разрушиться. В тех случаях, когда измерению подлежит электропроводность биологических растворов и смесей, крови, лимфатической жидкости, проб жидких промышленных выбросов и других подобных веществ, проходящий через них ток вызывает электролиз, и состав исследуемых объектов меняется. Поэтому измерения сопротивления этих веществ выполняются на переменном токе. В результате взаимодействия между средством измерений и объектом измерений возникает погрешность, которая является методической. Для того, чтобы предохранить объект от разрушения и снизить методическую погрешность, необходимо ограничивать ток через объект до минимально возможного значения."
docling,D01,TXT_002,27,bbox_iou,755,398,52.66418547668549,2,"Измеряемое  напряжение подают на  входные зажимы ""С"" – сигнал, 
высокопотенциальный зажим (красного цвета) и ""0"" - нуль, низкопотенци-
альный зажим (белого цвета). Зажим  защитного экрана ""Э""  используют 
при измерении малых токов и напряжений с  целью защиты от продольной 
помехи (помехи общего вида). Контакт К для присоединения к корпусу 
прибора находится на его задней панели, он обозначен символом  “⊥“. 
Если измеряемое напряжение передается по экранированной паре 
проводов и нигде низкопотенциальный провод не соединен с экраном, 
этот зажим “Э” соединяется с низкопотенциальным зажимом “0”. 
Основная 
относительная 
инструментальная 
погрешность 
прибора 
нормирована двучленной формулой: 
  
 
 
[
]
γ В
K
X
U
U
=
+
−
0 04
0 02
1
,
,
(
/
) %.","Измеряемое напряжение подают на входные зажимы ""С"" - сигнал, высокопотенциальный зажим (красного цвета) и ""0"" - нуль, низкопотенциальный зажим (белого цвета). Зажим защитного экрана ""Э"" используют при измерении малых токов и напряжений с целью защиты от продольной помехи (помехи общего вида). Контакт К для присоединения к корпусу прибора находится на его задней панели, он обозначен символом ""⊥"".","Измеряемое напряжение подают на входные зажимы ""С"" - сигнал, высокопотенциальный зажим (красного цвета) и ""0"" - нуль, низкопотенциальный зажим (белого цвета). Зажим защитного экрана ""Э"" используют при измерении малых токов и напряжений с целью защиты от продольной помехи (помехи общего вида). Контакт К для присоединения к корпусу прибора находится на его задней панели, он обозначен символом ""⊥"". Если измеряемое напряжение передается по экранированной паре проводов и нигде низкопотенциальный провод не соединен с экраном, этот зажим ""Э"" соединяется с низкопотенциальным зажимом ""0"". Основная относительная инструментальная погрешность прибора нормирована двучленной формулой:"
docling,D02,TXT_003,3,bbox_iou,2356,787,32.15772518894809,4,"Методика получения магнитных наноча-
стиц Fe3O4. Наноразмерные частицы Fe3O4 по-
лучали путем химического осаждения по моди-
фицированной методике Массара [4]. К 40 мл 
0,5 М водного раствора аммиака постепенно до-
бавляли смесь растворов FeCl3·6H2O (1,0 мл 1 M 
раствора в 2 M HCl) и FeSO4·(NH4)2SO4·6H2O 
(1,0 мл 0,5 M раствора). После чего полученную 
суспензию перемешивали в течение 30 мин на 
электромеханическом шейкере при комнатной 
температуре. Концентрация Fe3O4 составила 
2,75 мг/мл, средний диаметр частиц 16 нм.
Определение железа в образцах магнитных 
сорбентов. Магнитный сорбент (0,07 г) обра-
батывали 5,0 мл 0,5 М раствора HCl в течение 
24 ч. Далее проводили спектрофотометрическое 
определение содержания общего железа по ме-
тодике [5]. Для этого 4 мл полученного раствора 
помещали в мерную колбу объемом 25 мл и раз-
бавляли до метки дистиллированной водой, алик-
вотную часть полученного раствора (5–10 мл) 
вносили в мерную колбу емкостью 25 мл и далее 
проводили определение общего содержания же-
леза по методике построения градуировочного 
графика.
Методика построения градуировочного гра-
фика. В мерные колбы емкостью 25 мл вноси-
ли стандартный раствор Fe(III), 2,5 мл 10%-го 
раствора сульфосалициловой кислоты, 2,5 мл 
10%-го раствора аммиака и доводили до метки 
дистиллированной водой. Тщательно перемеши-
вали и оставляли на 5 мин для развития окраски. 
Оптическую плотность полученного раствора 
измеряли при длине волны λ = 416 нм (l = 1 см). 
Диапазон линейности градуировочного графика 
составлял 1–10 мкг/мл.
Методика проведения сорбции азокрасите-
лей ЖСЗ, ТАРТ, П-4R. В 10,0 мл водного рас-
твора, полученного смешением 1,0 мл раствора 
красителя (0,1 г/мл), 0,5 мл 9,2·10–3 М раствора 
ЦТАБ, помещали 0,07 г сорбента, предваритель-
но обработанного этанолом (3×50 мкл). Сорбент 
перемешивали на шейкере до установления 
сорбционного равновесия, после чего отделяли от 
раствора фильтрованием или магнитной сепараци-
ей (в случае магнитных сорбентов), высушивали 
на воздухе и регистрировали спектры диффузного 
отражения. Содержание красителя в водной фазе 
определяли по градуировочным зависимостям при 
максимальной длине волны поглощения (λТАР = 
426 нм, λЖСЗ = 480 нм, λП-4R = 506 нм). Содержание 
красителя на сорбенте рассчитывали по разности 
значений исходной и равновесной концентрации 
в водной фазе.","Методика проведения сорбции азокрасителей ЖСЗ, ТАРТ, П-4R. В 10,0 мл водного раствора, полученного смешением 1,0 мл раствора красителя (0,1 г/мл), 0,5 мл 9,2·10 -3 М раствора ЦТАБ, помещали 0,07 г сорбента, предварительно обработанного этанолом (3×50 мкл). Сорбент перемешивали на шейкере до установления сорбционного равновесия, после чего отделяли от раствора фильтрованием или магнитной сепарацией (в случае магнитных сорбентов), высушивали на воздухе и регистрировали спектры диффузного отражения. Содержание красителя в водной фазе определяли по градуировочным зависимостям при максимальной длине волны поглощения (λ ТАР = 426 нм, λ ЖСЗ = 480 нм, λ П-4R = 506 нм). Содержание красителя на сорбенте рассчитывали по разности значений исходной и равновесной концентрации в водной фазе.","Методика получения магнитных наночастиц Fe 3 O 4 . Наноразмерные частицы Fe 3 O 4 получали путем химического осаждения по модифицированной методике Массара [4]. К 40 мл 0,5 М водного раствора аммиака постепенно добавляли смесь растворов FeCl 3 ·6H 2 O (1,0 мл 1 M раствора в 2 M HCl) и FeSO 4 ·(NH 4 ) 2 SO 4 ·6H 2 O (1,0 мл 0,5 M раствора). После чего полученную суспензию перемешивали в течение 30 мин на электромеханическом шейкере при комнатной температуре. Концентрация Fe 3 O 4 составила 2,75 мг/мл, средний диаметр частиц 16 нм. Определение железа в образцах магнитных сорбентов. Магнитный сорбент (0,07 г) обрабатывали 5,0 мл 0,5 М раствора HCl в течение 24 ч. Далее проводили спектрофотометрическое определение содержания общего железа по методике [5]. Для этого 4 мл полученного раствора помещали в мерную колбу объемом 25 мл и разбавляли до метки дистиллированной водой, аликвотную часть полученного раствора (5-10 мл) вносили в мерную колбу емкостью 25 мл и далее проводили определение общего содержания железа по методике построения градуировочного графика. Методика построения градуировочного графика. В мерные колбы емкостью 25 мл вносили стандартный раствор Fe(III), 2,5 мл 10%-го раствора сульфосалициловой кислоты, 2,5 мл 10%-го раствора аммиака и доводили до метки дистиллированной водой. Тщательно перемешивали и оставляли на 5 мин для развития окраски. Оптическую плотность полученного раствора измеряли при длине волны λ = 416 нм (l = 1 см). Диапазон линейности градуировочного графика составлял 1-10 мкг/мл. Методика проведения сорбции азокрасителей ЖСЗ, ТАРТ, П-4R. В 10,0 мл водного раствора, полученного смешением 1,0 мл раствора красителя (0,1 г/мл), 0,5 мл 9,2·10 -3 М раствора ЦТАБ, помещали 0,07 г сорбента, предварительно обработанного этанолом (3×50 мкл). Сорбент перемешивали на шейкере до установления сорбционного равновесия, после чего отделяли от раствора фильтрованием или магнитной сепарацией (в случае магнитных сорбентов), высушивали на воздухе и регистрировали спектры диффузного отражения. Содержание красителя в водной фазе определяли по градуировочным зависимостям при максимальной длине волны поглощения (λ ТАР = 426 нм, λ ЖСЗ = 480 нм, λ П-4R = 506 нм). Содержание красителя на сорбенте рассчитывали по разности значений исходной и равновесной концентрации в водной фазе."
docling,D02,TXT_004,5,bbox_iou,727,411,57.95294943820225,2,"Десорбция пищевых анионных красителей. 
Установлено, что десорбция красителя ЖСЗ (аце-
тонитрил, изопропропанол, метанол и этанол) 
наиболее эффективна при использовании метано-
ла и этанола. В качестве десорбирующего агента 
выбран этанол ввиду его большей безопасности 
использования (табл. 6). В отличие от сорбции, 
десорбция в случае магнитных сорбентов прохо-
дит более эффективно по сравнению с исходными 
(табл. 7).
Сорбция 2,4-динитрофенола. Модифицирова-
ние магнетитом приводит к уменьшению эффек-
тивности сорбции больших по размеру молекул 
ионных ассоциатов красителей. Для молекул не-
большого размера влияние модифицирования 
на сорбционные свойства может быть незначи-
тельным. Для проверки этого предположения","Десорбция пищевых анионных красителей. Установлено, что десорбция красителя ЖСЗ (ацетонитрил, изопропропанол, метанол и этанол) наиболее эффективна при использовании метанола и этанола. В качестве десорбирующего агента выбран этанол ввиду его большей безопасности использования (табл. 6). В отличие от сорбции, десорбция в случае магнитных сорбентов проходит более эффективно по сравнению с исходными (табл. 7).","Десорбция пищевых анионных красителей. Установлено, что десорбция красителя ЖСЗ (ацетонитрил, изопропропанол, метанол и этанол) наиболее эффективна при использовании метанола и этанола. В качестве десорбирующего агента выбран этанол ввиду его большей безопасности использования (табл. 6). В отличие от сорбции, десорбция в случае магнитных сорбентов проходит более эффективно по сравнению с исходными (табл. 7). Сорбция 2,4-динитрофенола. Модифицирование магнетитом приводит к уменьшению эффективности сорбции больших по размеру молекул ионных ассоциатов красителей. Для молекул небольшого размера влияние модифицирования на сорбционные свойства может быть незначительным. Для проверки этого предположения"
docling,D03,TXT_005,2,bbox_iou,1569,1569,100.0,1,"Рост популярности онлайн-платформ, позволяющих пользователям общаться друг с другом, делиться мнениями
о различных событиях, оставлять комментарии, подтолкнул к развитию алгоритмов обработки естественного
языка. Десятки миллионов сообщений в день, которые публикуют пользователи отдельно взятой социальной
сети, необходимо анализировать в режиме реального времени или близко к тому с целью модерации, чтобы
не допустить распространение различной противозаконной или оскорбительной информации, угроз и других
видов токсичных комментариев. Разумеется такой большой объем информации может быть обработан достаточно
быстро только автоматически. Возникает необходимость научить компьютер «понимать» текст, написанный
человеком, что является нетривиальной задачей, пусть даже под «пониманием» текста подразумевается лишь его
классификация. Бурное развитие технологий машинного обучения обусловило повсеместное внедрение новых
алгоритмов. Многие задачи, в том числе и задачи обработки естественного языка, которые долгие годы считалось
практически невозможно решить, сейчас вполне успешно решаются с использованием технологий глубокого
обучения. В данной статье будут рассмотрены алгоритмы, построенные с использованием технологий глубокого
обучения и нейронных сетей, позволяющие успешно решать задачу распознавания и классификации токсичных
комментариев. Помимо этого, в статье будут приведены результаты тестирования как разработанных алгоритмов,
так и ансамбля данных алгоритмов на большой обучающей выборке, собранной и размеченной специалистами
компаний Google и Jigsaw.","Рост популярности онлайн-платформ, позволяющих пользователям общаться друг с другом, делиться мнениями о различных событиях, оставлять комментарии, подтолкнул к развитию алгоритмов обработки естественного языка. Десятки миллионов сообщений в день, которые публикуют пользователи отдельно взятой социальной сети, необходимо анализировать в режиме реального времени или близко к тому с целью модерации, чтобы не допустить распространение различной противозаконной или оскорбительной информации, угроз и других видов токсичных комментариев. Разумеется такой большой объем информации может быть обработан достаточно быстро только автоматически. Возникает необходимость научить компьютер ""понимать"" текст, написанный человеком, что является нетривиальной задачей, пусть даже под ""пониманием"" текста подразумевается лишь его классификация. Бурное развитие технологий машинного обучения обусловило повсеместное внедрение новых алгоритмов. Многие задачи, в том числе и задачи обработки естественного языка, которые долгие годы считалось практически невозможно решить, сейчас вполне успешно решаются с использованием технологий глубокого обучения. В данной статье будут рассмотрены алгоритмы, построенные с использованием технологий глубокого обучения и нейронных сетей, позволяющие успешно решать задачу распознавания и классификации токсичных комментариев. Помимо этого, в статье будут приведены результаты тестирования как разработанных алгоритмов, так и ансамбля данных алгоритмов на большой обучающей выборке, собранной и размеченной специалистами компаний Google и Jigsaw.","Рост популярности онлайн-платформ, позволяющих пользователям общаться друг с другом, делиться мнениями о различных событиях, оставлять комментарии, подтолкнул к развитию алгоритмов обработки естественного языка. Десятки миллионов сообщений в день, которые публикуют пользователи отдельно взятой социальной сети, необходимо анализировать в режиме реального времени или близко к тому с целью модерации, чтобы не допустить распространение различной противозаконной или оскорбительной информации, угроз и других видов токсичных комментариев. Разумеется такой большой объем информации может быть обработан достаточно быстро только автоматически. Возникает необходимость научить компьютер ""понимать"" текст, написанный человеком, что является нетривиальной задачей, пусть даже под ""пониманием"" текста подразумевается лишь его классификация. Бурное развитие технологий машинного обучения обусловило повсеместное внедрение новых алгоритмов. Многие задачи, в том числе и задачи обработки естественного языка, которые долгие годы считалось практически невозможно решить, сейчас вполне успешно решаются с использованием технологий глубокого обучения. В данной статье будут рассмотрены алгоритмы, построенные с использованием технологий глубокого обучения и нейронных сетей, позволяющие успешно решать задачу распознавания и классификации токсичных комментариев. Помимо этого, в статье будут приведены результаты тестирования как разработанных алгоритмов, так и ансамбля данных алгоритмов на большой обучающей выборке, собранной и размеченной специалистами компаний Google и Jigsaw."
docling,D03,TXT_006,7,bbox_iou,748,258,34.1952523803313,7,"1. Приведение текста к нижнему регистру.
2. Удаление кусков html-кода, которые присутствуют в некоторых комментариях.
3. Преобразование подстроки вида «w h a t a n i c e d a y» к «what a nice day». Данный вид
искажения текста часто используется для маскировки нецензурных слов.
4. Удаление ссылок, ip-адресов.
5. Удаление чисел и цифр.
6. Удаление всей пунктуации, кроме «’», «.», «!», «?». При этом также удалялись дублирующиеся
знаки, то есть подстрока вида «!!!!!» приводилась к «!».
7. Замена знаков окончания предложения на специальные токены. «!» заменялся на « exclmrk
», «?» — на « qstmrk », «.» — на « eosmkr ». Это было сделано для того, чтобы не потерять
информацию об этих знаках на этапе трансформации текста в векторное представление.","Замена знаков окончания предложения на специальные токены. ""!"" заменялся на "" exclmrk "", ""?"" - на "" qstmrk "", ""."" - на "" eosmkr "". Это было сделано для того, чтобы не потерять информацию об этих знаках на этапе трансформации текста в векторное представление.","Приведение текста к нижнему регистру. Удаление кусков html-кода, которые присутствуют в некоторых комментариях. Преобразование подстроки вида ""w h a t a n i c e d a y"" к ""what a nice day"". Данный вид искажения текста часто используется для маскировки нецензурных слов. Удаление ссылок, ip-адресов. Удаление чисел и цифр. Удаление всейпунктуации, кроме ""'"", ""."", ""!"", ""?"". При этомтакже удалялись дублирующиеся знаки, то есть подстрока вида ""!!!!!"" приводилась к ""!"". Замена знаков окончания предложения на специальные токены. ""!"" заменялся на "" exclmrk "", ""?"" - на "" qstmrk "", ""."" - на "" eosmkr "". Это было сделано для того, чтобы не потерять информацию об этих знаках на этапе трансформации текста в векторное представление."
docling,D04,TXT_007,7,bbox_iou,2215,560,24.906797000167394,9,"В качестве множества для обучения нейронной сети на основе точных ре-
шений было сформировано 1000 примеров (данное множество будем именовать
обучающим). Для тестирования было сформировано отдельное множество из
500 примеров, не имеющее пересечений с обучающим (далее тестовым). Для ис-
следования влияния шума на результат прогноза в указанные множества искус-
ственно был привнесен шум в размере не более 5 % (далее обучающее+5 % шум,
тестовое + 5 % шум). Для нейронных сетей, соответствующих N = 40, обучаю-
щее множество состояло из 3000 примеров, тестовое — из 1000.
Поясним подробнее, как формировались примеры для обучения и тестиро-
вания. Для построения точных решений прямой задачи (5) воспользуемся фор-
мулой (6). Эти точные решения, соответствующие заданным значениям α и λ,
будут использоваться при обучении.
Алгоритм построения примеров для обучения нейронной сети (для задан-
ного значения N) состоит из следующих шагов.
Шаг 1. Выберем случайным образом с равномерным распределением в ин-
тервале (0, 1) параметры α и λ.
Шаг 2.
Аналогичным образом выберем некоторое количество коэффи-
циентов Cn из интервала (−10, 10) (значения нижнего индекса n не обязательно
выбирать последовательными).
Шаг 3. Подставив выбранные значения в (6), получим функцию u(x, t),
состоящую из конечного числа слагаемых и удовлетворяющую системе (5).
Шаг 4. Для получения входных данных для обратной задачи достаточно
выбрать координату точки измерения x0 ∈(0, 1) и вычислить значения ui =
u(x0, ti) = u(x0, i/N).
Выполнив последовательно шаги 1–4, получим пример для обучения или
тестирования нейронной сети, основанный на точном решении дифференциаль-
ной задачи.
Для формирования зашумленных данных ˜ui во входные данные для нейрон-
ной сети на шаге 4 вносился аддитивный шум: к точному решению ui добавля-
лась некоторая случайная ошибка ξi (˜ui = ui + ξi), равномерно распределенная
на симметричном относительно нуля интервале [−Emaxui, Emaxui].
Значение
определяет максимальный уровень вносимой ошибки. Эти данные необходи-
мы для понимания того, насколько нейронная сеть восприимчива к шуму во
входных данных. Физически он соответствует ошибке измерения функции кон-
центрации вещества в заданной точке наблюдения.","В качестве множества для обучения нейронной сети на основе точных решений было сформировано 1000 примеров (данное множество будем именовать обучающим). Для тестирования было сформировано отдельное множество из 500 примеров, не имеющее пересечений с обучающим (далее тестовым). Для исследования влияния шума на результат прогноза в указанные множества искусственно был привнесен шум в размере не более 5 % (далее обучающее+5 % шум, тестовое+5% шум). Для нейронных сетей, соответствующих N = 40, обучающее множество состояло из 3000 примеров, тестовое - из 1000.","В качестве множества для обучения нейронной сети на основе точных решений было сформировано 1000 примеров (данное множество будем именовать обучающим). Для тестирования было сформировано отдельное множество из 500 примеров, не имеющее пересечений с обучающим (далее тестовым). Для исследования влияния шума на результат прогноза в указанные множества искусственно был привнесен шум в размере не более 5 % (далее обучающее+5 % шум, тестовое+5% шум). Для нейронных сетей, соответствующих N = 40, обучающее множество состояло из 3000 примеров, тестовое - из 1000. Поясним подробнее, как формировались примеры для обучения и тестирования. Для построения точных решений прямой задачи (5) воспользуемся формулой (6). Эти точные решения, соответствующие заданным значениям α и λ, будут использоваться при обучении. Алгоритм построения примеров для обучения нейронной сети (для заданного значения N) состоит из следующих шагов. Шаг 1. Выберем случайным образом с равномерным распределением в интервале (0, 1) параметры α и λ. Шаг 2. Аналогичным образом выберем некоторое количество коэффициентов Cn из интервала (-10, 10) (значения нижнего индекса n не обязательно выбирать последовательными). Шаг 3. Подставив выбранные значения в (6), получим функцию u(x, t), состоящую из конечного числа слагаемых и удовлетворяющую системе (5). Шаг 4. Для получения входных данных для обратной задачи достаточно выбрать координату точки измерения x0 ∈ (0, 1) и вычислить значения ui = u(x0, ti) = u(x0, i/N). Выполнив последовательно шаги 1-4, получим пример для обучения или тестирования нейронной сети, основанный на точном решении дифференциальной задачи. Для формирования зашумленных данных ˜ui во входные данные для нейронной сети на шаге 4 вносился аддитивный шум: к точному решению ui добавлялась некоторая случайная ошибка ξi (˜ui = ui + ξi), равномерно распределенная на симметричном относительно нуля интервале [-Emaxui, Emaxui]. Значение определяет максимальный уровень вносимой ошибки. Эти данные необходимы для понимания того, насколько нейронная сеть восприимчива к шуму во входных данных. Физически он соответствует ошибке измерения функции концентрации вещества в заданной точке наблюдения."
docling,D04,TXT_008,9,bbox_iou,1049,407,36.319847915242654,4,"3. Метод показал себя устойчивым к шуму в начальных данных: в боль-
шинстве рассматриваемых моделей внесение шума в исходные данные обрат-
ной задачи в размере не более 5 % дает 5–7 % снижения точности распознавания
и весьма незначительное увеличение средней ошибки (порядка 0,02–0,03).
Но наиболее неожиданным, на наш взгляд, результатом является то, что
дополнительное знание о расположении измерительного прибора (координа-
та x0) не дает существенного повышения точности определения параметра
дробного дифференцирования α.
Этот факт позволяет выдвинуть гипотезу
о том, что предложенный метод может быть успешно применен для решения
обратной задачи в области Ω′ = {(x, t) : −∞< x < ∞, t ≥0}.
Данные в табл. 5, 6 дают представление о максимальной ошибке восста-
новления параметров задачи (5), но не говорят о том, как часто возникает
ошибка, большая допустимой.
Разобьем отрезок [0, 2] на 11 интервалов [0, 00; 0, 02), [0, 02; 0, 04), [0, 04;
0, 06), [0, 06; 0, 08), [0, 08; 0, 10), [0, 10; 0, 12), [0, 12; 0, 14), [0, 14; 0, 16), [0, 16; 0, 18),","Но наиболее неожиданным, на наш взгляд, результатом является то, что дополнительное знание о расположении измерительного прибора (координата x0) не дает существенного повышения точности определения параметра дробного дифференцирования α. Этот факт позволяет выдвинуть гипотезу о том, что предложенный метод может быть успешно применен для решения обратной задачи в области Ω′ = {(x, t) : -∞ < x < ∞, t ≥ 0}.","3. Метод показал себя устойчивым к шуму в начальных данных: в большинстве рассматриваемых моделей внесение шума в исходные данные обратной задачи в размере не более 5 % дает 5-7% снижения точности распознавания и весьма незначительное увеличение средней ошибки (порядка 0,02-0,03). Но наиболее неожиданным, на наш взгляд, результатом является то, что дополнительное знание о расположении измерительного прибора (координата x0) не дает существенного повышения точности определения параметра дробного дифференцирования α. Этот факт позволяет выдвинуть гипотезу о том, что предложенный метод может быть успешно применен для решения обратной задачи в области Ω′ = {(x, t) : -∞ < x < ∞, t ≥ 0}. Данные в табл. 5, 6 дают представление о максимальной ошибке восстановления параметров задачи (5), но не говорят о том, как часто возникает ошибка, большая допустимой. Разобьем отрезок [0, 2] на 11 интервалов [0, 00; 0, 02), [0, 02; 0, 04), [0, 04; 0, 06), [0, 06; 0, 08), [0, 08; 0, 10), [0, 10; 0, 12), [0, 12; 0, 14), [0, 14; 0, 16), [0, 16; 0, 18),"
docling,D05,TXT_009,10,bbox_iou,1428,1257,75.84922307337571,2,"5.2. Поверхностные электронные состояния 
Поверхностные электронные состояния (ПЭС) играют 
важную роль в теории полупроводников, так как именно 
они определяют контактные электронные свойства [34]. 
Реальная поверхность любого металла покрыта оксид­
ной пленкой, свойства которой ближе к полупроводни­
ковым, то же самое можно сказать и о л ю б о м металличе­
ском электроде. П о определению П Э С связаны только с 
узкой областью вблизи поверхности, где свойства кри­
сталла сильно отличаются от свойств бесконечной кри­
сталлической решетки. В этой области возникает нерав­
н о м е р н о е распределение з а р я д о в как по н о р м а л и к 
поверхности, так и вдоль нее; имеются специфические 
центры адсорбции электронов, связанные с дефектами 
кристаллической решетки, геометрическими неоднород-
н о с т я м и и т.д. В качестве п р и м е р а приведем схему 
распределения поверхностных электронов на границе 
кристалла кремния, покрытого оксидной пленкой S i 0 2 
(рис. 10) [34]. Из рисунка видно, что по мере продвижения 
от свободной поверхности (т.е. оксида кремния) к кри­
сталлу кремния П Э С изменяются, последовательно пере­
ходя от локализованных состояний 7, 2 (обусловленных 
наличием ловушек, образованных за счет адсорбции 
молекул воды с последующим формированием связей 
S i - О Н . . . Н О - S i ) к состояниям медленных 3 и быстрых 
4 поверхностных электронов и, наконец, к рекомбина-
ционным состояниям 5.","Поверхностные электронные состояния (ПЭС) играют важную роль теории полупроводников, так как именно они определяют контактные электронные свойства [34] Реальная поверхность любого металла покрыта оксидной пленкой; свойства которой ближе к полупроводниковым, то же самое можно сказать и о любом металлическом электроде. По определению ПЭС связаны только областью вблизи повсрхности, гдс свойства кристалла сильно отличаются от свойств бесконечной кристаллической решетки В этой области возникает неравномерное распределение зарядов как По нормали поверхности, так нее; имеются специфические центры адсорбции электронов; связанные дефектами кристаллической решетки, геометрическими неоднородностями качестве примера приведем схему распределения поверхностных электронов на границе кристалла кремния, покрытого оксидной пленкой SiOz (рис. 10) [34]. Из рисунка видно, что по мере продвижения от свободной поверхности (т с. оксида кремния) к кристаллу кремния ПЭС изменяются, последовательно переходя от локализованных состояний 1, 2 (обусловленных наличием ловушек, образованных за счет адсорбции молекул последующим формированием связей Si _OH: HO_Si) к состояниям медленных 3 и быстрых поверхностных электронов И; наконец; рекомбинационным состояниям 5. узкой","5.2. Поверхностные электронные состояния Поверхностные электронные состояния (ПЭС) играют важную роль теории полупроводников, так как именно они определяют контактные электронные свойства [34] Реальная поверхность любого металла покрыта оксидной пленкой; свойства которой ближе к полупроводниковым, то же самое можно сказать и о любом металлическом электроде. По определению ПЭС связаны только областью вблизи повсрхности, гдс свойства кристалла сильно отличаются от свойств бесконечной кристаллической решетки В этой области возникает неравномерное распределение зарядов как По нормали поверхности, так нее; имеются специфические центры адсорбции электронов; связанные дефектами кристаллической решетки, геометрическими неоднородностями качестве примера приведем схему распределения поверхностных электронов на границе кристалла кремния, покрытого оксидной пленкой SiOz (рис. 10) [34]. Из рисунка видно, что по мере продвижения от свободной поверхности (т с. оксида кремния) к кристаллу кремния ПЭС изменяются, последовательно переходя от локализованных состояний 1, 2 (обусловленных наличием ловушек, образованных за счет адсорбции молекул последующим формированием связей Si _OH: HO_Si) к состояниям медленных 3 и быстрых поверхностных электронов И; наконец; рекомбинационным состояниям 5. узкой"
pdfminer,D01,TXT_001,15,bbox_iou,2010,1216,62.94155066606796,38,"Измерение 
электрических 
сопротивлений 
представляет 
весьма 
развитую область измерительной техники как в отношении методов 
измерений, так и используемой аппаратуры. Измерение сопротивлений 
является обязательной процедурой при всех видах испытаний и 
исследований 
электротехнического 
и 
электронного 
оборудования. 
Широко используются разнообразные приемы измерения сопротивления в 
медицинских исследованиях, для клинических анализов,  в биологии, 
агротехнике и экологическом мониторинге, где чаще всего приходится 
измерять электропроводность растворов, почвы, крови, кожного покрова. 
К измерению сопротивления сводятся многие задачи измерения таких 
физических величин, как деформация,  ускорение, давление, сила, 
температура и многих других. 
Электрическое 
сопротивление 
представляет 
собой 
пассивную 
физическую величину, которая в отличие от тока или напряжения не 
является носителем энергии. Напротив, электрическое сопротивление, как 
свойство тел, веществ, растворов проявляет себя только при прохождении 
через него тока, и о значении этого сопротивления мы можем судить по 
напряжению, которое на нем падает. При выборе силы этого тока следует 
иметь в виду, что сопротивление нагревается, а значит в связи с этим его 
значение изменяется. Может даже оказаться, что при слишком большом 
токе измеряемое сопротивление может разрушиться. В тех случаях, когда 
измерению подлежит электропроводность биологических растворов и 
смесей, крови, лимфатической жидкости, проб жидких промышленных 
выбросов и других подобных веществ, проходящий через них ток 
вызывает электролиз, и состав исследуемых объектов меняется. Поэтому 
измерения сопротивления этих веществ выполняются на переменном токе. 
В результате взаимодействия между средством измерений и объектом 
измерений возникает погрешность, которая является методической. Для  
того, чтобы предохранить объект от разрушения и снизить методическую 
погрешность, необходимо ограничивать ток через объект до минимально 
возможного значения.","собой пассивную сопротивление представляет физическую величину, которая в отличие от тока или напряжения не является носителем энергии. Напротив, электрическое сопротивление, как свойство тел, веществ, растворов проявляет себя только при прохождении через него тока, и о значении этого сопротивления мы можем судить по напряжению, которое на нем падает. При выборе силы этого тока следует иметь в виду, что сопротивление нагревается, а значит в связи с этим его значение изменяется. Может даже оказаться, что при слишком большом токе измеряемое сопротивление может разрушиться. В тех случаях, когда измерению подлежит электропроводность биологических растворов и смесей, крови, лимфатической жидкости, проб жидких промышленных выбросов и других подобных веществ, проходящий через них ток вызывает электролиз, и состав исследуемых объектов меняется. Поэтому измерения сопротивления этих веществ выполняются на переменном токе. В результате взаимодействия между средством измерений и объектом измерений возникает погрешность, которая является методической. Для того, чтобы предохранить объект от разрушения и снизить методическую погрешность, необходимо ограничивать ток через объект до минимально возможного значения.","электротехнического и Измерение электрических сопротивлений представляет весьма развитую область измерительной техники как в отношении методов измерений, так и используемой аппаратуры. Измерение сопротивлений является обязательной процедурой при всех видах испытаний и исследований электронного оборудования. Широко используются разнообразные приемы измерения сопротивления в медицинских исследованиях, для клинических анализов, в биологии, агротехнике и экологическом мониторинге, где чаще всего приходится измерять электропроводность растворов, почвы, крови, кожного покрова. К измерению сопротивления сводятся многие задачи измерения таких физических величин, как деформация, ускорение, давление, сила, температура и многих других. Измерение электрических сопротивлений представляет весьма развитую область измерительной техники как в отношении методов измерений, так и используемой аппаратуры. Измерение сопротивлений является обязательной процедурой при всех видах испытаний и исследований электронного оборудования. Широко используются разнообразные приемы измерения сопротивления в медицинских исследованиях, для клинических анализов, в биологии, агротехнике и экологическом мониторинге, где чаще всего приходится измерять электропроводность растворов, почвы, крови, кожного покрова. К измерению сопротивления сводятся многие задачи измерения таких физических величин, как деформация, ускорение, давление, сила, температура и многих других. Электрическое собой пассивную сопротивление представляет физическую величину, которая в отличие от тока или напряжения не является носителем энергии. Напротив, электрическое сопротивление, как свойство тел, веществ, растворов проявляет себя только при прохождении через него тока, и о значении этого сопротивления мы можем судить по напряжению, которое на нем падает. При выборе силы этого тока следует иметь в виду, что сопротивление нагревается, а значит в связи с этим его значение изменяется. Может даже оказаться, что при слишком большом токе измеряемое сопротивление может разрушиться. В тех случаях, когда измерению подлежит электропроводность биологических растворов и смесей, крови, лимфатической жидкости, проб жидких промышленных выбросов и других подобных веществ, проходящий через них ток вызывает электролиз, и состав исследуемых объектов меняется. Поэтому измерения сопротивления этих веществ выполняются на переменном токе. В результате взаимодействия между средством измерений и объектом измерений возникает погрешность, которая является методической. Для того, чтобы предохранить объект от разрушения и снизить методическую погрешность, необходимо ограничивать ток через объект до минимально возможного значения. собой пассивную сопротивление представляет физическую величину, которая в отличие от тока или напряжения не является носителем энергии. Напротив, электрическое сопротивление, как свойство тел, веществ, растворов проявляет себя только при прохождении через него тока, и о значении этого сопротивления мы можем судить по напряжению, которое на нем падает. При выборе силы этого тока следует иметь в виду, что сопротивление нагревается, а значит в связи с этим его значение изменяется. Может даже оказаться, что при слишком большом токе измеряемое сопротивление может разрушиться. В тех случаях, когда измерению подлежит электропроводность биологических растворов и смесей, крови, лимфатической жидкости, проб жидких промышленных выбросов и других подобных веществ, проходящий через них ток вызывает электролиз, и состав исследуемых объектов меняется. Поэтому измерения сопротивления этих веществ выполняются на переменном токе. В результате взаимодействия между средством измерений и объектом измерений возникает погрешность, которая является методической. Для того, чтобы предохранить объект от разрушения и снизить методическую погрешность, необходимо ограничивать ток через объект до минимально возможного значения."
pdfminer,D01,TXT_002,27,bbox_iou,755,282,35.358813483813485,31,"Измеряемое  напряжение подают на  входные зажимы ""С"" – сигнал, 
высокопотенциальный зажим (красного цвета) и ""0"" - нуль, низкопотенци-
альный зажим (белого цвета). Зажим  защитного экрана ""Э""  используют 
при измерении малых токов и напряжений с  целью защиты от продольной 
помехи (помехи общего вида). Контакт К для присоединения к корпусу 
прибора находится на его задней панели, он обозначен символом  “⊥“. 
Если измеряемое напряжение передается по экранированной паре 
проводов и нигде низкопотенциальный провод не соединен с экраном, 
этот зажим “Э” соединяется с низкопотенциальным зажимом “0”. 
Основная 
относительная 
инструментальная 
погрешность 
прибора 
нормирована двучленной формулой: 
  
 
 
[
]
γ В
K
X
U
U
=
+
−
0 04
0 02
1
,
,
(
/
) %.","Если измеряемое напряжение передается по экранированной паре проводов и нигде низкопотенциальный провод не соединен с экраном, этот зажим ""Э"" соединяется с низкопотенциальным зажимом ""0"". Основная относительная инструментальная погрешность прибора нормирована двучленной формулой: ,","Измеряемое напряжение подают на входные зажимы ""С"" – сигнал, высокопотенциальный зажим (красного цвета) и ""0"" - нуль, низкопотенци- альный зажим (белого цвета). Зажим защитного экрана ""Э"" используют при измерении малых токов и напряжений с целью защиты от продольной помехи (помехи общего вида). Контакт К для присоединения к корпусу прибора находится на его задней панели, он обозначен символом ""⊥"". Измеряемое напряжение подают на входные зажимы ""С"" – сигнал, высокопотенциальный зажим (красного цвета) и ""0"" - нуль, низкопотенци-альный зажим (белого цвета). Зажим защитного экрана ""Э"" используют при измерении малых токов и напряжений с целью защиты от продольной помехи (помехи общего вида). Контакт К для присоединения к корпусу прибора находится на его задней панели, он обозначен символом ""⊥"". Если измеряемое напряжение передается по экранированной паре проводов и нигде низкопотенциальный провод не соединен с экраном, этот зажим ""Э"" соединяется с низкопотенциальным зажимом ""0"". Основная относительная инструментальная погрешность прибора нормирована двучленной формулой: , Если измеряемое напряжение передается по экранированной паре проводов и нигде низкопотенциальный провод не соединен с экраном, этот зажим ""Э"" соединяется с низкопотенциальным зажимом ""0"". Основная относительная инструментальная погрешность прибора нормирована двучленной формулой: , / U U K + ( 0 04 0 02 , + ( 0 04 0 02 , ] ) % . 1 ] ) % . 1 γ В − = [ X"
pdfminer,D02,TXT_003,3,bbox_iou,2356,791,32.8236381282782,58,"Методика получения магнитных наноча-
стиц Fe3O4. Наноразмерные частицы Fe3O4 по-
лучали путем химического осаждения по моди-
фицированной методике Массара [4]. К 40 мл 
0,5 М водного раствора аммиака постепенно до-
бавляли смесь растворов FeCl3·6H2O (1,0 мл 1 M 
раствора в 2 M HCl) и FeSO4·(NH4)2SO4·6H2O 
(1,0 мл 0,5 M раствора). После чего полученную 
суспензию перемешивали в течение 30 мин на 
электромеханическом шейкере при комнатной 
температуре. Концентрация Fe3O4 составила 
2,75 мг/мл, средний диаметр частиц 16 нм.
Определение железа в образцах магнитных 
сорбентов. Магнитный сорбент (0,07 г) обра-
батывали 5,0 мл 0,5 М раствора HCl в течение 
24 ч. Далее проводили спектрофотометрическое 
определение содержания общего железа по ме-
тодике [5]. Для этого 4 мл полученного раствора 
помещали в мерную колбу объемом 25 мл и раз-
бавляли до метки дистиллированной водой, алик-
вотную часть полученного раствора (5–10 мл) 
вносили в мерную колбу емкостью 25 мл и далее 
проводили определение общего содержания же-
леза по методике построения градуировочного 
графика.
Методика построения градуировочного гра-
фика. В мерные колбы емкостью 25 мл вноси-
ли стандартный раствор Fe(III), 2,5 мл 10%-го 
раствора сульфосалициловой кислоты, 2,5 мл 
10%-го раствора аммиака и доводили до метки 
дистиллированной водой. Тщательно перемеши-
вали и оставляли на 5 мин для развития окраски. 
Оптическую плотность полученного раствора 
измеряли при длине волны λ = 416 нм (l = 1 см). 
Диапазон линейности градуировочного графика 
составлял 1–10 мкг/мл.
Методика проведения сорбции азокрасите-
лей ЖСЗ, ТАРТ, П-4R. В 10,0 мл водного рас-
твора, полученного смешением 1,0 мл раствора 
красителя (0,1 г/мл), 0,5 мл 9,2·10–3 М раствора 
ЦТАБ, помещали 0,07 г сорбента, предваритель-
но обработанного этанолом (3×50 мкл). Сорбент 
перемешивали на шейкере до установления 
сорбционного равновесия, после чего отделяли от 
раствора фильтрованием или магнитной сепараци-
ей (в случае магнитных сорбентов), высушивали 
на воздухе и регистрировали спектры диффузного 
отражения. Содержание красителя в водной фазе 
определяли по градуировочным зависимостям при 
максимальной длине волны поглощения (λТАР = 
426 нм, λЖСЗ = 480 нм, λП-4R = 506 нм). Содержание 
красителя на сорбенте рассчитывали по разности 
значений исходной и равновесной концентрации 
в водной фазе.","Методика проведения сорбции азокрасите- лей ЖСЗ, ТАРТ, П-4R. В 10,0 мл водного рас- твора, полученного смешением 1,0 мл раствора красителя (0,1 г/мл), 0,5 мл 9,2·10–3 М раствора ЦТАБ, помещали 0,07 г сорбента, предваритель- но обработанного этанолом (3×50 мкл). Сорбент перемешивали на шейкере до установления сорбционного равновесия, после чего отделяли от раствора фильтрованием или магнитной сепараци- ей (в случае магнитных сорбентов), высушивали на воздухе и регистрировали спектры диффузного отражения. Содержание красителя в водной фазе определяли по градуировочным зависимостям при максимальной длине волны поглощения (λТАР = 426 нм, λЖСЗ = 480 нм, λП-4R = 506 нм). Содержание красителя на сорбенте рассчитывали по разности значений исходной и равновесной концентрации в водной фазе.","Методика получения магнитных наноча- стиц Fe3O4. Наноразмерные частицы Fe3O4 по- лучали путем химического осаждения по моди- фицированной методике Массара [4]. К 40 мл 0,5 М водного раствора аммиака постепенно до- бавляли смесь растворов FeCl3·6H2O (1,0 мл 1 M раствора в 2 M HCl) и FeSO4·(NH4)2SO4·6H2O (1,0 мл 0,5 M раствора). После чего полученную суспензию перемешивали в течение 30 мин на электромеханическом шейкере при комнатной температуре. Концентрация Fe3O4 составила 2,75 мг/мл, средний диаметр частиц 16 нм. Методика получения магнитных наноча-стиц Fe3O4. Наноразмерные частицы Fe3O4 по-лучали путем химического осаждения по моди-фицированной методике Массара [4]. К 40 мл 0,5 М водного раствора аммиака постепенно до-бавляли смесь растворов FeCl3·6H2O (1,0 мл 1 M раствора в 2 M HCl) и FeSO4·(NH4)2SO4·6H2O (1,0 мл 0,5 M раствора). После чего полученную суспензию перемешивали в течение 30 мин на электромеханическом шейкере при комнатной температуре. Концентрация Fe3O4 составила 2,75 мг/мл, средний диаметр частиц 16 нм. Определение железа в образцах магнитных сорбентов. Магнитный сорбент (0,07 г) обра- батывали 5,0 мл 0,5 М раствора HCl в течение 24 ч. Далее проводили спектрофотометрическое определение содержания общего железа по ме- тодике [5]. Для этого 4 мл полученного раствора помещали в мерную колбу объемом 25 мл и раз- бавляли до метки дистиллированной водой, алик- вотную часть полученного раствора (5–10 мл) вносили в мерную колбу емкостью 25 мл и далее проводили определение общего содержания же- леза по методике построения градуировочного графика. Определение железа в образцах магнитных сорбентов. Магнитный сорбент (0,07 г) обра-батывали 5,0 мл 0,5 М раствора HCl в течение 24 ч. Далее проводили спектрофотометрическое определение содержания общего железа по ме-тодике [5]. Для этого 4 мл полученного раствора помещали в мерную колбу объемом 25 мл и раз-бавляли до метки дистиллированной водой, алик-вотную часть полученного раствора (5–10 мл) вносили в мерную колбу емкостью 25 мл и далее проводили определение общего содержания же-леза по методике построения градуировочного графика. Методика построения градуировочного гра- фика. В мерные колбы емкостью 25 мл вноси- ли стандартный раствор Fe(III), 2,5 мл 10%-го раствора сульфосалициловой кислоты, 2,5 мл 10%-го раствора аммиака и доводили до метки дистиллированной водой. Тщательно перемеши- вали и оставляли на 5 мин для развития окраски. Оптическую плотность полученного раствора измеряли при длине волны λ = 416 нм (l = 1 см). Диапазон линейности градуировочного графика составлял 1–10 мкг/мл. Методика построения градуировочного гра-фика. В мерные колбы емкостью 25 мл вноси-ли стандартный раствор Fe(III), 2,5 мл 10%-го раствора сульфосалициловой кислоты, 2,5 мл 10%-го раствора аммиака и доводили до метки дистиллированной водой. Тщательно перемеши-вали и оставляли на 5 мин для развития окраски. Оптическую плотность полученного раствора измеряли при длине волны λ = 416 нм (l = 1 см). Диапазон линейности градуировочного графика составлял 1–10 мкг/мл. Методика проведения сорбции азокрасите- лей ЖСЗ, ТАРТ, П-4R. В 10,0 мл водного рас- твора, полученного смешением 1,0 мл раствора красителя (0,1 г/мл), 0,5 мл 9,2·10–3 М раствора ЦТАБ, помещали 0,07 г сорбента, предваритель- но обработанного этанолом (3×50 мкл). Сорбент перемешивали на шейкере до установления сорбционного равновесия, после чего отделяли от раствора фильтрованием или магнитной сепараци- ей (в случае магнитных сорбентов), высушивали на воздухе и регистрировали спектры диффузного отражения. Содержание красителя в водной фазе определяли по градуировочным зависимостям при максимальной длине волны поглощения (λТАР = 426 нм, λЖСЗ = 480 нм, λП-4R = 506 нм). Содержание красителя на сорбенте рассчитывали по разности значений исходной и равновесной концентрации в водной фазе. Методика проведения сорбции азокрасите-лей ЖСЗ, ТАРТ, П-4R. В 10,0 мл водного рас-твора, полученного смешением 1,0 мл раствора красителя (0,1 г/мл), 0,5 мл 9,2·10–3 М раствора ЦТАБ, помещали 0,07 г сорбента, предваритель-но обработанного этанолом (3×50 мкл). Сорбент перемешивали на шейкере до установления сорбционного равновесия, после чего отделяли от раствора фильтрованием или магнитной сепараци-ей (в случае магнитных сорбентов), высушивали на воздухе и регистрировали спектры диффузного отражения. Содержание красителя в водной фазе определяли по градуировочным зависимостям при максимальной длине волны поглощения (λТАР = 426 нм, λЖСЗ = 480 нм, λП-4R = 506 нм). Содержание красителя на сорбенте рассчитывали по разности значений исходной и равновесной концентрации в водной фазе."
pdfminer,D02,TXT_004,5,bbox_iou,727,478,48.58045746388444,19,"Десорбция пищевых анионных красителей. 
Установлено, что десорбция красителя ЖСЗ (аце-
тонитрил, изопропропанол, метанол и этанол) 
наиболее эффективна при использовании метано-
ла и этанола. В качестве десорбирующего агента 
выбран этанол ввиду его большей безопасности 
использования (табл. 6). В отличие от сорбции, 
десорбция в случае магнитных сорбентов прохо-
дит более эффективно по сравнению с исходными 
(табл. 7).
Сорбция 2,4-динитрофенола. Модифицирова-
ние магнетитом приводит к уменьшению эффек-
тивности сорбции больших по размеру молекул 
ионных ассоциатов красителей. Для молекул не-
большого размера влияние модифицирования 
на сорбционные свойства может быть незначи-
тельным. Для проверки этого предположения","ХМК–С16–100/Fe3O4 > ХМК–С16–250/Fe3O4 > > ХМК–С16–500/Fe3O4. Десорбция пищевых анионных красителей. Установлено, что десорбция красителя ЖСЗ (аце- тонитрил, изопропропанол, метанол и этанол) наиболее эффективна при использовании метано- ла и этанола. В качестве десорбирующего агента выбран этанол ввиду его большей безопасности использования (табл. 6). В отличие от сорбции, десорбция в случае магнитных сорбентов прохо- дит более эффективно по сравнению с исходными (табл. 7).","ХМК–С16–100/Fe3O4 > ХМК–С16–250/Fe3O4 > > ХМК–С16–500/Fe3O4. Десорбция пищевых анионных красителей. Установлено, что десорбция красителя ЖСЗ (аце- тонитрил, изопропропанол, метанол и этанол) наиболее эффективна при использовании метано- ла и этанола. В качестве десорбирующего агента выбран этанол ввиду его большей безопасности использования (табл. 6). В отличие от сорбции, десорбция в случае магнитных сорбентов прохо- дит более эффективно по сравнению с исходными (табл. 7). Десорбция пищевых анионных красителей. Установлено, что десорбция красителя ЖСЗ (аце-тонитрил, изопропропанол, метанол и этанол) наиболее эффективна при использовании метано-ла и этанола. В качестве десорбирующего агента выбран этанол ввиду его большей безопасности использования (табл. 6). В отличие от сорбции, десорбция в случае магнитных сорбентов прохо-дит более эффективно по сравнению с исходными (табл. 7). Сорбция 2,4-динитрофенола. Модифицирова- ние магнетитом приводит к уменьшению эффек- тивности сорбции больших по размеру молекул ионных ассоциатов красителей. Для молекул не- большого размера влияние модифицирования на сорбционные свойства может быть незначи- тельным. Для проверки этого предположения Сорбция 2,4-динитрофенола. Модифицирова-ние магнетитом приводит к уменьшению эффек-тивности сорбции больших по размеру молекул ионных ассоциатов красителей. Для молекул не-большого размера влияние модифицирования на сорбционные свойства может быть незначи-тельным. Для проверки этого предположения"
pdfminer,D03,TXT_005,2,bbox_iou,1569,1569,100.0,17,"Рост популярности онлайн-платформ, позволяющих пользователям общаться друг с другом, делиться мнениями
о различных событиях, оставлять комментарии, подтолкнул к развитию алгоритмов обработки естественного
языка. Десятки миллионов сообщений в день, которые публикуют пользователи отдельно взятой социальной
сети, необходимо анализировать в режиме реального времени или близко к тому с целью модерации, чтобы
не допустить распространение различной противозаконной или оскорбительной информации, угроз и других
видов токсичных комментариев. Разумеется такой большой объем информации может быть обработан достаточно
быстро только автоматически. Возникает необходимость научить компьютер «понимать» текст, написанный
человеком, что является нетривиальной задачей, пусть даже под «пониманием» текста подразумевается лишь его
классификация. Бурное развитие технологий машинного обучения обусловило повсеместное внедрение новых
алгоритмов. Многие задачи, в том числе и задачи обработки естественного языка, которые долгие годы считалось
практически невозможно решить, сейчас вполне успешно решаются с использованием технологий глубокого
обучения. В данной статье будут рассмотрены алгоритмы, построенные с использованием технологий глубокого
обучения и нейронных сетей, позволяющие успешно решать задачу распознавания и классификации токсичных
комментариев. Помимо этого, в статье будут приведены результаты тестирования как разработанных алгоритмов,
так и ансамбля данных алгоритмов на большой обучающей выборке, собранной и размеченной специалистами
компаний Google и Jigsaw.","Рост популярности онлайн-платформ, позволяющих пользователям общаться друг с другом, делиться мнениями о различных событиях, оставлять комментарии, подтолкнул к развитию алгоритмов обработки естественного языка. Десятки миллионов сообщений в день, которые публикуют пользователи отдельно взятой социальной сети, необходимо анализировать в режиме реального времени или близко к тому с целью модерации, чтобы не допустить распространение различной противозаконной или оскорбительной информации, угроз и других видов токсичных комментариев. Разумеется такой большой объем информации может быть обработан достаточно быстро только автоматически. Возникает необходимость научить компьютер ""понимать"" текст, написанный человеком, что является нетривиальной задачей, пусть даже под ""пониманием"" текста подразумевается лишь его классификация. Бурное развитие технологий машинного обучения обусловило повсеместное внедрение новых алгоритмов. Многие задачи, в том числе и задачи обработки естественного языка, которые долгие годы считалось практически невозможно решить, сейчас вполне успешно решаются с использованием технологий глубокого обучения. В данной статье будут рассмотрены алгоритмы, построенные с использованием технологий глубокого обучения и нейронных сетей, позволяющие успешно решать задачу распознавания и классификации токсичных комментариев. Помимо этого, в статье будут приведены результаты тестирования как разработанных алгоритмов, так и ансамбля данных алгоритмов на большой обучающей выборке, собранной и размеченной специалистами компаний Google и Jigsaw.","Рост популярности онлайн-платформ, позволяющих пользователям общаться друг с другом, делиться мнениями о различных событиях, оставлять комментарии, подтолкнул к развитию алгоритмов обработки естественного языка. Десятки миллионов сообщений в день, которые публикуют пользователи отдельно взятой социальной сети, необходимо анализировать в режиме реального времени или близко к тому с целью модерации, чтобы не допустить распространение различной противозаконной или оскорбительной информации, угроз и других видов токсичных комментариев. Разумеется такой большой объем информации может быть обработан достаточно быстро только автоматически. Возникает необходимость научить компьютер ""понимать"" текст, написанный человеком, что является нетривиальной задачей, пусть даже под ""пониманием"" текста подразумевается лишь его классификация. Бурное развитие технологий машинного обучения обусловило повсеместное внедрение новых алгоритмов. Многие задачи, в том числе и задачи обработки естественного языка, которые долгие годы считалось практически невозможно решить, сейчас вполне успешно решаются с использованием технологий глубокого обучения. В данной статье будут рассмотрены алгоритмы, построенные с использованием технологий глубокого обучения и нейронных сетей, позволяющие успешно решать задачу распознавания и классификации токсичных комментариев. Помимо этого, в статье будут приведены результаты тестирования как разработанных алгоритмов, так и ансамбля данных алгоритмов на большой обучающей выборке, собранной и размеченной специалистами компаний Google и Jigsaw. Рост популярности онлайн-платформ, позволяющих пользователям общаться друг с другом, делиться мнениями о различных событиях, оставлять комментарии, подтолкнул к развитию алгоритмов обработки естественного языка. Десятки миллионов сообщений в день, которые публикуют пользователи отдельно взятой социальной сети, необходимо анализировать в режиме реального времени или близко к тому с целью модерации, чтобы не допустить распространение различной противозаконной или оскорбительной информации, угроз и других видов токсичных комментариев. Разумеется такой большой объем информации может быть обработан достаточно быстро только автоматически. Возникает необходимость научить компьютер ""понимать"" текст, написанный человеком, что является нетривиальной задачей, пусть даже под ""пониманием"" текста подразумевается лишь его классификация. Бурное развитие технологий машинного обучения обусловило повсеместное внедрение новых алгоритмов. Многие задачи, в том числе и задачи обработки естественного языка, которые долгие годы считалось практически невозможно решить, сейчас вполне успешно решаются с использованием технологий глубокого обучения. В данной статье будут рассмотрены алгоритмы, построенные с использованием технологий глубокого обучения и нейронных сетей, позволяющие успешно решать задачу распознавания и классификации токсичных комментариев. Помимо этого, в статье будут приведены результаты тестирования как разработанных алгоритмов, так и ансамбля данных алгоритмов на большой обучающей выборке, собранной и размеченной специалистами компаний Google и Jigsaw."
pdfminer,D03,TXT_006,7,bbox_iou,748,261,35.52766727533586,14,"1. Приведение текста к нижнему регистру.
2. Удаление кусков html-кода, которые присутствуют в некоторых комментариях.
3. Преобразование подстроки вида «w h a t a n i c e d a y» к «what a nice day». Данный вид
искажения текста часто используется для маскировки нецензурных слов.
4. Удаление ссылок, ip-адресов.
5. Удаление чисел и цифр.
6. Удаление всей пунктуации, кроме «’», «.», «!», «?». При этом также удалялись дублирующиеся
знаки, то есть подстрока вида «!!!!!» приводилась к «!».
7. Замена знаков окончания предложения на специальные токены. «!» заменялся на « exclmrk
», «?» — на « qstmrk », «.» — на « eosmkr ». Это было сделано для того, чтобы не потерять
информацию об этих знаках на этапе трансформации текста в векторное представление.","7. Замена знаков окончания предложения на специальные токены. ""!"" заменялся на "" exclmrk "", ""?"" — на "" qstmrk "", ""."" — на "" eosmkr "". Это было сделано для того, чтобы не потерять информацию об этих знаках на этапе трансформации текста в векторное представление.","1. Приведение текста к нижнему регистру. 2. Удаление кусков html-кода, которые присутствуют в некоторых комментариях. 3. Преобразование подстроки вида ""w h a t a n i c e d a y"" к ""what a nice day"". Данный вид 1. Приведение текста к нижнему регистру. 2. Удаление кусков html-кода, которые присутствуют в некоторых комментариях. 3. Преобразование подстроки вида ""w h a t a n i c e d a y"" к ""what a nice day"". Данный вид искажения текста часто используется для маскировки нецензурных слов. 4. Удаление ссылок, ip-адресов. 5. Удаление чисел и цифр. 6. Удаление всей пунктуации, кроме ""'"", ""."", ""!"", ""?"". При этом также удалялись дублирующиеся 4. Удаление ссылок, ip-адресов. 5. Удаление чисел и цифр. 6. Удаление всей пунктуации, кроме ""'"", ""."", ""!"", ""?"". При этом также удалялись дублирующиеся знаки, то есть подстрока вида ""!!!!!"" приводилась к ""!"". 7. Замена знаков окончания предложения на специальные токены. ""!"" заменялся на "" exclmrk "", ""?"" — на "" qstmrk "", ""."" — на "" eosmkr "". Это было сделано для того, чтобы не потерять информацию об этих знаках на этапе трансформации текста в векторное представление. 7. Замена знаков окончания предложения на специальные токены. ""!"" заменялся на "" exclmrk "", ""?"" — на "" qstmrk "", ""."" — на "" eosmkr "". Это было сделано для того, чтобы не потерять информацию об этих знаках на этапе трансформации текста в векторное представление."
pdfminer,D04,TXT_007,7,bbox_iou,2215,555,23.550804508716137,41,"В качестве множества для обучения нейронной сети на основе точных ре-
шений было сформировано 1000 примеров (данное множество будем именовать
обучающим). Для тестирования было сформировано отдельное множество из
500 примеров, не имеющее пересечений с обучающим (далее тестовым). Для ис-
следования влияния шума на результат прогноза в указанные множества искус-
ственно был привнесен шум в размере не более 5 % (далее обучающее+5 % шум,
тестовое + 5 % шум). Для нейронных сетей, соответствующих N = 40, обучаю-
щее множество состояло из 3000 примеров, тестовое — из 1000.
Поясним подробнее, как формировались примеры для обучения и тестиро-
вания. Для построения точных решений прямой задачи (5) воспользуемся фор-
мулой (6). Эти точные решения, соответствующие заданным значениям α и λ,
будут использоваться при обучении.
Алгоритм построения примеров для обучения нейронной сети (для задан-
ного значения N) состоит из следующих шагов.
Шаг 1. Выберем случайным образом с равномерным распределением в ин-
тервале (0, 1) параметры α и λ.
Шаг 2.
Аналогичным образом выберем некоторое количество коэффи-
циентов Cn из интервала (−10, 10) (значения нижнего индекса n не обязательно
выбирать последовательными).
Шаг 3. Подставив выбранные значения в (6), получим функцию u(x, t),
состоящую из конечного числа слагаемых и удовлетворяющую системе (5).
Шаг 4. Для получения входных данных для обратной задачи достаточно
выбрать координату точки измерения x0 ∈(0, 1) и вычислить значения ui =
u(x0, ti) = u(x0, i/N).
Выполнив последовательно шаги 1–4, получим пример для обучения или
тестирования нейронной сети, основанный на точном решении дифференциаль-
ной задачи.
Для формирования зашумленных данных ˜ui во входные данные для нейрон-
ной сети на шаге 4 вносился аддитивный шум: к точному решению ui добавля-
лась некоторая случайная ошибка ξi (˜ui = ui + ξi), равномерно распределенная
на симметричном относительно нуля интервале [−Emaxui, Emaxui].
Значение
определяет максимальный уровень вносимой ошибки. Эти данные необходи-
мы для понимания того, насколько нейронная сеть восприимчива к шуму во
входных данных. Физически он соответствует ошибке измерения функции кон-
центрации вещества в заданной точке наблюдения.","Для формирования зашумленных данных ˜ui во входные данные для нейрон- ной сети на шаге 4 вносился аддитивный шум: к точному решению ui добавля- лась некоторая случайная ошибка ξi (˜ui = ui + ξi), равномерно распределенная на симметричном относительно нуля интервале [−Emaxui, Emaxui]. Значение определяет максимальный уровень вносимой ошибки. Эти данные необходи- мы для понимания того, насколько нейронная сеть восприимчива к шуму во входных данных. Физически он соответствует ошибке измерения функции кон- центрации вещества в заданной точке наблюдения.","В качестве множества для обучения нейронной сети на основе точных ре- шений было сформировано 1000 примеров (данное множество будем именовать обучающим). Для тестирования было сформировано отдельное множество из 500 примеров, не имеющее пересечений с обучающим (далее тестовым). Для ис- следования влияния шума на результат прогноза в указанные множества искус- ственно был привнесен шум в размере не более 5 % (далее обучающее+5 % шум, тестовое + 5 % шум). Для нейронных сетей, соответствующих N = 40, обучаю- щее множество состояло из 3000 примеров, тестовое — из 1000. В качестве множества для обучения нейронной сети на основе точных ре-шений было сформировано 1000 примеров (данное множество будем именовать обучающим). Для тестирования было сформировано отдельное множество из 500 примеров, не имеющее пересечений с обучающим (далее тестовым). Для ис-следования влияния шума на результат прогноза в указанные множества искус-ственно был привнесен шум в размере не более 5 % (далее обучающее+5 % шум, тестовое + 5 % шум). Для нейронных сетей, соответствующих N = 40, обучаю-щее множество состояло из 3000 примеров, тестовое — из 1000. Поясним подробнее, как формировались примеры для обучения и тестиро- вания. Для построения точных решений прямой задачи (5) воспользуемся фор- мулой (6). Эти точные решения, соответствующие заданным значениям α и λ, будут использоваться при обучении. Поясним подробнее, как формировались примеры для обучения и тестиро-вания. Для построения точных решений прямой задачи (5) воспользуемся фор-мулой (6). Эти точные решения, соответствующие заданным значениям α и λ, будут использоваться при обучении. Алгоритм построения примеров для обучения нейронной сети (для задан-ного значения N ) состоит из следующих шагов. Шаг 1. Выберем случайным образом с равномерным распределением в ин-тервале (0, 1) параметры α и λ. Шаг 2. Аналогичным образом выберем некоторое количество коэффи- циентов Cn из интервала (−10, 10) (значения нижнего индекса n не обязательно выбирать последовательными). Шаг 2. Аналогичным образом выберем некоторое количество коэффи-циентов Cn из интервала (−10, 10) (значения нижнего индекса n не обязательно выбирать последовательными). Шаг 3. Подставив выбранные значения в (6), получим функцию u(x, t), состоящую из конечного числа слагаемых и удовлетворяющую системе (5). Шаг 4. Для получения входных данных для обратной задачи достаточно выбрать координату точки измерения x0 ∈ (0, 1) и вычислить значения ui = u(x0, ti) = u(x0, i/N ). Шаг 4. Для получения входных данных для обратной задачи достаточно выбрать координату точки измерения x0 ∈ (0, 1) и вычислить значения ui = u(x0, ti) = u(x0, i/N ). Выполнив последовательно шаги 1–4, получим пример для обучения или тестирования нейронной сети, основанный на точном решении дифференциаль- ной задачи. Выполнив последовательно шаги 1–4, получим пример для обучения или тестирования нейронной сети, основанный на точном решении дифференциаль-ной задачи. Для формирования зашумленных данных ˜ui во входные данные для нейрон- ной сети на шаге 4 вносился аддитивный шум: к точному решению ui добавля- лась некоторая случайная ошибка ξi (˜ui = ui + ξi), равномерно распределенная на симметричном относительно нуля интервале [−Emaxui, Emaxui]. Значение определяет максимальный уровень вносимой ошибки. Эти данные необходи- мы для понимания того, насколько нейронная сеть восприимчива к шуму во входных данных. Физически он соответствует ошибке измерения функции кон- центрации вещества в заданной точке наблюдения. Для формирования зашумленных данных ˜ui во входные данные для нейрон-ной сети на шаге 4 вносился аддитивный шум: к точному решению ui добавля-лась некоторая случайная ошибка ξi (˜ui = ui + ξi), равномерно распределенная на симметричном относительно нуля интервале [−Emaxui, Emaxui]. Значение определяет максимальный уровень вносимой ошибки. Эти данные необходи-мы для понимания того, насколько нейронная сеть восприимчива к шуму во входных данных. Физически он соответствует ошибке измерения функции кон-центрации вещества в заданной точке наблюдения."
pdfminer,D04,TXT_008,9,bbox_iou,1049,415,35.51456766917293,19,"3. Метод показал себя устойчивым к шуму в начальных данных: в боль-
шинстве рассматриваемых моделей внесение шума в исходные данные обрат-
ной задачи в размере не более 5 % дает 5–7 % снижения точности распознавания
и весьма незначительное увеличение средней ошибки (порядка 0,02–0,03).
Но наиболее неожиданным, на наш взгляд, результатом является то, что
дополнительное знание о расположении измерительного прибора (координа-
та x0) не дает существенного повышения точности определения параметра
дробного дифференцирования α.
Этот факт позволяет выдвинуть гипотезу
о том, что предложенный метод может быть успешно применен для решения
обратной задачи в области Ω′ = {(x, t) : −∞< x < ∞, t ≥0}.
Данные в табл. 5, 6 дают представление о максимальной ошибке восста-
новления параметров задачи (5), но не говорят о том, как часто возникает
ошибка, большая допустимой.
Разобьем отрезок [0, 2] на 11 интервалов [0, 00; 0, 02), [0, 02; 0, 04), [0, 04;
0, 06), [0, 06; 0, 08), [0, 08; 0, 10), [0, 10; 0, 12), [0, 12; 0, 14), [0, 14; 0, 16), [0, 16; 0, 18),","Но наиболее неожиданным, на наш взгляд, результатом является то, что дополнительное знание о расположении измерительного прибора (координа- та x0) не дает существенного повышения точности определения параметра дробного дифференцирования α. Этот факт позволяет выдвинуть гипотезу о том, что предложенный метод может быть успешно применен для решения обратной задачи в области Ω(cid:3) = {(x, t) : −∞ < x < ∞, t ≥ 0}.","3. Метод показал себя устойчивым к шуму в начальных данных: в боль- шинстве рассматриваемых моделей внесение шума в исходные данные обрат- ной задачи в размере не более 5 % дает 5–7 % снижения точности распознавания и весьма незначительное увеличение средней ошибки (порядка 0,02–0,03). 3. Метод показал себя устойчивым к шуму в начальных данных: в боль-шинстве рассматриваемых моделей внесение шума в исходные данные обрат-ной задачи в размере не более 5 % дает 5–7 % снижения точности распознавания и весьма незначительное увеличение средней ошибки (порядка 0,02–0,03). Но наиболее неожиданным, на наш взгляд, результатом является то, что дополнительное знание о расположении измерительного прибора (координа- та x0) не дает существенного повышения точности определения параметра дробного дифференцирования α. Этот факт позволяет выдвинуть гипотезу о том, что предложенный метод может быть успешно применен для решения обратной задачи в области Ω(cid:3) = {(x, t) : −∞ < x < ∞, t ≥ 0}. Но наиболее неожиданным, на наш взгляд, результатом является то, что дополнительное знание о расположении измерительного прибора (координа-та x0) не дает существенного повышения точности определения параметра дробного дифференцирования α. Этот факт позволяет выдвинуть гипотезу о том, что предложенный метод может быть успешно применен для решения обратной задачи в области Ω(cid:3) = {(x, t) : −∞ < x < ∞, t ≥ 0}. Данные в табл. 5, 6 дают представление о максимальной ошибке восста- новления параметров задачи (5), но не говорят о том, как часто возникает ошибка, большая допустимой. Данные в табл. 5, 6 дают представление о максимальной ошибке восста-новления параметров задачи (5), но не говорят о том, как часто возникает ошибка, большая допустимой. Разобьем отрезок [0, 2] на 11 интервалов [0, 00; 0, 02), [0, 02; 0, 04), [0, 04; 0, 06), [0, 06; 0, 08), [0, 08; 0, 10), [0, 10; 0, 12), [0, 12; 0, 14), [0, 14; 0, 16), [0, 16; 0, 18), Разобьем отрезок [0, 2] на 11 интервалов [0, 00; 0, 02), [0, 02; 0, 04), [0, 04; 0, 06), [0, 06; 0, 08), [0, 08; 0, 10), [0, 10; 0, 12), [0, 12; 0, 14), [0, 14; 0, 16), [0, 16; 0, 18),"
pdfminer,D05,TXT_009,10,text_multiblock_overlap,1428,1174,16.54411764705882,174,"5.2. Поверхностные электронные состояния 
Поверхностные электронные состояния (ПЭС) играют 
важную роль в теории полупроводников, так как именно 
они определяют контактные электронные свойства [34]. 
Реальная поверхность любого металла покрыта оксид­
ной пленкой, свойства которой ближе к полупроводни­
ковым, то же самое можно сказать и о л ю б о м металличе­
ском электроде. П о определению П Э С связаны только с 
узкой областью вблизи поверхности, где свойства кри­
сталла сильно отличаются от свойств бесконечной кри­
сталлической решетки. В этой области возникает нерав­
н о м е р н о е распределение з а р я д о в как по н о р м а л и к 
поверхности, так и вдоль нее; имеются специфические 
центры адсорбции электронов, связанные с дефектами 
кристаллической решетки, геометрическими неоднород-
н о с т я м и и т.д. В качестве п р и м е р а приведем схему 
распределения поверхностных электронов на границе 
кристалла кремния, покрытого оксидной пленкой S i 0 2 
(рис. 10) [34]. Из рисунка видно, что по мере продвижения 
от свободной поверхности (т.е. оксида кремния) к кри­
сталлу кремния П Э С изменяются, последовательно пере­
ходя от локализованных состояний 7, 2 (обусловленных 
наличием ловушек, образованных за счет адсорбции 
молекул воды с последующим формированием связей 
S i - О Н . . . Н О - S i ) к состояниям медленных 3 и быстрых 
4 поверхностных электронов и, наконец, к рекомбина-
ционным состояниям 5.","т е с я я ( П С) в, т к к к и о е с а [34]. а а п е к п м м ы т е с е с я я ( П С) в, т к к к и о е с а [34]. а а п е к п м м ы т е с е э е е э е и п 5.2. П е ь в т т к 5.2. П е ь в т т к ю р и о ю р и о я п й п м, т м э й о а с й п м, т м э й о а с ь л а к о с ь л а к о с е э о м й б ь и о л С с ю П и, г в б и в в е; и е э о м й б ь и о л С с ю П и, г в б и в в е; и и п я о т с и. В э й о е к и в и э и п я о т с и. В э й о е к и в и э ь н в, с ь н в, с й, с е м е с о ж е. П о о ю в о о й р е и, т й, с е м е с о ж е. П о о ю в о о й р е и, т ы а о с а к й к т н о о с а к й к т н о к я е с я е с к и е и е и д- а д-а м у е й S i 02 о, ч е п о м о п я) к к е й S i 02 о, ч е п о м о п я) к к я х и В к й р и, г и т . д. й р и, г и т . д. и н е в а я й п я, п а к с. 10) [34]. И з р и (т.е. о я, п и н е в а я й п я, п а к с. 10) [34]. И з р и (т.е. о я, п й п С и я П й п С и я П о а в а к о п й 7, 2 ( о а а в а к о п й 7, 2 ( о а х т м м О - S i) к с в и, н т м м О - S i) к с в и, н ц, к (р т с у к т л я о м л S i - О 4 п м с (р т с у к т л я о м л S i - О 4 п м с х с к, ы с п Н .. . Н х м 5. х с к, ы с п Н .. . Н х м 5. х и х и й м м й м м х х 3 и б а-х 3 и б а-","т е с я я ( П С) в, т к к к и о е с а [34]. а а п е к п м м ы т е с е с я я ( П С) в, т к к к и о е с а [34]. а а п е к п м м ы т е с е э е е э е и п 5.2. П е ь в т т к 5.2. П е ь в т т к ю р и о ю р и о я п й п м, т м э й о а с й п м, т м э й о а с ь л а к о с ь л а к о с е э о м й б ь и о л С с ю П и, г в б и в в е; и е э о м й б ь и о л С с ю П и, г в б и в в е; и и п я о т с и. В э й о е к и в и э и п я о т с и. В э й о е к и в и э ь н в, с ь н в, с й, с е м е с о ж е. П о о ю в о о й р е и, т й, с е м е с о ж е. П о о ю в о о й р е и, т ы а о с а к й к т н о о с а к й к т н о к я е с я е с к и е и е и д- а д-а м у е й S i 02 о, ч е п о м о п я) к к е й S i 02 о, ч е п о м о п я) к к я х и В к й р и, г и т . д. й р и, г и т . д. и н е в а я й п я, п а к с. 10) [34]. И з р и (т.е. о я, п и н е в а я й п я, п а к с. 10) [34]. И з р и (т.е. о я, п й п С и я П й п С и я П о а в а к о п й 7, 2 ( о а а в а к о п й 7, 2 ( о а х т м м О - S i) к с в и, н т м м О - S i) к с в и, н ц, к (р т с у к т л я о м л S i - О 4 п м с (р т с у к т л я о м л S i - О 4 п м с х с к, ы с п Н .. . Н х м 5. х с к, ы с п Н .. . Н х м 5. х и х и й м м й м м х х 3 и б а-х 3 и б а-"
mineru,D01,TXT_001,15,bbox_iou,2010,939,49.2466643145808,3,"Измерение 
электрических 
сопротивлений 
представляет 
весьма 
развитую область измерительной техники как в отношении методов 
измерений, так и используемой аппаратуры. Измерение сопротивлений 
является обязательной процедурой при всех видах испытаний и 
исследований 
электротехнического 
и 
электронного 
оборудования. 
Широко используются разнообразные приемы измерения сопротивления в 
медицинских исследованиях, для клинических анализов,  в биологии, 
агротехнике и экологическом мониторинге, где чаще всего приходится 
измерять электропроводность растворов, почвы, крови, кожного покрова. 
К измерению сопротивления сводятся многие задачи измерения таких 
физических величин, как деформация,  ускорение, давление, сила, 
температура и многих других. 
Электрическое 
сопротивление 
представляет 
собой 
пассивную 
физическую величину, которая в отличие от тока или напряжения не 
является носителем энергии. Напротив, электрическое сопротивление, как 
свойство тел, веществ, растворов проявляет себя только при прохождении 
через него тока, и о значении этого сопротивления мы можем судить по 
напряжению, которое на нем падает. При выборе силы этого тока следует 
иметь в виду, что сопротивление нагревается, а значит в связи с этим его 
значение изменяется. Может даже оказаться, что при слишком большом 
токе измеряемое сопротивление может разрушиться. В тех случаях, когда 
измерению подлежит электропроводность биологических растворов и 
смесей, крови, лимфатической жидкости, проб жидких промышленных 
выбросов и других подобных веществ, проходящий через них ток 
вызывает электролиз, и состав исследуемых объектов меняется. Поэтому 
измерения сопротивления этих веществ выполняются на переменном токе. 
В результате взаимодействия между средством измерений и объектом 
измерений возникает погрешность, которая является методической. Для  
того, чтобы предохранить объект от разрушения и снизить методическую 
погрешность, необходимо ограничивать ток через объект до минимально 
возможного значения.","Электрическое сопротивление представляет собой пассивную физическую величину, которая в отличие от тока или напряжения не является носителем энергии. Напротив, электрическое сопротивление, как свойство тел, веществ, растворов проявляет себя только при прохождении через него тока, и о значении этого сопротивления мы можем судить по напряжению, которое на нем падает. При выборе силы этого тока следует иметь в виду, что сопротивление нагревается, а значит в связи с этим его значение изменяется. Может даже оказаться, что при слишком большом токе измеряемое сопротивление может разрушиться. В тех случаях, когда измерению подлежит электропроводность биологических растворов и смесей, крови, лимфатической жидкости, проб жидких промышленных выбросов и других подобных веществ, проходящий через них ток вызывает электролиз, и состав исследуемых объектов меняется. Поэтому измерения сопротивления этих веществ выполняются на переменном токе.","Измерение электрических сопротивлений представляет весьма развитую область измерительной техники как в отношении методов измерений, так и используемой аппаратуры. Измерение сопротивлений является обязательной процедурой при всех видах испытаний и исследований электротехнического и электронного оборудования. Широко используются разнообразные приемы измерения сопротивления в медицинских исследованиях, для клинических анализов, в биологии, агротехнике и экологическом мониторинге, где чаще всего приходится измерять электропроводность растворов, почвы, крови, кожного покрова. К измерению сопротивления сводятся многие задачи измерения таких физических величин, как деформация, ускорение, давление, сила, температура и многих других. Электрическое сопротивление представляет собой пассивную физическую величину, которая в отличие от тока или напряжения не является носителем энергии. Напротив, электрическое сопротивление, как свойство тел, веществ, растворов проявляет себя только при прохождении через него тока, и о значении этого сопротивления мы можем судить по напряжению, которое на нем падает. При выборе силы этого тока следует иметь в виду, что сопротивление нагревается, а значит в связи с этим его значение изменяется. Может даже оказаться, что при слишком большом токе измеряемое сопротивление может разрушиться. В тех случаях, когда измерению подлежит электропроводность биологических растворов и смесей, крови, лимфатической жидкости, проб жидких промышленных выбросов и других подобных веществ, проходящий через них ток вызывает электролиз, и состав исследуемых объектов меняется. Поэтому измерения сопротивления этих веществ выполняются на переменном токе. В результате взаимодействия между средством измерений и объектом измерений возникает погрешность, которая является методической. Для того, чтобы предохранить объект от разрушения и снизить методическую погрешность, необходимо ограничивать ток через объект до минимально возможного значения."
mineru,D01,TXT_002,27,bbox_iou,755,473,38.53532447282448,2,"Измеряемое  напряжение подают на  входные зажимы ""С"" – сигнал, 
высокопотенциальный зажим (красного цвета) и ""0"" - нуль, низкопотенци-
альный зажим (белого цвета). Зажим  защитного экрана ""Э""  используют 
при измерении малых токов и напряжений с  целью защиты от продольной 
помехи (помехи общего вида). Контакт К для присоединения к корпусу 
прибора находится на его задней панели, он обозначен символом  “⊥“. 
Если измеряемое напряжение передается по экранированной паре 
проводов и нигде низкопотенциальный провод не соединен с экраном, 
этот зажим “Э” соединяется с низкопотенциальным зажимом “0”. 
Основная 
относительная 
инструментальная 
погрешность 
прибора 
нормирована двучленной формулой: 
  
 
 
[
]
γ В
K
X
U
U
=
+
−
0 04
0 02
1
,
,
(
/
) %.","Измеряемое напряжение подают на входные зажимы $\mathbf { C }$ – сигнал, высокопотенциальный зажим (красного цвета) $\textbf { H } ^ { \prime \prime } \pmb { 0 } ^ { \prime \prime }$ - нуль, низкопотенци- альный зажим (белого цвета). Зажим защитного экрана ""Э"" используют при измерении малых токов и напряжений с целью защиты от продольной помехи (помехи общего вида). Контакт К для присоединения к корпусу прибора находится на его задней панели, он обозначен символом ""⊥"".","Измеряемое напряжение подают на входные зажимы $\mathbf { C }$ – сигнал, высокопотенциальный зажим (красного цвета) $\textbf { H } ^ { \prime \prime } \pmb { 0 } ^ { \prime \prime }$ - нуль, низкопотенци- альный зажим (белого цвета). Зажим защитного экрана ""Э"" используют при измерении малых токов и напряжений с целью защиты от продольной помехи (помехи общего вида). Контакт К для присоединения к корпусу прибора находится на его задней панели, он обозначен символом ""⊥"". Если измеряемое напряжение передается по экранированной паре проводов и нигде низкопотенциальный провод не соединен с экраном, этот зажим ""Э"" соединяется с низкопотенциальным зажимом ""0"". Основная относительная инструментальная погрешность прибора нормирована двучленной формулой:"
mineru,D02,TXT_003,3,bbox_iou,2356,915,25.782998802296287,4,"Методика получения магнитных наноча-
стиц Fe3O4. Наноразмерные частицы Fe3O4 по-
лучали путем химического осаждения по моди-
фицированной методике Массара [4]. К 40 мл 
0,5 М водного раствора аммиака постепенно до-
бавляли смесь растворов FeCl3·6H2O (1,0 мл 1 M 
раствора в 2 M HCl) и FeSO4·(NH4)2SO4·6H2O 
(1,0 мл 0,5 M раствора). После чего полученную 
суспензию перемешивали в течение 30 мин на 
электромеханическом шейкере при комнатной 
температуре. Концентрация Fe3O4 составила 
2,75 мг/мл, средний диаметр частиц 16 нм.
Определение железа в образцах магнитных 
сорбентов. Магнитный сорбент (0,07 г) обра-
батывали 5,0 мл 0,5 М раствора HCl в течение 
24 ч. Далее проводили спектрофотометрическое 
определение содержания общего железа по ме-
тодике [5]. Для этого 4 мл полученного раствора 
помещали в мерную колбу объемом 25 мл и раз-
бавляли до метки дистиллированной водой, алик-
вотную часть полученного раствора (5–10 мл) 
вносили в мерную колбу емкостью 25 мл и далее 
проводили определение общего содержания же-
леза по методике построения градуировочного 
графика.
Методика построения градуировочного гра-
фика. В мерные колбы емкостью 25 мл вноси-
ли стандартный раствор Fe(III), 2,5 мл 10%-го 
раствора сульфосалициловой кислоты, 2,5 мл 
10%-го раствора аммиака и доводили до метки 
дистиллированной водой. Тщательно перемеши-
вали и оставляли на 5 мин для развития окраски. 
Оптическую плотность полученного раствора 
измеряли при длине волны λ = 416 нм (l = 1 см). 
Диапазон линейности градуировочного графика 
составлял 1–10 мкг/мл.
Методика проведения сорбции азокрасите-
лей ЖСЗ, ТАРТ, П-4R. В 10,0 мл водного рас-
твора, полученного смешением 1,0 мл раствора 
красителя (0,1 г/мл), 0,5 мл 9,2·10–3 М раствора 
ЦТАБ, помещали 0,07 г сорбента, предваритель-
но обработанного этанолом (3×50 мкл). Сорбент 
перемешивали на шейкере до установления 
сорбционного равновесия, после чего отделяли от 
раствора фильтрованием или магнитной сепараци-
ей (в случае магнитных сорбентов), высушивали 
на воздухе и регистрировали спектры диффузного 
отражения. Содержание красителя в водной фазе 
определяли по градуировочным зависимостям при 
максимальной длине волны поглощения (λТАР = 
426 нм, λЖСЗ = 480 нм, λП-4R = 506 нм). Содержание 
красителя на сорбенте рассчитывали по разности 
значений исходной и равновесной концентрации 
в водной фазе.","**Методика проведения сорбции азокрасите- лей ЖСЗ, ТАРТ, П-4R.** В 10,0 мл водного рас- твора, полученного смешением 1,0 мл раствора красителя (0,1 г/мл), 0,5 мл $9 . 2 \cdot 1 0 ^ { - 3 } \mathrm { M }$ раствора ЦТАБ, помещали 0,07 г сорбента, предваритель- но обработанного этанолом (3×50 мкл). Сорбент перемешивали на шейкере до установления сорбционного равновесия, после чего отделяли от раствора фильтрованием или магнитной сепараци- ей (в случае магнитных сорбентов), высушивали на воздухе и регистрировали спектры диффузного отражения. Содержание красителя в водной фазе определяли по градуировочным зависимостям при максимальной длине волны поглощения $( \lambda _ { \mathrm { T A P } } =$ 426 нм, $\lambda_{\mathrm{放C3}} = 480 \mathrm{~HM}, \lambda_{\mathrm{II-4R}} = 506 \mathrm{~HM}$ . Содержание красителя на сорбенте рассчитывали по разности значений исходной и равновесной концентрации в водной фазе.","**Методика получения магнитных наноча- стиц** $\mathbf { F e } _ { 3 } \mathbf { O } _ { 4 ^ { \circ } }$ Наноразмерные частицы $\mathrm { F e } _ { 3 } \mathrm { O } _ { 4 }$ по- лучали путем химического осаждения по моди- фицированной методике Массара [4]. К 40 мл $^ { 0 , 5 }$ М водного раствора аммиака постепенно до- бавляли смесь растворов $\mathrm{FeCl}_{3}\cdot 6\mathrm{H}_{2}\mathrm{O}$ мл 1 M раствора в 2 M HCl) и $\mathrm{FeSO_{4}\cdot (NH_{4})_{2}SO_{4}\cdot 6H_{2}O}$ (1,0 мл 0,5 M раствора). После чего полученную суспензию перемешивали в течение 30 мин на электромеханическом шейкере при комнатной температуре. Концентрация $\mathrm { F e } _ { 3 } \mathrm { O } _ { 4 }$ составила 2,75 мг/мл, средний диаметр частиц 16 нм. **Определение железа в образцах магнитных сорбентов.** Магнитный сорбент (0,07 г) обра- батывали 5,0 мл 0,5 М раствора HCl в течение 24 ч. Далее проводили спектрофотометрическое определение содержания общего железа по ме- тодике [5]. Для этого 4 мл полученного раствора помещали в мерную колбу объемом 25 мл и раз- бавляли до метки дистиллированной водой, алик- вотную часть полученного раствора (5–10 мл) вносили в мерную колбу емкостью 25 мл и далее проводили определение общего содержания же- леза по методике построения градуировочного графика. **Методика построения градуировочного гра- фика.** В мерные колбы емкостью 25 мл вноси- ли стандартный раствор Fe(III), 2,5 мл 10%-го раствора сульфосалициловой кислоты, 2,5 мл 10%-го раствора аммиака и доводили до метки дистиллированной водой. Тщательно перемеши- вали и оставляли на 5 мин для развития окраски. Оптическую плотность полученного раствора измеряли при длине волны $\lambda = 4 1 6$ нм (l = 1 см). Диапазон линейности градуировочного графика составлял 1–10 мкг/мл. **Методика проведения сорбции азокрасите- лей ЖСЗ, ТАРТ, П-4R.** В 10,0 мл водного рас- твора, полученного смешением 1,0 мл раствора красителя (0,1 г/мл), 0,5 мл $9 . 2 \cdot 1 0 ^ { - 3 } \mathrm { M }$ раствора ЦТАБ, помещали 0,07 г сорбента, предваритель- но обработанного этанолом (3×50 мкл). Сорбент перемешивали на шейкере до установления сорбционного равновесия, после чего отделяли от раствора фильтрованием или магнитной сепараци- ей (в случае магнитных сорбентов), высушивали на воздухе и регистрировали спектры диффузного отражения. Содержание красителя в водной фазе определяли по градуировочным зависимостям при максимальной длине волны поглощения $( \lambda _ { \mathrm { T A P } } =$ 426 нм, $\lambda_{\mathrm{放C3}} = 480 \mathrm{~HM}, \lambda_{\mathrm{II-4R}} = 506 \mathrm{~HM}$ . Содержание красителя на сорбенте рассчитывали по разности значений исходной и равновесной концентрации в водной фазе."
mineru,D02,TXT_004,5,bbox_iou,727,421,55.36968298555377,2,"Десорбция пищевых анионных красителей. 
Установлено, что десорбция красителя ЖСЗ (аце-
тонитрил, изопропропанол, метанол и этанол) 
наиболее эффективна при использовании метано-
ла и этанола. В качестве десорбирующего агента 
выбран этанол ввиду его большей безопасности 
использования (табл. 6). В отличие от сорбции, 
десорбция в случае магнитных сорбентов прохо-
дит более эффективно по сравнению с исходными 
(табл. 7).
Сорбция 2,4-динитрофенола. Модифицирова-
ние магнетитом приводит к уменьшению эффек-
тивности сорбции больших по размеру молекул 
ионных ассоциатов красителей. Для молекул не-
большого размера влияние модифицирования 
на сорбционные свойства может быть незначи-
тельным. Для проверки этого предположения","**Десорбция пищевых анионных красителей.** Установлено, что десорбция красителя ЖСЗ (аце- тонитрил, изопропропанол, метанол и этанол) наиболее эффективна при использовании метано- ла и этанола. В качестве десорбирующего агента выбран этанол ввиду его большей безопасности использования (табл. 6). В отличие от сорбции, десорбция в случае магнитных сорбентов прохо- дит более эффективно по сравнению с исходными (табл. 7).","**Десорбция пищевых анионных красителей.** Установлено, что десорбция красителя ЖСЗ (аце- тонитрил, изопропропанол, метанол и этанол) наиболее эффективна при использовании метано- ла и этанола. В качестве десорбирующего агента выбран этанол ввиду его большей безопасности использования (табл. 6). В отличие от сорбции, десорбция в случае магнитных сорбентов прохо- дит более эффективно по сравнению с исходными (табл. 7). **Сорбция 2,4-динитрофенола.** Модифицирова- ние магнетитом приводит к уменьшению эффек- тивности сорбции больших по размеру молекул ионных ассоциатов красителей. Для молекул не- большого размера влияние модифицирования на сорбционные свойства может быть незначи- тельным. Для проверки этого предположения"
mineru,D03,TXT_005,2,bbox_iou,1569,1569,100.0,1,"Рост популярности онлайн-платформ, позволяющих пользователям общаться друг с другом, делиться мнениями
о различных событиях, оставлять комментарии, подтолкнул к развитию алгоритмов обработки естественного
языка. Десятки миллионов сообщений в день, которые публикуют пользователи отдельно взятой социальной
сети, необходимо анализировать в режиме реального времени или близко к тому с целью модерации, чтобы
не допустить распространение различной противозаконной или оскорбительной информации, угроз и других
видов токсичных комментариев. Разумеется такой большой объем информации может быть обработан достаточно
быстро только автоматически. Возникает необходимость научить компьютер «понимать» текст, написанный
человеком, что является нетривиальной задачей, пусть даже под «пониманием» текста подразумевается лишь его
классификация. Бурное развитие технологий машинного обучения обусловило повсеместное внедрение новых
алгоритмов. Многие задачи, в том числе и задачи обработки естественного языка, которые долгие годы считалось
практически невозможно решить, сейчас вполне успешно решаются с использованием технологий глубокого
обучения. В данной статье будут рассмотрены алгоритмы, построенные с использованием технологий глубокого
обучения и нейронных сетей, позволяющие успешно решать задачу распознавания и классификации токсичных
комментариев. Помимо этого, в статье будут приведены результаты тестирования как разработанных алгоритмов,
так и ансамбля данных алгоритмов на большой обучающей выборке, собранной и размеченной специалистами
компаний Google и Jigsaw.","Рост популярности онлайн-платформ, позволяющих пользователям общаться друг с другом, делиться мнениями о различных событиях, оставлять комментарии, подтолкнул к развитию алгоритмов обработки естественного языка. Десятки миллионов сообщений в день, которые публикуют пользователи отдельно взятой социальной сети, необходимо анализировать в режиме реального времени или близко к тому с целью модерации, чтобы не допустить распространение различной противозаконной или оскорбительной информации, угроз и других видов токсичных комментариев. Разумеется такой большой объем информации может быть обработан достаточно быстро только автоматически. Возникает необходимость научить компьютер ""понимать"" текст, написанный человеком, что является нетривиальной задачей, пусть даже под ""пониманием"" текста подразумевается лишь его классификация. Бурное развитие технологий машинного обучения обусловило повсеместное внедрение новых алгоритмов. Многие задачи, в том числе и задачи обработки естественного языка, которые долгие годы считалось практически невозможно решить, сейчас вполне успешно решаются с использованием технологий глубокого обучения. В данной статье будут рассмотрены алгоритмы, построенные с использованием технологий глубокого обучения и нейронных сетей, позволяющие успешно решать задачу распознавания и классификации токсичных комментариев. Помимо этого, в статье будут приведены результаты тестирования как разработанных алгоритмов, так и ансамбля данных алгоритмов на большой обучающей выборке, собранной и размеченной специалистами компаний Google и Jigsaw.","Рост популярности онлайн-платформ, позволяющих пользователям общаться друг с другом, делиться мнениями о различных событиях, оставлять комментарии, подтолкнул к развитию алгоритмов обработки естественного языка. Десятки миллионов сообщений в день, которые публикуют пользователи отдельно взятой социальной сети, необходимо анализировать в режиме реального времени или близко к тому с целью модерации, чтобы не допустить распространение различной противозаконной или оскорбительной информации, угроз и других видов токсичных комментариев. Разумеется такой большой объем информации может быть обработан достаточно быстро только автоматически. Возникает необходимость научить компьютер ""понимать"" текст, написанный человеком, что является нетривиальной задачей, пусть даже под ""пониманием"" текста подразумевается лишь его классификация. Бурное развитие технологий машинного обучения обусловило повсеместное внедрение новых алгоритмов. Многие задачи, в том числе и задачи обработки естественного языка, которые долгие годы считалось практически невозможно решить, сейчас вполне успешно решаются с использованием технологий глубокого обучения. В данной статье будут рассмотрены алгоритмы, построенные с использованием технологий глубокого обучения и нейронных сетей, позволяющие успешно решать задачу распознавания и классификации токсичных комментариев. Помимо этого, в статье будут приведены результаты тестирования как разработанных алгоритмов, так и ансамбля данных алгоритмов на большой обучающей выборке, собранной и размеченной специалистами компаний Google и Jigsaw."
mineru,D03,TXT_006,7,bbox_iou,748,284,30.58195839311334,7,"1. Приведение текста к нижнему регистру.
2. Удаление кусков html-кода, которые присутствуют в некоторых комментариях.
3. Преобразование подстроки вида «w h a t a n i c e d a y» к «what a nice day». Данный вид
искажения текста часто используется для маскировки нецензурных слов.
4. Удаление ссылок, ip-адресов.
5. Удаление чисел и цифр.
6. Удаление всей пунктуации, кроме «’», «.», «!», «?». При этом также удалялись дублирующиеся
знаки, то есть подстрока вида «!!!!!» приводилась к «!».
7. Замена знаков окончания предложения на специальные токены. «!» заменялся на « exclmrk
», «?» — на « qstmrk », «.» — на « eosmkr ». Это было сделано для того, чтобы не потерять
информацию об этих знаках на этапе трансформации текста в векторное представление.","7. Замена знаков окончания предложения на специальные токены. ""!"" заменялся на "" exclmrk $\scriptstyle { \mathfrak { H } } a$ qstmrk "", ""."" — на "" eosmkr "". Это было сделано для того, чтобы не потерять информацию об этих знаках на этапе трансформации текста в векторное представление.","1. Приведение текста к нижнему регистру. 2. Удаление кусков html-кода, которые присутствуют в некоторых комментариях. 3. Преобразование подстроки вида ""w h a t a n i c e d a y"" к ""what a nice day"". Данный вид искажения текста часто используется для маскировки нецензурных слов. 4. Удаление ссылок, ip-адресов. 5. Удаление чисел и цифр. 6. Удаление всей пунктуации, кроме $\alpha ^ { \flat } \flat , \alpha . \flat , \alpha ! \flat , \alpha ? \flat$ . При этом также удалялись дублирующиеся знаки, то есть подстрока вида ""!!!!!"" приводилась к ""!"". 7. Замена знаков окончания предложения на специальные токены. ""!"" заменялся на "" exclmrk $\scriptstyle { \mathfrak { H } } a$ qstmrk "", ""."" — на "" eosmkr "". Это было сделано для того, чтобы не потерять информацию об этих знаках на этапе трансформации текста в векторное представление."
mineru,D04,TXT_007,7,bbox_iou,2215,606,21.929475836342338,9,"В качестве множества для обучения нейронной сети на основе точных ре-
шений было сформировано 1000 примеров (данное множество будем именовать
обучающим). Для тестирования было сформировано отдельное множество из
500 примеров, не имеющее пересечений с обучающим (далее тестовым). Для ис-
следования влияния шума на результат прогноза в указанные множества искус-
ственно был привнесен шум в размере не более 5 % (далее обучающее+5 % шум,
тестовое + 5 % шум). Для нейронных сетей, соответствующих N = 40, обучаю-
щее множество состояло из 3000 примеров, тестовое — из 1000.
Поясним подробнее, как формировались примеры для обучения и тестиро-
вания. Для построения точных решений прямой задачи (5) воспользуемся фор-
мулой (6). Эти точные решения, соответствующие заданным значениям α и λ,
будут использоваться при обучении.
Алгоритм построения примеров для обучения нейронной сети (для задан-
ного значения N) состоит из следующих шагов.
Шаг 1. Выберем случайным образом с равномерным распределением в ин-
тервале (0, 1) параметры α и λ.
Шаг 2.
Аналогичным образом выберем некоторое количество коэффи-
циентов Cn из интервала (−10, 10) (значения нижнего индекса n не обязательно
выбирать последовательными).
Шаг 3. Подставив выбранные значения в (6), получим функцию u(x, t),
состоящую из конечного числа слагаемых и удовлетворяющую системе (5).
Шаг 4. Для получения входных данных для обратной задачи достаточно
выбрать координату точки измерения x0 ∈(0, 1) и вычислить значения ui =
u(x0, ti) = u(x0, i/N).
Выполнив последовательно шаги 1–4, получим пример для обучения или
тестирования нейронной сети, основанный на точном решении дифференциаль-
ной задачи.
Для формирования зашумленных данных ˜ui во входные данные для нейрон-
ной сети на шаге 4 вносился аддитивный шум: к точному решению ui добавля-
лась некоторая случайная ошибка ξi (˜ui = ui + ξi), равномерно распределенная
на симметричном относительно нуля интервале [−Emaxui, Emaxui].
Значение
определяет максимальный уровень вносимой ошибки. Эти данные необходи-
мы для понимания того, насколько нейронная сеть восприимчива к шуму во
входных данных. Физически он соответствует ошибке измерения функции кон-
центрации вещества в заданной точке наблюдения.","В качестве множества для обучения нейронной сети на основе точных ре- шений было сформировано 1000 примеров (данное множество будем именовать обучающим). Для тестирования было сформировано отдельное множество из 500 примеров, не имеющее пересечений $\mathrm { c o \bar { o } y }$ чающим (далее тестовым). Для ис- следования влияния шума на результат прогноза в указанные множества искус- ственно был привнесен шум в размере не более $5 \%$ (далее обучающее+5 % шум, тестовое + 5 % шум). Для нейронных сетей, соответствующих $N = 4 0 .$ , обучаю- щее множество состояло из 3000 примеров, тестовое — из 1000.","В качестве множества для обучения нейронной сети на основе точных ре- шений было сформировано 1000 примеров (данное множество будем именовать обучающим). Для тестирования было сформировано отдельное множество из 500 примеров, не имеющее пересечений $\mathrm { c o \bar { o } y }$ чающим (далее тестовым). Для ис- следования влияния шума на результат прогноза в указанные множества искус- ственно был привнесен шум в размере не более $5 \%$ (далее обучающее+5 % шум, тестовое + 5 % шум). Для нейронных сетей, соответствующих $N = 4 0 .$ , обучаю- щее множество состояло из 3000 примеров, тестовое — из 1000. Поясним подробнее, как формировались примеры для обучения и тестиро- вания. Для построения точных решений прямой задачи (5) воспользуемся фор- мулой (6). Эти точные решения, соответствующие заданным значениям α и $\lambda ,$ будут использоваться при обучении. Алгоритм построения примеров для $\mathrm { o 6 y }$ чения нейронной сети (для задан- ного значения $N )$ состоит из следующих шагов. Шаг 1. Выберем случайным образом с равномерным распределением в ин- тервале (0, 1) параметры α и λ. Шаг 2. Аналогичным образом выберем некоторое количество коэффи- циентов $C _ { n }$ из интервала (−10, 10) (значения нижнего индекса n не обязательно выбирать последовательными). Шаг 3. Подставив выбранные значения в (6), получим функцию $u ( x , t )$ состоящую из конечного числа слагаемых и удовлетворяющую системе (5). Шаг 4. Для получения входных данных для обратной задачи достаточно выбрать координату точки измерения $x _ { 0 } \in ( 0 , 1 )$ и вычислить значения $u _ { i } =$ $\bar { u ( x _ { 0 } , t _ { i } ) } = \bar { u ( x _ { 0 } , i / N ) }$ Выполнив последовательно шаги 1–4, получим пример для $\mathrm { o 6 y }$ чения или тестирования нейронной сети, основанный на точном решении дифференциаль- ной задачи. Для формирования зашумленных данных $\tilde { u } _ { i }$ во входные данные для нейрон- ной сети на шаге 4 вносился аддитивный шум: к точному решению $u _ { i }$ добавля- лась некоторая случайная ошибка $\xi _ { i } ( \tilde { u } _ { i } = u _ { i } + \xi _ { i } )$ , равномерно распределенная на симметричном относительно нуля интервале $[ - E _ { \operatorname* { m a x } } u _ { i } , E _ { \operatorname* { m a x } } u _ { i } ]$ Значение определяет максимальный уровень вносимой ошибки. Эти данные необходи- мы для понимания того, насколько нейронная сеть восприимчива к шуму во входных данных. Физически он соответствует ошибке измерения функции кон- центрации вещества в заданной точке наблюдения."
mineru,D04,TXT_008,9,bbox_iou,1049,508,34.08770505809979,4,"3. Метод показал себя устойчивым к шуму в начальных данных: в боль-
шинстве рассматриваемых моделей внесение шума в исходные данные обрат-
ной задачи в размере не более 5 % дает 5–7 % снижения точности распознавания
и весьма незначительное увеличение средней ошибки (порядка 0,02–0,03).
Но наиболее неожиданным, на наш взгляд, результатом является то, что
дополнительное знание о расположении измерительного прибора (координа-
та x0) не дает существенного повышения точности определения параметра
дробного дифференцирования α.
Этот факт позволяет выдвинуть гипотезу
о том, что предложенный метод может быть успешно применен для решения
обратной задачи в области Ω′ = {(x, t) : −∞< x < ∞, t ≥0}.
Данные в табл. 5, 6 дают представление о максимальной ошибке восста-
новления параметров задачи (5), но не говорят о том, как часто возникает
ошибка, большая допустимой.
Разобьем отрезок [0, 2] на 11 интервалов [0, 00; 0, 02), [0, 02; 0, 04), [0, 04;
0, 06), [0, 06; 0, 08), [0, 08; 0, 10), [0, 10; 0, 12), [0, 12; 0, 14), [0, 14; 0, 16), [0, 16; 0, 18),","Но наиболее неожиданным, на наш взгляд, результатом является то, что дополнительное знание о расположении измерительного прибора (координа- та x<sub>0</sub>) не дает существенного повышения точности определения параметра дробного дифференцирования α. Этот факт позволяет выдвинуть гипотезу о том, что предложенный метод может быть успешно применен для решения обратной задачи в области $\Omega ^ { \prime } = \{ ( x , t ) : - \infty < \stackrel { \cdot } { x } < \infty , \stackrel { \cdot } { t \geq 0 } \}$","3. Метод показал себя устойчивым к шуму в начальных данных: в боль- шинстве рассматриваемых моделей внесение шума в исходные данные обрат- ной задачи в размере не более 5 % дает 5–7 % снижения точности распознавания и весьма незначительное увеличение средней ошибки (порядка 0,02–0,03). Но наиболее неожиданным, на наш взгляд, результатом является то, что дополнительное знание о расположении измерительного прибора (координа- та x<sub>0</sub>) не дает существенного повышения точности определения параметра дробного дифференцирования α. Этот факт позволяет выдвинуть гипотезу о том, что предложенный метод может быть успешно применен для решения обратной задачи в области $\Omega ^ { \prime } = \{ ( x , t ) : - \infty < \stackrel { \cdot } { x } < \infty , \stackrel { \cdot } { t \geq 0 } \}$ Данные в табл. 5, 6 дают представление о максимальной ошибке восста- новления параметров задачи (5), но не говорят о том, как часто возникает ошибка, большая допустимой. Разобьем отрезок [0, 2] на 11 интервалов [0, 00; 0, 02), [0, 02; 0, 04), [0, 04; 0, 06), [0, 06; 0, 08), [0, 08; 0, 10), [0, 10; 0, 12), [0, 12; 0, 14), [0, 14; 0, 16), [0, 16; 0, 18),"
mineru,D05,TXT_009,10,bbox_iou,1428,1293,82.80233206087314,2,"5.2. Поверхностные электронные состояния 
Поверхностные электронные состояния (ПЭС) играют 
важную роль в теории полупроводников, так как именно 
они определяют контактные электронные свойства [34]. 
Реальная поверхность любого металла покрыта оксид­
ной пленкой, свойства которой ближе к полупроводни­
ковым, то же самое можно сказать и о л ю б о м металличе­
ском электроде. П о определению П Э С связаны только с 
узкой областью вблизи поверхности, где свойства кри­
сталла сильно отличаются от свойств бесконечной кри­
сталлической решетки. В этой области возникает нерав­
н о м е р н о е распределение з а р я д о в как по н о р м а л и к 
поверхности, так и вдоль нее; имеются специфические 
центры адсорбции электронов, связанные с дефектами 
кристаллической решетки, геометрическими неоднород-
н о с т я м и и т.д. В качестве п р и м е р а приведем схему 
распределения поверхностных электронов на границе 
кристалла кремния, покрытого оксидной пленкой S i 0 2 
(рис. 10) [34]. Из рисунка видно, что по мере продвижения 
от свободной поверхности (т.е. оксида кремния) к кри­
сталлу кремния П Э С изменяются, последовательно пере­
ходя от локализованных состояний 7, 2 (обусловленных 
наличием ловушек, образованных за счет адсорбции 
молекул воды с последующим формированием связей 
S i - О Н . . . Н О - S i ) к состояниям медленных 3 и быстрых 
4 поверхностных электронов и, наконец, к рекомбина-
ционным состояниям 5.","Поверхностные электронные состояния (ПЭС) играют важную роль в теории полупроводников, так как именно они определяют контактные электронные свойства [34]. Реальная поверхность любого металла покрыта оксидной пленкой, свойства которой ближе к полупроводниковым, то же самое можно сказать и о любом металлическом электроде. По определению ПЭС связаны только с узкой областью вблизи поверхности, где свойства кристалла сильно отличаются от свойств бесконечной кристаллической решетки. В этой области возникает неравномерное распределение зарядов как по нормали к поверхности, так и вдоль нее; имеются специфические центры адсорбции электронов, связанные с дефектами кристаллической решетки, геометрическими неоднородностями и т.д. В качестве примера приведем схему распределения поверхностных электронов на границе кристалла кремния, покрытого оксидной пленкой SiO₂ (рис. 10) [34]. Из рисунка видно, что по мере продвижения от свободной поверхности (т.е. оксида кремния) к кристаллу кремния ПЭС изменяются, последовательно переходя от локализованных состояний 1, 2 (обусловленных наличием ловушек, образованных за счет адсорбции молекул воды с последующим формированием связей Si–OH…HO–Si) к состояниям медленных 3 и быстрых 4 поверхностных электронов и, наконец, к рекомбинационным состояниям 5.","5.2. Поверхностные электронные состояния Поверхностные электронные состояния (ПЭС) играют важную роль в теории полупроводников, так как именно они определяют контактные электронные свойства [34]. Реальная поверхность любого металла покрыта оксидной пленкой, свойства которой ближе к полупроводниковым, то же самое можно сказать и о любом металлическом электроде. По определению ПЭС связаны только с узкой областью вблизи поверхности, где свойства кристалла сильно отличаются от свойств бесконечной кристаллической решетки. В этой области возникает неравномерное распределение зарядов как по нормали к поверхности, так и вдоль нее; имеются специфические центры адсорбции электронов, связанные с дефектами кристаллической решетки, геометрическими неоднородностями и т.д. В качестве примера приведем схему распределения поверхностных электронов на границе кристалла кремния, покрытого оксидной пленкой SiO₂ (рис. 10) [34]. Из рисунка видно, что по мере продвижения от свободной поверхности (т.е. оксида кремния) к кристаллу кремния ПЭС изменяются, последовательно переходя от локализованных состояний 1, 2 (обусловленных наличием ловушек, образованных за счет адсорбции молекул воды с последующим формированием связей Si–OH…HO–Si) к состояниям медленных 3 и быстрых 4 поверхностных электронов и, наконец, к рекомбинационным состояниям 5."
ocr_space,D01,TXT_001,15,content_similarity,2010,2027,96.77954922464662,0,"Измерение 
электрических 
сопротивлений 
представляет 
весьма 
развитую область измерительной техники как в отношении методов 
измерений, так и используемой аппаратуры. Измерение сопротивлений 
является обязательной процедурой при всех видах испытаний и 
исследований 
электротехнического 
и 
электронного 
оборудования. 
Широко используются разнообразные приемы измерения сопротивления в 
медицинских исследованиях, для клинических анализов,  в биологии, 
агротехнике и экологическом мониторинге, где чаще всего приходится 
измерять электропроводность растворов, почвы, крови, кожного покрова. 
К измерению сопротивления сводятся многие задачи измерения таких 
физических величин, как деформация,  ускорение, давление, сила, 
температура и многих других. 
Электрическое 
сопротивление 
представляет 
собой 
пассивную 
физическую величину, которая в отличие от тока или напряжения не 
является носителем энергии. Напротив, электрическое сопротивление, как 
свойство тел, веществ, растворов проявляет себя только при прохождении 
через него тока, и о значении этого сопротивления мы можем судить по 
напряжению, которое на нем падает. При выборе силы этого тока следует 
иметь в виду, что сопротивление нагревается, а значит в связи с этим его 
значение изменяется. Может даже оказаться, что при слишком большом 
токе измеряемое сопротивление может разрушиться. В тех случаях, когда 
измерению подлежит электропроводность биологических растворов и 
смесей, крови, лимфатической жидкости, проб жидких промышленных 
выбросов и других подобных веществ, проходящий через них ток 
вызывает электролиз, и состав исследуемых объектов меняется. Поэтому 
измерения сопротивления этих веществ выполняются на переменном токе. 
В результате взаимодействия между средством измерений и объектом 
измерений возникает погрешность, которая является методической. Для  
того, чтобы предохранить объект от разрушения и снизить методическую 
погрешность, необходимо ограничивать ток через объект до минимально 
возможного значения.","5. Теоретическая часть 5.1. Методы измерения сопротивлений Измерение электрических сопротивлений представляет весьма развитую область измерительной техники как в отношении методов измерений, так и используемой аппаратуры. Измерение сопротивлений является обязательной процедурой при всех видах испытаний и исследований электротехнического и электронного оборудования. Широко используются разнообразные приемы измерения сопротивления в медицинских исследованиях, для клинических анализов, в биологии, агротехнике и экологическом мониторинге, где чаще всего приходится измерять электропроводность растворов, почвы, крови, кожного покрова. К измерению сопротивления сводятся многие задачи измерения таких физических величин, как деформация, ускорение, давление, сила, температура и многих других. Электрическое сопротивление представляет собой пассивную физическую величину, которая в отличие от тока или напряжения не является носителем энергии. Напротив, электрическое сопротивление, как свойство тел, веществ, растворов проявляет себя только при прохождении через него тока, и о значении этого сопротивления мы можем судить по напряжению, которое на нем падает. При выборе силы этого тока следует иметь в виду, что сопротивление нагревается, а значит в связи с этим его значение изменяется. Может даже оказаться, что при слишком большом токе измеряемое сопротивление может разрушиться. В тех случаях, когда измерению подлежит электропроводность биологических растворов и смесей, крови, лимфатической жидкости, проб жидких промышленных выбросов и других подобных веществ, проходящий через них ток вызывает электролиз, и состав исследуемых объектов меняется. Поэтому измерения сопротивления этих веществ выполняются на переменном токе. В результате взаимодействия между средством измерений и объектом измерений возникает погрешность, которая является методической. Для того, чтобы предохранить объект от разрушения и снизить методическую погрешность, необходимо ограничивать ток через объект до минимально возможного значения. 15",
ocr_space,D01,TXT_002,27,content_similarity,755,1575,9.32732732732733,0,"Измеряемое  напряжение подают на  входные зажимы ""С"" – сигнал, 
высокопотенциальный зажим (красного цвета) и ""0"" - нуль, низкопотенци-
альный зажим (белого цвета). Зажим  защитного экрана ""Э""  используют 
при измерении малых токов и напряжений с  целью защиты от продольной 
помехи (помехи общего вида). Контакт К для присоединения к корпусу 
прибора находится на его задней панели, он обозначен символом  “⊥“. 
Если измеряемое напряжение передается по экранированной паре 
проводов и нигде низкопотенциальный провод не соединен с экраном, 
этот зажим “Э” соединяется с низкопотенциальным зажимом “0”. 
Основная 
относительная 
инструментальная 
погрешность 
прибора 
нормирована двучленной формулой: 
  
 
 
[
]
γ В
K
X
U
U
=
+
−
0 04
0 02
1
,
,
(
/
) %.","вольтметра определяет блок переключателей ""ЗАПУСК"". При отжатой клавише ""ВКЛ"" измерения происходят циклически с периодом, регулируемым ручкой ""ПЕРИОД"". При нажатой клавише ""ВКЛ"" измерения происходят при каждом нажатии клавиши ""РАЗОВЫЙ"". При нажатой клавише ""ДУ"" управление работой прибора осуществляется дистанционно от ЭВМ.

![Вольтметр универсальный цифровой В7-23](https://i.imgur.com/a1b2c3d.png)

Рис. 3.2. Лицевая панель цифрового интегрирующего вольтметра В7-23

Измеряемое напряжение подают на входные зажимы ""С"" – сигнал, высокопотенциальный зажим (красного цвета) и ""0"" – нуль, низкопотенци-альный зажим (белого цвета). Зажим защитного экрана ""Э"" используют при измерении малых токов и напряжений с целью защиты от продольной помехи (помехи общего вида). Контакт К для присоединения к корпусу прибора находится на его задней панели, он обозначен символом ""1"". Если измеряемое напряжение передается по экранированной паре проводов и нигде низкопотенциальный провод не соединен с экраном, этот зажим ""Э"" соединяется с низкопотенциальным зажимом ""0"". Основная относительная инструментальная погрешность прибора нормирована двучленной формулой:

\(\gamma_{\text{B}} = [0,04+0,02(U_{\text{K}}/U_{\text{X}}-1)]\)%

где \(U_{\text{K}}\)- максимальные (конечные) значения измеряемых величин на установленных пределах измерения, \(U_{\text{X}}, R_{\text{X}}\)- истинные значения соответ-ствующих измеряемых величин (или результаты их измерения). Входное сопротивление вольтметра 1 ГОм на пределах измерения ""0,1"", ""1"" и ""10"" В и 10 МОм на пределах ""10"", ""100"", ""1000"" В.

27",
ocr_space,D02,TXT_003,3,content_similarity,2356,2059,81.96851897740883,0,"Методика получения магнитных наноча-
стиц Fe3O4. Наноразмерные частицы Fe3O4 по-
лучали путем химического осаждения по моди-
фицированной методике Массара [4]. К 40 мл 
0,5 М водного раствора аммиака постепенно до-
бавляли смесь растворов FeCl3·6H2O (1,0 мл 1 M 
раствора в 2 M HCl) и FeSO4·(NH4)2SO4·6H2O 
(1,0 мл 0,5 M раствора). После чего полученную 
суспензию перемешивали в течение 30 мин на 
электромеханическом шейкере при комнатной 
температуре. Концентрация Fe3O4 составила 
2,75 мг/мл, средний диаметр частиц 16 нм.
Определение железа в образцах магнитных 
сорбентов. Магнитный сорбент (0,07 г) обра-
батывали 5,0 мл 0,5 М раствора HCl в течение 
24 ч. Далее проводили спектрофотометрическое 
определение содержания общего железа по ме-
тодике [5]. Для этого 4 мл полученного раствора 
помещали в мерную колбу объемом 25 мл и раз-
бавляли до метки дистиллированной водой, алик-
вотную часть полученного раствора (5–10 мл) 
вносили в мерную колбу емкостью 25 мл и далее 
проводили определение общего содержания же-
леза по методике построения градуировочного 
графика.
Методика построения градуировочного гра-
фика. В мерные колбы емкостью 25 мл вноси-
ли стандартный раствор Fe(III), 2,5 мл 10%-го 
раствора сульфосалициловой кислоты, 2,5 мл 
10%-го раствора аммиака и доводили до метки 
дистиллированной водой. Тщательно перемеши-
вали и оставляли на 5 мин для развития окраски. 
Оптическую плотность полученного раствора 
измеряли при длине волны λ = 416 нм (l = 1 см). 
Диапазон линейности градуировочного графика 
составлял 1–10 мкг/мл.
Методика проведения сорбции азокрасите-
лей ЖСЗ, ТАРТ, П-4R. В 10,0 мл водного рас-
твора, полученного смешением 1,0 мл раствора 
красителя (0,1 г/мл), 0,5 мл 9,2·10–3 М раствора 
ЦТАБ, помещали 0,07 г сорбента, предваритель-
но обработанного этанолом (3×50 мкл). Сорбент 
перемешивали на шейкере до установления 
сорбционного равновесия, после чего отделяли от 
раствора фильтрованием или магнитной сепараци-
ей (в случае магнитных сорбентов), высушивали 
на воздухе и регистрировали спектры диффузного 
отражения. Содержание красителя в водной фазе 
определяли по градуировочным зависимостям при 
максимальной длине волны поглощения (λТАР = 
426 нм, λЖСЗ = 480 нм, λП-4R = 506 нм). Содержание 
красителя на сорбенте рассчитывали по разности 
значений исходной и равновесной концентрации 
в водной фазе.","ВЕСТН. МОСК. УН-ТА. СЕР. 2. ХИМИЯ. 2020. Т. 61. № 5

Методика получения магнитных наноча-стиц Fe3O4. Наноразмерные частицы Fe3O4 по-лучали путем химического осаждения по моди-фицированной методике Массара [4]. К 40 мл 0,5 М водного раствора аммиака постепенно до-бавляли смесь растворов FeCl3-6Н2О (1,0 мл 1 М раствора в 2 М HCI) и FeSO4 (NH4)2SO4-6H₂O (1,0 мл 0,5 М раствора). После чего полученную суспензию перемешивали в течение 30 мин на электромеханическом шейкере при комнатной температуре. Концентрация Fe3O4 составила 2,75 мг/мл, средний диаметр частиц 16 нм. Определение железа в образцах магнитных сорбентов. Магнитный сорбент (0,07 г) обра-батывали 5,0 мл 0,5 М раствора НСІ в течение 24 ч. Далее проводили спектрофотометрическое определение содержания общего железа по ме-тодике [5]. Для этого 4 мл полученного раствора помещали в мерную колбу объемом 25 мл и раз-бавляли до метки дистиллированной водой, алик-вотную часть полученного раствора (5-10 мл) вносили в мерную колбу емкостью 25 мл и далее проводили определение общего содержания же-леза по методике построения градуировочного графика. Методика построения градуировочного гра-фика. В мерные колбы емкостью 25 мл вноси-ли стандартный раствор Fe(III), 2,5 мл 10%-го раствора сульфосалициловой кислоты, 2,5 мл 10%-го раствора аммиака и доводили до метки дистиллированной водой. Тщательно перемеши-вали и оставляли на 5 мин для развития окраски. Оптическую плотность полученного раствора измеряли при длине волны 2 = 416 нм (1 = 1 см). Диапазон линейности градуировочного графика составлял 1-10 мкг/мл. Методика проведения сорбции азокрасите-лей ЖСЗ, ТАРТ, П-4R. В 10,0 мл водного рас-твора, полученного смешением 1,0 мл раствора красителя (0,1 г/мл), 0,5 мл 9,2-103 М раствора ЦТАБ, помещали 0,07 г сорбента, предваритель-но обработанного этанолом (3×50 мкл). Сорбент перемешивали на шейкере до установления сорбционного равновесия, после чего отделяли от раствора фильтрованием или магнитной сепараци-ей (в случае магнитных сорбентов), высушивали на воздухе и регистрировали спектры диффу",
ocr_space,D02,TXT_004,5,unmatched,727,0,0.0,0,"Десорбция пищевых анионных красителей. 
Установлено, что десорбция красителя ЖСЗ (аце-
тонитрил, изопропропанол, метанол и этанол) 
наиболее эффективна при использовании метано-
ла и этанола. В качестве десорбирующего агента 
выбран этанол ввиду его большей безопасности 
использования (табл. 6). В отличие от сорбции, 
десорбция в случае магнитных сорбентов прохо-
дит более эффективно по сравнению с исходными 
(табл. 7).
Сорбция 2,4-динитрофенола. Модифицирова-
ние магнетитом приводит к уменьшению эффек-
тивности сорбции больших по размеру молекул 
ионных ассоциатов красителей. Для молекул не-
большого размера влияние модифицирования 
на сорбционные свойства может быть незначи-
тельным. Для проверки этого предположения",,
ocr_space,D03,TXT_005,2,content_similarity,1569,2791,24.606789091853614,0,"Рост популярности онлайн-платформ, позволяющих пользователям общаться друг с другом, делиться мнениями
о различных событиях, оставлять комментарии, подтолкнул к развитию алгоритмов обработки естественного
языка. Десятки миллионов сообщений в день, которые публикуют пользователи отдельно взятой социальной
сети, необходимо анализировать в режиме реального времени или близко к тому с целью модерации, чтобы
не допустить распространение различной противозаконной или оскорбительной информации, угроз и других
видов токсичных комментариев. Разумеется такой большой объем информации может быть обработан достаточно
быстро только автоматически. Возникает необходимость научить компьютер «понимать» текст, написанный
человеком, что является нетривиальной задачей, пусть даже под «пониманием» текста подразумевается лишь его
классификация. Бурное развитие технологий машинного обучения обусловило повсеместное внедрение новых
алгоритмов. Многие задачи, в том числе и задачи обработки естественного языка, которые долгие годы считалось
практически невозможно решить, сейчас вполне успешно решаются с использованием технологий глубокого
обучения. В данной статье будут рассмотрены алгоритмы, построенные с использованием технологий глубокого
обучения и нейронных сетей, позволяющие успешно решать задачу распознавания и классификации токсичных
комментариев. Помимо этого, в статье будут приведены результаты тестирования как разработанных алгоритмов,
так и ансамбля данных алгоритмов на большой обучающей выборке, собранной и размеченной специалистами
компаний Google и Jigsaw.","МОДЕЛИРОВАНИЕ И АНАЛИЗ ИНФОРМАЦИОННЫХ СИСТЕМ, ТОМ 27, № 1, 2020 сайт журнала: www.mais-journal.ru

COMPUTING METHODOLOGIES AND APPLICATIONS

Современные методы детектирования и классификации токсичных комментариев с использованием нейронных сетей С. В. Моржов¹ DOI: 10.18255/1818-1015-2020-1-48-61 Ярославский государственный университет им. П. Г. Демидова, ул. Советская, 14, г. Ярославль, 150003 Россия. УДК 004.8 Научная статья Полный текст на русском языке Получена 17 января 2020 г. После доработки 25 февраля 2020 г. Принята к публикации 28 февраля 2020 г.

Рост популярности онлайн-платформ, позволяющих пользователям общаться друг с другом, делиться мнениями о различных событиях, оставлять комментарии, подтолкнул к развитию алгоритмов обработки естественного языка. Десятки миллионов сообщений в день, которые публикуют пользователи отдельно взятой социальной сети, необходимо анализировать в режиме реального времени или близко к тому с целью модерации, чтобы не допустить распространение различной противозаконной или оскорбительной информации, угроз и других видов токсичных комментариев. Разумеется такой большой объем информации может быть обработан достаточно быстро только автоматически. Возникает необходимость научить компьютер ""понимать"" текст, написанный человеком, что является нетривиальной задачей, пусть даже под ""пониманием"" текста подразумевается лишь его классификация. Бурное развитие технологий машинного обучения обусловило повсеместное внедрение новых алгоритмов. Многие задачи, в том числе и задачи обработки естественного языка, которые долгие годы считалось практически невозможно решить, сейчас вполне успешно решаются с использованием технологий глубокого обучения. В данной статье будут рассмотрены алгоритмы, построенные с использованием технологий глубокого обучения и нейронных сетей, позволяющие успешно решать задачу распознавания и классификации токсичных комментариев. Помимо этого, в статье будут приведены результаты тестирования как разработанных алгоритмов, так и ансамбля данных алгоритмов на большой обучающей выборке, собранной и размеченной специалистами компаний Google и Jigsaw.

Ключевые слова: токчисность; обработка естественного языка; NLP; глубокое обучение; векторное представление слов; GloVe; FastText; реккурентные нейронные сети; сверточные нейронные сети; CNN; LSTM; GRU

ИНФОРМАЦИЯ ОБ АВТОРАХ Сергей Владимирович Моржов orcid.org/0000-0001-6652-3574. E-mail: smorzhov@gmail.com аспирант.

Для цитирования: S. V. Morzhov, ""Modern Approaches to Detect and Classify Comment Toxicity Using Neural Networks"", Modeling and analysis of information systems, vol. 27, no. 1, pp. 48-61, 2020.

© Моржов С. В., 2020 Эта статья открытого доступа под лицензией СС BY-NC-ND license (http://creativecommons.org/licenses/by-nc-nd/4.0/).

49",
ocr_space,D03,TXT_006,7,content_similarity,748,1970,4.505076142131979,0,"1. Приведение текста к нижнему регистру.
2. Удаление кусков html-кода, которые присутствуют в некоторых комментариях.
3. Преобразование подстроки вида «w h a t a n i c e d a y» к «what a nice day». Данный вид
искажения текста часто используется для маскировки нецензурных слов.
4. Удаление ссылок, ip-адресов.
5. Удаление чисел и цифр.
6. Удаление всей пунктуации, кроме «’», «.», «!», «?». При этом также удалялись дублирующиеся
знаки, то есть подстрока вида «!!!!!» приводилась к «!».
7. Замена знаков окончания предложения на специальные токены. «!» заменялся на « exclmrk
», «?» — на « qstmrk », «.» — на « eosmkr ». Это было сделано для того, чтобы не потерять
информацию об этих знаках на этапе трансформации текста в векторное представление.","Morzhov S. V.

![Bad](Bad) ![Clean](Clean)

Number of occurances

0.06 0.05 0.04 0.03 0.02 0.01 0.00 20 40 60 80 100 Percent unique words

Fig. 6. Percentage of unique words in the total number of words in a comment Рис. 6. Процент уникальных слов от общего количества слов в комментарии

Помимо статистических особенностей обучающей выборки необходимо также рассмотреть осо-бенности текстовых данных. Комментарии преимущественно написаны на английском языке (в выборке присутствуют комментарии на других языках, но их количество составляет менее 0.1% от общего числа). Многие комментарии содержат эмодзи, избыточное количество пунктуационных знаков, веб-ссылки, числа, особые начертания слов, грамматические ошибки. Некоторые граммати-ческие ошибки были допущены авторами специально, чтобы ""замаскировать"" оскорбительные или нецензурные высказывания. Все это излишне расширяет размер словаря, что в свою очередь услож-няет анализ комментариев, поэтому подготовка данных из обучающей и тренировочной выборки является важным этапом при решении поставленной задачи.

2. Подготовка данных

Для решения задачи использовалась двухэтапная подготовка данных. На первом этапе осу-ществлялись базовые, наиболее простые манипуляции с ними: 1. Приведение текста к нижнему регистру. 2. Удаление кусков html-кода, которые присутствуют в некоторых комментариях. 3. Преобразование подстроки вида ""whataniceday"" к ""what a nice day"". Данный вид искажения текста часто используется для маскировки нецензурных слов. 4. Удаление ссылок, ір-адресов. 5. Удаление чисел и цифр. 6. Удаление всей пунктуации, кроме ""'"", ""."", ""!"", ""?"". При этом также удалялись дублирующиеся знаки, то есть подстрока вида ""!!!!!"" приводилась к ""!"". 7. Замена знаков окончания предложения на специальные токены. ""!"" заменялся на "" exclmrk "", ""?"" на qstmrk >>, <<.>>> на << eosmkr "". Это было сделано для того, чтобы не потерять информацию об этих знаках на этапе трансформации текста в векторное представление.

54",
ocr_space,D04,TXT_007,7,content_similarity,2215,3357,41.53817885554826,0,"В качестве множества для обучения нейронной сети на основе точных ре-
шений было сформировано 1000 примеров (данное множество будем именовать
обучающим). Для тестирования было сформировано отдельное множество из
500 примеров, не имеющее пересечений с обучающим (далее тестовым). Для ис-
следования влияния шума на результат прогноза в указанные множества искус-
ственно был привнесен шум в размере не более 5 % (далее обучающее+5 % шум,
тестовое + 5 % шум). Для нейронных сетей, соответствующих N = 40, обучаю-
щее множество состояло из 3000 примеров, тестовое — из 1000.
Поясним подробнее, как формировались примеры для обучения и тестиро-
вания. Для построения точных решений прямой задачи (5) воспользуемся фор-
мулой (6). Эти точные решения, соответствующие заданным значениям α и λ,
будут использоваться при обучении.
Алгоритм построения примеров для обучения нейронной сети (для задан-
ного значения N) состоит из следующих шагов.
Шаг 1. Выберем случайным образом с равномерным распределением в ин-
тервале (0, 1) параметры α и λ.
Шаг 2.
Аналогичным образом выберем некоторое количество коэффи-
циентов Cn из интервала (−10, 10) (значения нижнего индекса n не обязательно
выбирать последовательными).
Шаг 3. Подставив выбранные значения в (6), получим функцию u(x, t),
состоящую из конечного числа слагаемых и удовлетворяющую системе (5).
Шаг 4. Для получения входных данных для обратной задачи достаточно
выбрать координату точки измерения x0 ∈(0, 1) и вычислить значения ui =
u(x0, ti) = u(x0, i/N).
Выполнив последовательно шаги 1–4, получим пример для обучения или
тестирования нейронной сети, основанный на точном решении дифференциаль-
ной задачи.
Для формирования зашумленных данных ˜ui во входные данные для нейрон-
ной сети на шаге 4 вносился аддитивный шум: к точному решению ui добавля-
лась некоторая случайная ошибка ξi (˜ui = ui + ξi), равномерно распределенная
на симметричном относительно нуля интервале [−Emaxui, Emaxui].
Значение
определяет максимальный уровень вносимой ошибки. Эти данные необходи-
мы для понимания того, насколько нейронная сеть восприимчива к шуму во
входных данных. Физически он соответствует ошибке измерения функции кон-
центрации вещества в заданной точке наблюдения.","Нейросетевой подход к решению обратных задач 9

В качестве множества для обучения нейронной сети на основе точных ре-шений было сформировано 1000 примеров (данное множество будем именовать обучающим). Для тестирования было сформировано отдельное множество из 500 примеров, не имеющее пересечений с обучающим (далее тестовым). Для ис-следования влияния шума на результат прогноза в указанные множества искус-ственно был привнесен шум в размере не более 5% (далее обучающее+5% шум, тестовое +5% шум). Для нейронных сетей, соответствующих № 40, обучаю-щее множество состояло из 3000 примеров, тестовое — из 1000.

Поясним подробнее, как формировались примеры для обучения и тестиро-вания. Для построения точных решений прямой задачи (5) воспользуемся фор-мулой (6). Эти точные решения, соответствующие заданным значениям а и Х, будут использоваться при обучении.

Алгоритм построения примеров для обучения нейронной сети (для задан-ного значения №) состоит из следующих шагов.

ШАГ 1. Выберем случайным образом с равномерным распределением в ин-тервале (0, 1) параметры а и д.

ШАГ 2. Аналогичным образом выберем некоторое количество коэффи-циентов Сп из интервала (-10, 10) (значения нижнего индекса п не обязательно выбирать последовательными).

ШАГ 3. Подставив выбранные значения в (6), получим функцию u(x, t), состоящую из конечного числа слагаемых и удовлетворяющую системе (5).

ШАГ 4. Для получения входных данных для обратной задачи достаточно выбрать координату точки измерения го є (0,1) и вычислить значения и

u(xo, ti) = u(xo, i/N).

Выполнив последовательно шаги 1-4, получим пример для обучения или тестирования нейронной сети, основанный на точном решении дифференциаль-ной задачи.

Для формирования зашумленных данных й, во входные данные для нейрон-ной сети на шаге 4 вносился аддитивный шум: к точному решению и добавля-лась некоторая случайная ошибка § ( = и +), равномерно распределенная на симметричном относительно нуля интервале [-Етах 44, Етах). Значение определяет максимальный уровень вносимой ошибки. Эти данные необходи-мы для понимания того, насколько нейронная сеть восприимчива к шуму во входных данных. Физически он соответствует ошибке измерения функции кон-центрации вещества в заданной точке наблюдения.

7. Результат обучения нейронных сетей. Результат обучения ней-ронных сетей вида 1-6 (для № = 20) представлен в табл. 5, 6 и на рис. 3. Табл. 5, 6 содержат данные доле правильно восстановленных значений па-раметров а и Х (считаем, что параметр был восстановлен нейронной сетью правильно, если ошибка восстановления составила не более 0,1), о средней Е и максимальной Етах ошибках восстановления параметров, а также о диспе рсии D ошибки для обучающего или тестового множества из К элементов:

E = 1/K ΣΕ, D = 1/K Σ(Ε; – Ε)2.

Нас интересует абсолютное значение ошибки, поэтому здесь и далее будем считать что ошибка принимает неотрицательное значение.

Средняя ошибка восстановления параметра а попадает в интервал [0,05; 0,08]. Это означает, что выбранный нами тип нейронных сетей достаточ-но хорошо позволяет восстановить параметра задачи (5). В то же самое время средняя ошибка восстановления параметра А достаточно высока (больше задан-ного нами порога 0,1 достаточности восстановления), поэтому использование нейронных сетей с рассматриваемыми выходными данными и рассматриваемой структурой вряд ли целесообразно.",
ocr_space,D04,TXT_008,9,unmatched,1049,0,0.0,0,"3. Метод показал себя устойчивым к шуму в начальных данных: в боль-
шинстве рассматриваемых моделей внесение шума в исходные данные обрат-
ной задачи в размере не более 5 % дает 5–7 % снижения точности распознавания
и весьма незначительное увеличение средней ошибки (порядка 0,02–0,03).
Но наиболее неожиданным, на наш взгляд, результатом является то, что
дополнительное знание о расположении измерительного прибора (координа-
та x0) не дает существенного повышения точности определения параметра
дробного дифференцирования α.
Этот факт позволяет выдвинуть гипотезу
о том, что предложенный метод может быть успешно применен для решения
обратной задачи в области Ω′ = {(x, t) : −∞< x < ∞, t ≥0}.
Данные в табл. 5, 6 дают представление о максимальной ошибке восста-
новления параметров задачи (5), но не говорят о том, как часто возникает
ошибка, большая допустимой.
Разобьем отрезок [0, 2] на 11 интервалов [0, 00; 0, 02), [0, 02; 0, 04), [0, 04;
0, 06), [0, 06; 0, 08), [0, 08; 0, 10), [0, 10; 0, 12), [0, 12; 0, 14), [0, 14; 0, 16), [0, 16; 0, 18),",,
ocr_space,D05,TXT_009,10,unmatched,1428,0,0.0,0,"5.2. Поверхностные электронные состояния 
Поверхностные электронные состояния (ПЭС) играют 
важную роль в теории полупроводников, так как именно 
они определяют контактные электронные свойства [34]. 
Реальная поверхность любого металла покрыта оксид­
ной пленкой, свойства которой ближе к полупроводни­
ковым, то же самое можно сказать и о л ю б о м металличе­
ском электроде. П о определению П Э С связаны только с 
узкой областью вблизи поверхности, где свойства кри­
сталла сильно отличаются от свойств бесконечной кри­
сталлической решетки. В этой области возникает нерав­
н о м е р н о е распределение з а р я д о в как по н о р м а л и к 
поверхности, так и вдоль нее; имеются специфические 
центры адсорбции электронов, связанные с дефектами 
кристаллической решетки, геометрическими неоднород-
н о с т я м и и т.д. В качестве п р и м е р а приведем схему 
распределения поверхностных электронов на границе 
кристалла кремния, покрытого оксидной пленкой S i 0 2 
(рис. 10) [34]. Из рисунка видно, что по мере продвижения 
от свободной поверхности (т.е. оксида кремния) к кри­
сталлу кремния П Э С изменяются, последовательно пере­
ходя от локализованных состояний 7, 2 (обусловленных 
наличием ловушек, образованных за счет адсорбции 
молекул воды с последующим формированием связей 
S i - О Н . . . Н О - S i ) к состояниям медленных 3 и быстрых 
4 поверхностных электронов и, наконец, к рекомбина-
ционным состояниям 5.",,
nutrient,D01,TXT_001,15,bbox_iou,2010,734,36.10866102166058,1,"Измерение 
электрических 
сопротивлений 
представляет 
весьма 
развитую область измерительной техники как в отношении методов 
измерений, так и используемой аппаратуры. Измерение сопротивлений 
является обязательной процедурой при всех видах испытаний и 
исследований 
электротехнического 
и 
электронного 
оборудования. 
Широко используются разнообразные приемы измерения сопротивления в 
медицинских исследованиях, для клинических анализов,  в биологии, 
агротехнике и экологическом мониторинге, где чаще всего приходится 
измерять электропроводность растворов, почвы, крови, кожного покрова. 
К измерению сопротивления сводятся многие задачи измерения таких 
физических величин, как деформация,  ускорение, давление, сила, 
температура и многих других. 
Электрическое 
сопротивление 
представляет 
собой 
пассивную 
физическую величину, которая в отличие от тока или напряжения не 
является носителем энергии. Напротив, электрическое сопротивление, как 
свойство тел, веществ, растворов проявляет себя только при прохождении 
через него тока, и о значении этого сопротивления мы можем судить по 
напряжению, которое на нем падает. При выборе силы этого тока следует 
иметь в виду, что сопротивление нагревается, а значит в связи с этим его 
значение изменяется. Может даже оказаться, что при слишком большом 
токе измеряемое сопротивление может разрушиться. В тех случаях, когда 
измерению подлежит электропроводность биологических растворов и 
смесей, крови, лимфатической жидкости, проб жидких промышленных 
выбросов и других подобных веществ, проходящий через них ток 
вызывает электролиз, и состав исследуемых объектов меняется. Поэтому 
измерения сопротивления этих веществ выполняются на переменном токе. 
В результате взаимодействия между средством измерений и объектом 
измерений возникает погрешность, которая является методической. Для  
того, чтобы предохранить объект от разрушения и снизить методическую 
погрешность, необходимо ограничивать ток через объект до минимально 
возможного значения.","Измерение электрических сопротивлений представляет весьма развитую область измерительной техники как в отношении методов измерений, так и используемой аппаратуры. Измерение сопротивлений является обязательной процедурой при всех видах испытаний и исследований электротехнического и электронного оборудования. Широко используются разнообразные приемы измерения сопротивления в медицинских исследованиях, для клинических анализов, в биологии, агротехнике и экологическом мониторинге, где чаще всего приходится измерять электропроводность растворов, почвы, крови, кожного покрова. К измерению сопротивления сводятся многие задачи измерения таких физических величин, как деформация, ускорение, давление, сила, температура и многих других.","Измерение электрических сопротивлений представляет весьма развитую область измерительной техники как в отношении методов измерений, так и используемой аппаратуры. Измерение сопротивлений является обязательной процедурой при всех видах испытаний и исследований электротехнического и электронного оборудования. Широко используются разнообразные приемы измерения сопротивления в медицинских исследованиях, для клинических анализов, в биологии, агротехнике и экологическом мониторинге, где чаще всего приходится измерять электропроводность растворов, почвы, крови, кожного покрова. К измерению сопротивления сводятся многие задачи измерения таких физических величин, как деформация, ускорение, давление, сила, температура и многих других."
nutrient,D01,TXT_002,27,bbox_iou,755,324,13.210016335016336,0,"Измеряемое  напряжение подают на  входные зажимы ""С"" – сигнал, 
высокопотенциальный зажим (красного цвета) и ""0"" - нуль, низкопотенци-
альный зажим (белого цвета). Зажим  защитного экрана ""Э""  используют 
при измерении малых токов и напряжений с  целью защиты от продольной 
помехи (помехи общего вида). Контакт К для присоединения к корпусу 
прибора находится на его задней панели, он обозначен символом  “⊥“. 
Если измеряемое напряжение передается по экранированной паре 
проводов и нигде низкопотенциальный провод не соединен с экраном, 
этот зажим “Э” соединяется с низкопотенциальным зажимом “0”. 
Основная 
относительная 
инструментальная 
погрешность 
прибора 
нормирована двучленной формулой: 
  
 
 
[
]
γ В
K
X
U
U
=
+
−
0 04
0 02
1
,
,
(
/
) %.","вольтметра определяет блок переключателей ""ЗАПУСК"". При отжатой клавише ""ВКЛ"" измерения происходят циклически с периодом, регулируемым ручкой ""ПЕРИОД"". При нажатой клавише ""ВКЛ"" измерения происходят при каждом нажатии клавиши ""РАЗОВЫЙ"". При нажатой клавише ""ДУ"" управление работой прибора осуществляется дистанционно от ЭВМ.",
nutrient,D02,TXT_003,3,bbox_iou,2356,519,21.468787428241033,0,"Методика получения магнитных наноча-
стиц Fe3O4. Наноразмерные частицы Fe3O4 по-
лучали путем химического осаждения по моди-
фицированной методике Массара [4]. К 40 мл 
0,5 М водного раствора аммиака постепенно до-
бавляли смесь растворов FeCl3·6H2O (1,0 мл 1 M 
раствора в 2 M HCl) и FeSO4·(NH4)2SO4·6H2O 
(1,0 мл 0,5 M раствора). После чего полученную 
суспензию перемешивали в течение 30 мин на 
электромеханическом шейкере при комнатной 
температуре. Концентрация Fe3O4 составила 
2,75 мг/мл, средний диаметр частиц 16 нм.
Определение железа в образцах магнитных 
сорбентов. Магнитный сорбент (0,07 г) обра-
батывали 5,0 мл 0,5 М раствора HCl в течение 
24 ч. Далее проводили спектрофотометрическое 
определение содержания общего железа по ме-
тодике [5]. Для этого 4 мл полученного раствора 
помещали в мерную колбу объемом 25 мл и раз-
бавляли до метки дистиллированной водой, алик-
вотную часть полученного раствора (5–10 мл) 
вносили в мерную колбу емкостью 25 мл и далее 
проводили определение общего содержания же-
леза по методике построения градуировочного 
графика.
Методика построения градуировочного гра-
фика. В мерные колбы емкостью 25 мл вноси-
ли стандартный раствор Fe(III), 2,5 мл 10%-го 
раствора сульфосалициловой кислоты, 2,5 мл 
10%-го раствора аммиака и доводили до метки 
дистиллированной водой. Тщательно перемеши-
вали и оставляли на 5 мин для развития окраски. 
Оптическую плотность полученного раствора 
измеряли при длине волны λ = 416 нм (l = 1 см). 
Диапазон линейности градуировочного графика 
составлял 1–10 мкг/мл.
Методика проведения сорбции азокрасите-
лей ЖСЗ, ТАРТ, П-4R. В 10,0 мл водного рас-
твора, полученного смешением 1,0 мл раствора 
красителя (0,1 г/мл), 0,5 мл 9,2·10–3 М раствора 
ЦТАБ, помещали 0,07 г сорбента, предваритель-
но обработанного этанолом (3×50 мкл). Сорбент 
перемешивали на шейкере до установления 
сорбционного равновесия, после чего отделяли от 
раствора фильтрованием или магнитной сепараци-
ей (в случае магнитных сорбентов), высушивали 
на воздухе и регистрировали спектры диффузного 
отражения. Содержание красителя в водной фазе 
определяли по градуировочным зависимостям при 
максимальной длине волны поглощения (λТАР = 
426 нм, λЖСЗ = 480 нм, λП-4R = 506 нм). Содержание 
красителя на сорбенте рассчитывали по разности 
значений исходной и равновесной концентрации 
в водной фазе.","Методика получения магнитных наноча-стиц Fe3O 4 . Наноразмерные частицы Fe3O 4 по-лучали путем химического осаждения по моди-фицированной методике Массара [4]. К 40 мл 0,5 М водного раствора аммиака постепенно до-бавляли смесь растворов FeCl3·6H2O (1,0 мл 1 M раствора в 2 M HCl) и FeSO4·(NH4)2SO4·6H2O (1,0 мл 0,5 M раствора). После чего полученную суспензию перемешивали в течение 30 мин на электромеханическом шейкере при комнатной температуре. Концентрация Fe3O 4 составила 2,75 мг/мл, средний диаметр частиц 16 нм.",
nutrient,D02,TXT_004,5,unmatched,727,0,0.0,0,"Десорбция пищевых анионных красителей. 
Установлено, что десорбция красителя ЖСЗ (аце-
тонитрил, изопропропанол, метанол и этанол) 
наиболее эффективна при использовании метано-
ла и этанола. В качестве десорбирующего агента 
выбран этанол ввиду его большей безопасности 
использования (табл. 6). В отличие от сорбции, 
десорбция в случае магнитных сорбентов прохо-
дит более эффективно по сравнению с исходными 
(табл. 7).
Сорбция 2,4-динитрофенола. Модифицирова-
ние магнетитом приводит к уменьшению эффек-
тивности сорбции больших по размеру молекул 
ионных ассоциатов красителей. Для молекул не-
большого размера влияние модифицирования 
на сорбционные свойства может быть незначи-
тельным. Для проверки этого предположения",,
nutrient,D03,TXT_005,2,bbox_iou,1569,105,5.0422849641145016,1,"Рост популярности онлайн-платформ, позволяющих пользователям общаться друг с другом, делиться мнениями
о различных событиях, оставлять комментарии, подтолкнул к развитию алгоритмов обработки естественного
языка. Десятки миллионов сообщений в день, которые публикуют пользователи отдельно взятой социальной
сети, необходимо анализировать в режиме реального времени или близко к тому с целью модерации, чтобы
не допустить распространение различной противозаконной или оскорбительной информации, угроз и других
видов токсичных комментариев. Разумеется такой большой объем информации может быть обработан достаточно
быстро только автоматически. Возникает необходимость научить компьютер «понимать» текст, написанный
человеком, что является нетривиальной задачей, пусть даже под «пониманием» текста подразумевается лишь его
классификация. Бурное развитие технологий машинного обучения обусловило повсеместное внедрение новых
алгоритмов. Многие задачи, в том числе и задачи обработки естественного языка, которые долгие годы считалось
практически невозможно решить, сейчас вполне успешно решаются с использованием технологий глубокого
обучения. В данной статье будут рассмотрены алгоритмы, построенные с использованием технологий глубокого
обучения и нейронных сетей, позволяющие успешно решать задачу распознавания и классификации токсичных
комментариев. Помимо этого, в статье будут приведены результаты тестирования как разработанных алгоритмов,
так и ансамбля данных алгоритмов на большой обучающей выборке, собранной и размеченной специалистами
компаний Google и Jigsaw.",Современные методы детектирования и классификации токсичных комментариев с использованием нейронных сетей,Современные методы детектирования и классификации токсичных комментариев с использованием нейронных сетей
nutrient,D03,TXT_006,7,unmatched,748,0,0.0,0,"1. Приведение текста к нижнему регистру.
2. Удаление кусков html-кода, которые присутствуют в некоторых комментариях.
3. Преобразование подстроки вида «w h a t a n i c e d a y» к «what a nice day». Данный вид
искажения текста часто используется для маскировки нецензурных слов.
4. Удаление ссылок, ip-адресов.
5. Удаление чисел и цифр.
6. Удаление всей пунктуации, кроме «’», «.», «!», «?». При этом также удалялись дублирующиеся
знаки, то есть подстрока вида «!!!!!» приводилась к «!».
7. Замена знаков окончания предложения на специальные токены. «!» заменялся на « exclmrk
», «?» — на « qstmrk », «.» — на « eosmkr ». Это было сделано для того, чтобы не потерять
информацию об этих знаках на этапе трансформации текста в векторное представление.",,
nutrient,D04,TXT_007,7,bbox_iou,2215,559,24.508335027140774,0,"В качестве множества для обучения нейронной сети на основе точных ре-
шений было сформировано 1000 примеров (данное множество будем именовать
обучающим). Для тестирования было сформировано отдельное множество из
500 примеров, не имеющее пересечений с обучающим (далее тестовым). Для ис-
следования влияния шума на результат прогноза в указанные множества искус-
ственно был привнесен шум в размере не более 5 % (далее обучающее+5 % шум,
тестовое + 5 % шум). Для нейронных сетей, соответствующих N = 40, обучаю-
щее множество состояло из 3000 примеров, тестовое — из 1000.
Поясним подробнее, как формировались примеры для обучения и тестиро-
вания. Для построения точных решений прямой задачи (5) воспользуемся фор-
мулой (6). Эти точные решения, соответствующие заданным значениям α и λ,
будут использоваться при обучении.
Алгоритм построения примеров для обучения нейронной сети (для задан-
ного значения N) состоит из следующих шагов.
Шаг 1. Выберем случайным образом с равномерным распределением в ин-
тервале (0, 1) параметры α и λ.
Шаг 2.
Аналогичным образом выберем некоторое количество коэффи-
циентов Cn из интервала (−10, 10) (значения нижнего индекса n не обязательно
выбирать последовательными).
Шаг 3. Подставив выбранные значения в (6), получим функцию u(x, t),
состоящую из конечного числа слагаемых и удовлетворяющую системе (5).
Шаг 4. Для получения входных данных для обратной задачи достаточно
выбрать координату точки измерения x0 ∈(0, 1) и вычислить значения ui =
u(x0, ti) = u(x0, i/N).
Выполнив последовательно шаги 1–4, получим пример для обучения или
тестирования нейронной сети, основанный на точном решении дифференциаль-
ной задачи.
Для формирования зашумленных данных ˜ui во входные данные для нейрон-
ной сети на шаге 4 вносился аддитивный шум: к точному решению ui добавля-
лась некоторая случайная ошибка ξi (˜ui = ui + ξi), равномерно распределенная
на симметричном относительно нуля интервале [−Emaxui, Emaxui].
Значение
определяет максимальный уровень вносимой ошибки. Эти данные необходи-
мы для понимания того, насколько нейронная сеть восприимчива к шуму во
входных данных. Физически он соответствует ошибке измерения функции кон-
центрации вещества в заданной точке наблюдения.","Вкачестве множества для обучения нейронной сети на основе точных ре-шений было сформировано 1000 примеров (данное множество будем именовать обучающим). Для тестирования было сформировано отдельное множество из 500 примеров, не имеющее пересечений с обучающим (далее тестовым). Для ис-следования влияния шума на результат прогноза в указанные множества искус-ственно был привнесен шум в размере не более 5%(далее обучающее+5%шум, тестовое +5%шум). Для нейронных сетей, соответствующих N = 40, обучаю-щее множество состояло из 3000 примеров, тестовое — из 1000.",
nutrient,D04,TXT_008,9,unmatched,1049,0,0.0,0,"3. Метод показал себя устойчивым к шуму в начальных данных: в боль-
шинстве рассматриваемых моделей внесение шума в исходные данные обрат-
ной задачи в размере не более 5 % дает 5–7 % снижения точности распознавания
и весьма незначительное увеличение средней ошибки (порядка 0,02–0,03).
Но наиболее неожиданным, на наш взгляд, результатом является то, что
дополнительное знание о расположении измерительного прибора (координа-
та x0) не дает существенного повышения точности определения параметра
дробного дифференцирования α.
Этот факт позволяет выдвинуть гипотезу
о том, что предложенный метод может быть успешно применен для решения
обратной задачи в области Ω′ = {(x, t) : −∞< x < ∞, t ≥0}.
Данные в табл. 5, 6 дают представление о максимальной ошибке восста-
новления параметров задачи (5), но не говорят о том, как часто возникает
ошибка, большая допустимой.
Разобьем отрезок [0, 2] на 11 интервалов [0, 00; 0, 02), [0, 02; 0, 04), [0, 04;
0, 06), [0, 06; 0, 08), [0, 08; 0, 10), [0, 10; 0, 12), [0, 12; 0, 14), [0, 14; 0, 16), [0, 16; 0, 18),",,
nutrient,D05,TXT_009,10,bbox_iou,1428,2516,3.2293322734499217,1,"5.2. Поверхностные электронные состояния 
Поверхностные электронные состояния (ПЭС) играют 
важную роль в теории полупроводников, так как именно 
они определяют контактные электронные свойства [34]. 
Реальная поверхность любого металла покрыта оксид­
ной пленкой, свойства которой ближе к полупроводни­
ковым, то же самое можно сказать и о л ю б о м металличе­
ском электроде. П о определению П Э С связаны только с 
узкой областью вблизи поверхности, где свойства кри­
сталла сильно отличаются от свойств бесконечной кри­
сталлической решетки. В этой области возникает нерав­
н о м е р н о е распределение з а р я д о в как по н о р м а л и к 
поверхности, так и вдоль нее; имеются специфические 
центры адсорбции электронов, связанные с дефектами 
кристаллической решетки, геометрическими неоднород-
н о с т я м и и т.д. В качестве п р и м е р а приведем схему 
распределения поверхностных электронов на границе 
кристалла кремния, покрытого оксидной пленкой S i 0 2 
(рис. 10) [34]. Из рисунка видно, что по мере продвижения 
от свободной поверхности (т.е. оксида кремния) к кри­
сталлу кремния П Э С изменяются, последовательно пере­
ходя от локализованных состояний 7, 2 (обусловленных 
наличием ловушек, образованных за счет адсорбции 
молекул воды с последующим формированием связей 
S i - О Н . . . Н О - S i ) к состояниям медленных 3 и быстрых 
4 поверхностных электронов и, наконец, к рекомбина-
ционным состояниям 5.","По существу, практически во всех теоретических работах последних десятилетий основное внимание уделялось выводу формулы (30) исходя из микрострук-туры жидкости. Идея теоретических построений до-вольно проста: необходимо учесть влияние раствори-теля (в электрохимических терминах сольватацию иона) и воздействие тепловых флуктуаций (по существу фононов) на электронные переходы. На этом пути были получены обобщающие результаты применительно к реакциям в полярных растворителях, с которыми можно ознакомиться в упрощенной форме в моногра-фии [491 и в более обстоятельном виде, на основе квантово-механических расчетов в обзорах [50, 51]. Однако, как и любой первый шаг, эти результаты являются ограниченными, так как не учитывают реаль-ную структуру поверхности электрода и химические свойства реагента. Несмотря на тот очевидный факт, что электронный переход происходит при непосредствен-ном контакте иона с поверхностью (поэтому ион И является хемосорбированным), тем не менее, суще-ствует такое крайнее суждение, вполне соответствующее модельным представлениям электрохимиков [45, с. 93]: ""Представление об ""электронных переходах"" при хемо-сорбции как о переходах с адсорбата на адсорбент должно быть изгнано из работ по хемосорбции и катализу подобно тому, как в свое время представление об электронных орбитах было изгнано из теории атома"". Подобная точка зрения обусловлена прежде всего иными подходами при исследовании поверхностных процессов и основана на представлениях зонной модели проводи-мости, в которой вводятся такие понятия, как поверх-ностный энергетический уровень (вместо иона) и задача об электронном переходе из электрода на ион (или наоборот) трактуется как переход из объемной зоны проводимости на поверхностное энергетическое состоя-ние [34, 44, 45]. На наш взгляд, физический подход является более целесообразным, поскольку позволяет полнее учесть особенности структуры поверхности и электронные свойства как электрода, так и реагента. Например, если переходы осуществляются из зоны проводимости, целесообразно использовать методы физической кинетики, вводя такие понятия, как длина свободного пробега, сечение захвата и т.д. С другой стороны, при анализе переходов для локализированных состояний больше подходят квантово-механические (по существу химические) методы. Наконец, электронные переходы для поверхностных состояний, когда элект-роны могут свободно перемещаться вдоль поверхности, либо переходы в газовой фазе целесообразно рассматри-вать только с позиций физической кинетики [44].","По существу, практически во всех теоретических работах последних десятилетий основное внимание уделялось выводу формулы (30) исходя из микрострук-туры жидкости. Идея теоретических построений до-вольно проста: необходимо учесть влияние раствори-теля (в электрохимических терминах сольватацию иона) и воздействие тепловых флуктуаций (по существу фононов) на электронные переходы. На этом пути были получены обобщающие результаты применительно к реакциям в полярных растворителях, с которыми можно ознакомиться в упрощенной форме в моногра-фии [491 и в более обстоятельном виде, на основе квантово-механических расчетов в обзорах [50, 51]. Однако, как и любой первый шаг, эти результаты являются ограниченными, так как не учитывают реаль-ную структуру поверхности электрода и химические свойства реагента. Несмотря на тот очевидный факт, что электронный переход происходит при непосредствен-ном контакте иона с поверхностью (поэтому ион И является хемосорбированным), тем не менее, суще-ствует такое крайнее суждение, вполне соответствующее модельным представлениям электрохимиков [45, с. 93]: ""Представление об ""электронных переходах"" при хемо-сорбции как о переходах с адсорбата на адсорбент должно быть изгнано из работ по хемосорбции и катализу подобно тому, как в свое время представление об электронных орбитах было изгнано из теории атома"". Подобная точка зрения обусловлена прежде всего иными подходами при исследовании поверхностных процессов и основана на представлениях зонной модели проводи-мости, в которой вводятся такие понятия, как поверх-ностный энергетический уровень (вместо иона) и задача об электронном переходе из электрода на ион (или наоборот) трактуется как переход из объемной зоны проводимости на поверхностное энергетическое состоя-ние [34, 44, 45]. На наш взгляд, физический подход является более целесообразным, поскольку позволяет полнее учесть особенности структуры поверхности и электронные свойства как электрода, так и реагента. Например, если переходы осуществляются из зоны проводимости, целесообразно использовать методы физической кинетики, вводя такие понятия, как длина свободного пробега, сечение захвата и т.д. С другой стороны, при анализе переходов для локализированных состояний больше подходят квантово-механические (по существу химические) методы. Наконец, электронные переходы для поверхностных состояний, когда элект-роны могут свободно перемещаться вдоль поверхности, либо переходы в газовой фазе целесообразно рассматри-вать только с позиций физической кинетики [44]."
mindee,D01,TXT_001,15,bbox_iou,2010,2027,96.77954922464662,1,"Измерение 
электрических 
сопротивлений 
представляет 
весьма 
развитую область измерительной техники как в отношении методов 
измерений, так и используемой аппаратуры. Измерение сопротивлений 
является обязательной процедурой при всех видах испытаний и 
исследований 
электротехнического 
и 
электронного 
оборудования. 
Широко используются разнообразные приемы измерения сопротивления в 
медицинских исследованиях, для клинических анализов,  в биологии, 
агротехнике и экологическом мониторинге, где чаще всего приходится 
измерять электропроводность растворов, почвы, крови, кожного покрова. 
К измерению сопротивления сводятся многие задачи измерения таких 
физических величин, как деформация,  ускорение, давление, сила, 
температура и многих других. 
Электрическое 
сопротивление 
представляет 
собой 
пассивную 
физическую величину, которая в отличие от тока или напряжения не 
является носителем энергии. Напротив, электрическое сопротивление, как 
свойство тел, веществ, растворов проявляет себя только при прохождении 
через него тока, и о значении этого сопротивления мы можем судить по 
напряжению, которое на нем падает. При выборе силы этого тока следует 
иметь в виду, что сопротивление нагревается, а значит в связи с этим его 
значение изменяется. Может даже оказаться, что при слишком большом 
токе измеряемое сопротивление может разрушиться. В тех случаях, когда 
измерению подлежит электропроводность биологических растворов и 
смесей, крови, лимфатической жидкости, проб жидких промышленных 
выбросов и других подобных веществ, проходящий через них ток 
вызывает электролиз, и состав исследуемых объектов меняется. Поэтому 
измерения сопротивления этих веществ выполняются на переменном токе. 
В результате взаимодействия между средством измерений и объектом 
измерений возникает погрешность, которая является методической. Для  
того, чтобы предохранить объект от разрушения и снизить методическую 
погрешность, необходимо ограничивать ток через объект до минимально 
возможного значения.","5. Теоретическая часть 5.1. Методы измерения сопротивлений Измерение электрических сопротивлений представляет весьма развитую область измерительной техники как в отношении методов измерений, так и используемой аппаратуры. Измерение сопротивлений является обязательной процедурой при всех видах испытаний и исследований электротехнического и электронного оборудования. Широко используются разнообразные приемы измерения сопротивления в медицинских исследованиях, для клинических анализов, в биологии, агротехнике и экологическом мониторинге, где чаще всего приходится измерять электропроводность растворов, почвы, крови, кожного покрова. К измерению сопротивления сводятся многие задачи измерения таких физических величин, как деформация, ускорение, давление, сила, температура и многих других. Электрическое сопротивление представляет собой пассивную физическую величину, которая в отличие от тока или напряжения не является носителем энергии. Напротив, электрическое сопротивление, как свойство тел, веществ, растворов проявляет себя только при прохождении через него тока, и о значении этого сопротивления мы можем судить по напряжению, которое на нем падает. При выборе силы этого тока следует иметь в виду, что сопротивление нагревается, а значит в связи с этим его значение изменяется. Может даже оказаться, что при слишком большом токе измеряемое сопротивление может разрушиться. В тех случаях, когда измерению подлежит электропроводность биологических растворов и смесей, крови, лимфатической жидкости, проб жидких промышленных выбросов и других подобных веществ, проходящий через них ток вызывает электролиз, и состав исследуемых объектов меняется. Поэтому измерения сопротивления этих веществ выполняются на переменном токе. В результате взаимодействия между средством измерений и объектом измерений возникает погрешность, которая является методической. Для того, чтобы предохранить объект от разрушения и снизить методическую погрешность, необходимо ограничивать ток через объект до минимально возможного значения. 15","5. Теоретическая часть 5.1. Методы измерения сопротивлений Измерение электрических сопротивлений представляет весьма развитую область измерительной техники как в отношении методов измерений, так и используемой аппаратуры. Измерение сопротивлений является обязательной процедурой при всех видах испытаний и исследований электротехнического и электронного оборудования. Широко используются разнообразные приемы измерения сопротивления в медицинских исследованиях, для клинических анализов, в биологии, агротехнике и экологическом мониторинге, где чаще всего приходится измерять электропроводность растворов, почвы, крови, кожного покрова. К измерению сопротивления сводятся многие задачи измерения таких физических величин, как деформация, ускорение, давление, сила, температура и многих других. Электрическое сопротивление представляет собой пассивную физическую величину, которая в отличие от тока или напряжения не является носителем энергии. Напротив, электрическое сопротивление, как свойство тел, веществ, растворов проявляет себя только при прохождении через него тока, и о значении этого сопротивления мы можем судить по напряжению, которое на нем падает. При выборе силы этого тока следует иметь в виду, что сопротивление нагревается, а значит в связи с этим его значение изменяется. Может даже оказаться, что при слишком большом токе измеряемое сопротивление может разрушиться. В тех случаях, когда измерению подлежит электропроводность биологических растворов и смесей, крови, лимфатической жидкости, проб жидких промышленных выбросов и других подобных веществ, проходящий через них ток вызывает электролиз, и состав исследуемых объектов меняется. Поэтому измерения сопротивления этих веществ выполняются на переменном токе. В результате взаимодействия между средством измерений и объектом измерений возникает погрешность, которая является методической. Для того, чтобы предохранить объект от разрушения и снизить методическую погрешность, необходимо ограничивать ток через объект до минимально возможного значения. 15"
mindee,D01,TXT_002,27,bbox_iou,755,1577,5.572289156626507,1,"Измеряемое  напряжение подают на  входные зажимы ""С"" – сигнал, 
высокопотенциальный зажим (красного цвета) и ""0"" - нуль, низкопотенци-
альный зажим (белого цвета). Зажим  защитного экрана ""Э""  используют 
при измерении малых токов и напряжений с  целью защиты от продольной 
помехи (помехи общего вида). Контакт К для присоединения к корпусу 
прибора находится на его задней панели, он обозначен символом  “⊥“. 
Если измеряемое напряжение передается по экранированной паре 
проводов и нигде низкопотенциальный провод не соединен с экраном, 
этот зажим “Э” соединяется с низкопотенциальным зажимом “0”. 
Основная 
относительная 
инструментальная 
погрешность 
прибора 
нормирована двучленной формулой: 
  
 
 
[
]
γ В
K
X
U
U
=
+
−
0 04
0 02
1
,
,
(
/
) %.","вольтметра определяет блок переключателей ""ЗАПУСК"". При отжатой клавише ""ВКЛ"" измерения происходят циклически с периодом, регулируемым ручкой ""ПЕРИОД"". При нажатой клавише ""ВКЛ"" измерения происходят при каждом нажатии клавиши ""РАЗОВЫЙ"". При нажатой клавише ""ДУ"" управление работой прибора осуществляется дистанционно от ЭВМ. Вольтметр универсальный цифровой В7-23 ЗАПУСК 0.1 1 10 100 1000 10000 ПЕРИОД.РАЗОВЫЙ к2 ВКЛ -Rx 1000V C 3 101 7 0.1 1 10 100 1000 АВТ. ДУ БЛОК СЕТЬ + - 3 3 Рис. 3.2. Лицевая панель цифрового интегрирующего вольтметра В7-23 Измеряемое напряжение подают на входные зажимы ""С"" - сигнал, высокопотенциальный зажим (красного цвета) и ""0"" - нуль, низкопотенци- альный зажим (белого цвета). Зажим защитного экрана ""Э"" используют при измерении малых токов и напряжений с целью защиты от продольной помехи (помехи общего вида). Контакт К для присоединения к корпусу прибора находится на его задней панели, он обозначен символом ""1"". Если измеряемое напряжение передается по экранированной паре проводов и нигде низкопотенциальный провод не соединен с экраном, этот зажим ""Э"" соединяется с низкопотенциальным зажимом """". Основная относительная инструментальная погрешность прибора нормирована двучленной формулой: YB = [0,04+0,02(UK/Ux-1)]%. где Uk - максимальные (конечные) значения измеряемых величин на установленных пределах измерения, Ux, R x - истинные значения соответ ствующих измеряемых величин (или результаты их измерения). Входное сопротивление вольтметра 1 ГОм на пределах измерения ""0,1"", ""1"" и ""10"" В и 10 МОм на пределах ""10"", ""100"", ""1000"" В. 27","вольтметра определяет блок переключателей ""ЗАПУСК"". При отжатой клавише ""ВКЛ"" измерения происходят циклически с периодом, регулируемым ручкой ""ПЕРИОД"". При нажатой клавише ""ВКЛ"" измерения происходят при каждом нажатии клавиши ""РАЗОВЫЙ"". При нажатой клавише ""ДУ"" управление работой прибора осуществляется дистанционно от ЭВМ. Вольтметр универсальный цифровой В7-23 ЗАПУСК 0.1 1 10 100 1000 10000 ПЕРИОД.РАЗОВЫЙ к2 ВКЛ -Rx 1000V C 3 101 7 0.1 1 10 100 1000 АВТ. ДУ БЛОК СЕТЬ + - 3 3 Рис. 3.2. Лицевая панель цифрового интегрирующего вольтметра В7-23 Измеряемое напряжение подают на входные зажимы ""С"" - сигнал, высокопотенциальный зажим (красного цвета) и ""0"" - нуль, низкопотенци- альный зажим (белого цвета). Зажим защитного экрана ""Э"" используют при измерении малых токов и напряжений с целью защиты от продольной помехи (помехи общего вида). Контакт К для присоединения к корпусу прибора находится на его задней панели, он обозначен символом ""1"". Если измеряемое напряжение передается по экранированной паре проводов и нигде низкопотенциальный провод не соединен с экраном, этот зажим ""Э"" соединяется с низкопотенциальным зажимом """". Основная относительная инструментальная погрешность прибора нормирована двучленной формулой: YB = [0,04+0,02(UK/Ux-1)]%. где Uk - максимальные (конечные) значения измеряемых величин на установленных пределах измерения, Ux, R x - истинные значения соответ ствующих измеряемых величин (или результаты их измерения). Входное сопротивление вольтметра 1 ГОм на пределах измерения ""0,1"", ""1"" и ""10"" В и 10 МОм на пределах ""10"", ""100"", ""1000"" В. 27"
mindee,D02,TXT_003,3,bbox_iou,2356,4299,12.803165059665144,1,"Методика получения магнитных наноча-
стиц Fe3O4. Наноразмерные частицы Fe3O4 по-
лучали путем химического осаждения по моди-
фицированной методике Массара [4]. К 40 мл 
0,5 М водного раствора аммиака постепенно до-
бавляли смесь растворов FeCl3·6H2O (1,0 мл 1 M 
раствора в 2 M HCl) и FeSO4·(NH4)2SO4·6H2O 
(1,0 мл 0,5 M раствора). После чего полученную 
суспензию перемешивали в течение 30 мин на 
электромеханическом шейкере при комнатной 
температуре. Концентрация Fe3O4 составила 
2,75 мг/мл, средний диаметр частиц 16 нм.
Определение железа в образцах магнитных 
сорбентов. Магнитный сорбент (0,07 г) обра-
батывали 5,0 мл 0,5 М раствора HCl в течение 
24 ч. Далее проводили спектрофотометрическое 
определение содержания общего железа по ме-
тодике [5]. Для этого 4 мл полученного раствора 
помещали в мерную колбу объемом 25 мл и раз-
бавляли до метки дистиллированной водой, алик-
вотную часть полученного раствора (5–10 мл) 
вносили в мерную колбу емкостью 25 мл и далее 
проводили определение общего содержания же-
леза по методике построения градуировочного 
графика.
Методика построения градуировочного гра-
фика. В мерные колбы емкостью 25 мл вноси-
ли стандартный раствор Fe(III), 2,5 мл 10%-го 
раствора сульфосалициловой кислоты, 2,5 мл 
10%-го раствора аммиака и доводили до метки 
дистиллированной водой. Тщательно перемеши-
вали и оставляли на 5 мин для развития окраски. 
Оптическую плотность полученного раствора 
измеряли при длине волны λ = 416 нм (l = 1 см). 
Диапазон линейности градуировочного графика 
составлял 1–10 мкг/мл.
Методика проведения сорбции азокрасите-
лей ЖСЗ, ТАРТ, П-4R. В 10,0 мл водного рас-
твора, полученного смешением 1,0 мл раствора 
красителя (0,1 г/мл), 0,5 мл 9,2·10–3 М раствора 
ЦТАБ, помещали 0,07 г сорбента, предваритель-
но обработанного этанолом (3×50 мкл). Сорбент 
перемешивали на шейкере до установления 
сорбционного равновесия, после чего отделяли от 
раствора фильтрованием или магнитной сепараци-
ей (в случае магнитных сорбентов), высушивали 
на воздухе и регистрировали спектры диффузного 
отражения. Содержание красителя в водной фазе 
определяли по градуировочным зависимостям при 
максимальной длине волны поглощения (λТАР = 
426 нм, λЖСЗ = 480 нм, λП-4R = 506 нм). Содержание 
красителя на сорбенте рассчитывали по разности 
значений исходной и равновесной концентрации 
в водной фазе.","371 ВЕСТИ. МОСК. УН-ТА. СЕР. 2. ХИМИЯ. 2020. Т. 61. № 5 Методика получения магнитных наноча- стиц Fe304• Наноразмерные частицы Fe2 O4 по- лучали путем химического осаждения по моди- фицированной методике Массара [4]. К 40 мл 0,5 М водного раствора аммиака постепенно до- бавляли смесь растворов FeCl3 6H2O (1,0 мл 1 М раствора в 2 M HCI) и FeSO4 (NH4)2SO4-6H2O (1,0 мл 0,5 М раствора). После чего полученную суспензию перемешивали в течение 30 мин на электромеханическом шейкере при комнатной температуре. Концентрация Fe3O4 составила 2,75 мг/мл, средний диаметр частиц 16 нм. Определение железа в образцах магнитных сорбентов. Магнитный сорбент (0,07 г) обра- батывали 5,0 мл 0,5 М раствора HCl в течение 24 ч. Далее проводили спектрофотометрическое определение содержания общего железа по ме- тодике [5]. Для этого 4 мл полученного раствора помещали в мерную колбу объемом 25 мл и раз- бавляли до метки дистиллированной водой, алик- вотную часть полученного раствора (5-10 мл) вносили в мерную колбу емкостью 25 мл и далее проводили определение общего содержания же- леза по методике построения градуировочного графика. Методика построения градуировочного гра- фика. В мерные колбы емкостью 25 мл вноси- ли стандартный раствор Fe(III), 2,5 мл 10%-го раствора сульфосалициловой кислоты, 2,5 мл 10%-го раствора аммиака и доводили до метки дистиллированной водой. Тщательно перемеши- вали и оставляли на 5 мин для развития окраски. Оптическую плотность полученного раствора измеряли при длине волны 2 = 416 нм (I = 1 см). Диапазон линейности градуировочного графика составлял 1-10 мкг/мл. Методика проведения сорбции азокрасите- лей ЖСЗ, ТАРТ, П-4R. В 10,0 мл водного рас- твора, полученного смешением 1,0 мл раствора красителя (0,1 г/мл), 0,5 мл 9,2-10- М раствора ЦТАБ, помещали 0,07 г сорбента, предваритель- но обработанного этанолом (3х50 мкл). Сорбент перемешивали на шейкере до установления сорбционного равновесия, после чего отделяли от раствора фильтрованием или магнитной сепараци- ей (в случае магнитных сорбентов), высушивали на воздухе и регистрировали спектры диффузного отражения. Содержание красителя в водной фазе определяли по градуировочным зависимостям при максимальной длине волны поглощения (NTAP = 426 нм, Ажсз = 480 нм, 2п-4R = 506 нм). Содержание красителя на сорбенте рассчитывали по разности значений исходной и равновесной концентрации в водной фазе. Методика проведения десорбции азокраси- телей. К 0,07 г сорбента, содержащего краситель, вносили 5,0 мл этанола и перемешивали на шей- кере в течение 15 мин. После отделения сорбен- та измеряли оптическую плотность элюата при максимальной длине волны поглощения каждого красителя. Содержание красителей рассчитывали по градуировочным графикам (для каждого кра- сителя был построен график в соответствующем растворителе). Методика проведения сорбции 2,4-динитро- фенола (ДНФ). В 10,0 мл раствора 2,4-динитрофе- нола (Сдно = 0,5 мг/мл), рН 3 помещали 0,07 г сор- бента, предварительно обработанного этанолом (3х50 мкл), и перемешивали на шейкере до уста- новления сорбционного равновесия. Содержание ДНФ в водной фазе рассчитывали по градуиро- вочному графику при 262 нм. Содержание ДНФ на сорбенте рассчитывали по разности между исход- ной и равновесной концентрациями в водной фазе. Результаты и их обсуждение Получение и исследование свойств магнит- ных сорбентов на основе гидрофобизированных кремнеземов. Ранее нами был разработан способ модифицирования сорбентов на основе кремнезе- ма путем сорбции МНЧ из метанола. Исследована сорбция МНЧ из воды, ацетонитрила, этанола и метанола; показано, что они наиболее эффектив- но извлекаются из метанола [6]. Влияние раство- рителя на сорбцию связано, вероятно, с тем, что в разных растворителях заряды на поверхности МНЧ различаются (табл. 3). В разработанных ус- ловиях получены магнитные сорбенты на основе ХМК-С16 с разными структурными параметрами. Синтезированные сорбенты суперпарамаг- нитны. Намагниченность насыщения сорбен- тов, полученных в одинаковых условиях, соста- вила 0,8 и 1,1 э.м.е./г соответственно (рисунок). Магнитные свойства сорбентов зависят от содержания магнетита в фазе сорбента. Определено содержание железа в полученных Таблица 3 5-Потенциал (мВ) поверхности МНЧ в разных растворителях Растворитель 0,55 мг/мл Вода -10,2 C2H,ОН 0,3 CHỊOH 20,8","371 ВЕСТИ. МОСК. УН-ТА. СЕР. 2. ХИМИЯ. 2020. Т. 61. № 5 Методика получения магнитных наноча- стиц Fe304• Наноразмерные частицы Fe2 O4 по- лучали путем химического осаждения по моди- фицированной методике Массара [4]. К 40 мл 0,5 М водного раствора аммиака постепенно до- бавляли смесь растворов FeCl3 6H2O (1,0 мл 1 М раствора в 2 M HCI) и FeSO4 (NH4)2SO4-6H2O (1,0 мл 0,5 М раствора). После чего полученную суспензию перемешивали в течение 30 мин на электромеханическом шейкере при комнатной температуре. Концентрация Fe3O4 составила 2,75 мг/мл, средний диаметр частиц 16 нм. Определение железа в образцах магнитных сорбентов. Магнитный сорбент (0,07 г) обра- батывали 5,0 мл 0,5 М раствора HCl в течение 24 ч. Далее проводили спектрофотометрическое определение содержания общего железа по ме- тодике [5]. Для этого 4 мл полученного раствора помещали в мерную колбу объемом 25 мл и раз- бавляли до метки дистиллированной водой, алик- вотную часть полученного раствора (5-10 мл) вносили в мерную колбу емкостью 25 мл и далее проводили определение общего содержания же- леза по методике построения градуировочного графика. Методика построения градуировочного гра- фика. В мерные колбы емкостью 25 мл вноси- ли стандартный раствор Fe(III), 2,5 мл 10%-го раствора сульфосалициловой кислоты, 2,5 мл 10%-го раствора аммиака и доводили до метки дистиллированной водой. Тщательно перемеши- вали и оставляли на 5 мин для развития окраски. Оптическую плотность полученного раствора измеряли при длине волны 2 = 416 нм (I = 1 см). Диапазон линейности градуировочного графика составлял 1-10 мкг/мл. Методика проведения сорбции азокрасите- лей ЖСЗ, ТАРТ, П-4R. В 10,0 мл водного рас- твора, полученного смешением 1,0 мл раствора красителя (0,1 г/мл), 0,5 мл 9,2-10- М раствора ЦТАБ, помещали 0,07 г сорбента, предваритель- но обработанного этанолом (3х50 мкл). Сорбент перемешивали на шейкере до установления сорбционного равновесия, после чего отделяли от раствора фильтрованием или магнитной сепараци- ей (в случае магнитных сорбентов), высушивали на воздухе и регистрировали спектры диффузного отражения. Содержание красителя в водной фазе определяли по градуировочным зависимостям при максимальной длине волны поглощения (NTAP = 426 нм, Ажсз = 480 нм, 2п-4R = 506 нм). Содержание красителя на сорбенте рассчитывали по разности значений исходной и равновесной концентрации в водной фазе. Методика проведения десорбции азокраси- телей. К 0,07 г сорбента, содержащего краситель, вносили 5,0 мл этанола и перемешивали на шей- кере в течение 15 мин. После отделения сорбен- та измеряли оптическую плотность элюата при максимальной длине волны поглощения каждого красителя. Содержание красителей рассчитывали по градуировочным графикам (для каждого кра- сителя был построен график в соответствующем растворителе). Методика проведения сорбции 2,4-динитро- фенола (ДНФ). В 10,0 мл раствора 2,4-динитрофе- нола (Сдно = 0,5 мг/мл), рН 3 помещали 0,07 г сор- бента, предварительно обработанного этанолом (3х50 мкл), и перемешивали на шейкере до уста- новления сорбционного равновесия. Содержание ДНФ в водной фазе рассчитывали по градуиро- вочному графику при 262 нм. Содержание ДНФ на сорбенте рассчитывали по разности между исход- ной и равновесной концентрациями в водной фазе. Результаты и их обсуждение Получение и исследование свойств магнит- ных сорбентов на основе гидрофобизированных кремнеземов. Ранее нами был разработан способ модифицирования сорбентов на основе кремнезе- ма путем сорбции МНЧ из метанола. Исследована сорбция МНЧ из воды, ацетонитрила, этанола и метанола; показано, что они наиболее эффектив- но извлекаются из метанола [6]. Влияние раство- рителя на сорбцию связано, вероятно, с тем, что в разных растворителях заряды на поверхности МНЧ различаются (табл. 3). В разработанных ус- ловиях получены магнитные сорбенты на основе ХМК-С16 с разными структурными параметрами. Синтезированные сорбенты суперпарамаг- нитны. Намагниченность насыщения сорбен- тов, полученных в одинаковых условиях, соста- вила 0,8 и 1,1 э.м.е./г соответственно (рисунок). Магнитные свойства сорбентов зависят от содержания магнетита в фазе сорбента. Определено содержание железа в полученных Таблица 3 5-Потенциал (мВ) поверхности МНЧ в разных растворителях Растворитель 0,55 мг/мл Вода -10,2 C2H,ОН 0,3 CHỊOH 20,8"
mindee,D02,TXT_004,5,bbox_iou,727,3098,2.8728211749515817,1,"Десорбция пищевых анионных красителей. 
Установлено, что десорбция красителя ЖСЗ (аце-
тонитрил, изопропропанол, метанол и этанол) 
наиболее эффективна при использовании метано-
ла и этанола. В качестве десорбирующего агента 
выбран этанол ввиду его большей безопасности 
использования (табл. 6). В отличие от сорбции, 
десорбция в случае магнитных сорбентов прохо-
дит более эффективно по сравнению с исходными 
(табл. 7).
Сорбция 2,4-динитрофенола. Модифицирова-
ние магнетитом приводит к уменьшению эффек-
тивности сорбции больших по размеру молекул 
ионных ассоциатов красителей. Для молекул не-
большого размера влияние модифицирования 
на сорбционные свойства может быть незначи-
тельным. Для проверки этого предположения","ВЕСТИ. МОСК. УН-ТА, СЕР. 2. ХИМИЯ. 2020. Т. 61. № 5 373 Таблица 5 Степень извлечения (R, %) азокрасителей на немагнитных (А) и магнитных (Б) сорбентах (т = 0,07 г, скр. = 0,01 г/л, СцТАБ = 4,6·10* M, V = 10,0 мл, t = 60 мин) XMK-C16-100 ХМК-С16-250 ХМК-С16-500 Краситель А Б А Б А Б ЖСЗ 96 65 95 55 93 40 ТАРТ 98 80 97 75 92 30 П-4R 75 50 45 40 40 20 Таблица 6 Зависимость степени десорбции ЖСЗ от природы растворителя на ХМК-С16-250/Fe304 (т. = 0,07 г, скр. = 0,01 г/л, t = 15 мин) Растворитель Метанол Этанол Ацетонитрил Изопропанол Десорбция, % 87 86 71 39 мер молекул самих красителей, поэтому при сорб- ции красителя ЗП, в отличие от сорбции ионных ассоциатов, практически нет различия в эффектив- ности извлечения на исходных и магнитных сор- бентах. Модифицирование сорбентов магнетитом способно уменьшать диаметр пор сорбента, что может вызвать стерические затруднения при сорб- ции частиц большого размера. По эффективности сорбционного извлечения красителей магнитные сорбенты можно располо- жить следующим образом: ХМК-С16-100/Fe304> ХМК-С16-250/Fe304> > ХМК-С16-500/Fe304-Десорбция пищевых анионных красителей. Установлено, что десорбция красителя ЖСЗ (аце- тонитрил, изопропропанол, метанол и этанол) наиболее эффективна при использовании метано- ла и этанола. В качестве десорбирующего агента выбран этанол ввиду его большей безопасности использования (табл. 6). В отличие от сорбции, десорбция в случае магнитных сорбентов прохо- дит более эффективно по сравнению с исходными (табл. 7). Сорбция 2,4-динитрофенола. Модифицирова- ние магнетитом приводит к уменьшению эффек- тивности сорбции больших по размеру молекул ионных ассоциатов красителей. Для молекул не- большого размера влияние модифицирования на сорбционные свойства может быть незначи- тельным. Для проверки этого предположения проведено изучение сорбции 2,4-динитрофено- ла на исходных и модифицированных магнети- том кремнеземах. Из полученных результатов видно, что эффективность сорбции ДНФ на исходных сорбентах практически одинакова для всех ХМК, за исключением ХМК-С16-60, на котором коэффициент распределения в два раза выше. Это может быть связано с боль- шим содержанием алкильных групп, т.е. боль- шей гидрофобностью этого сорбента (табл. 8). Модифицирование сорбентов ХМК-С16-100 и ХМК-С16-60 магнетитом даже улучшает их сорбционные свойства по отношению к ДНФ. Магнитные сорбенты ХМК-С16-500/Fe304 и ХМК-С16-250/Fe304 извлекают ДНФ менее эф- фективно по сравнению с исходными. Практическое применение. Метод магнитной твердофазной экстракции целесообразно исполь- зовать в тех случаях, когда разделение фаз други- ми способами, такими как фильтрование или цен- трифугирование, затруднительно. Например, при анализе молока или напитков, содержащих взве- шенные частицы. На примере ЖСЗ показана возможность определения красителя в растворе с использо- ванием для извлечения магнитных сорбентов и дальнейшего его определения на поверхности сорбента методом спектроскопии диффузно- го отражения. Установлено, что с ростом кон- центрации красителей в растворе наблюдается увеличение интенсивности полосы поглощения","ВЕСТИ. МОСК. УН-ТА, СЕР. 2. ХИМИЯ. 2020. Т. 61. № 5 373 Таблица 5 Степень извлечения (R, %) азокрасителей на немагнитных (А) и магнитных (Б) сорбентах (т = 0,07 г, скр. = 0,01 г/л, СцТАБ = 4,6·10* M, V = 10,0 мл, t = 60 мин) XMK-C16-100 ХМК-С16-250 ХМК-С16-500 Краситель А Б А Б А Б ЖСЗ 96 65 95 55 93 40 ТАРТ 98 80 97 75 92 30 П-4R 75 50 45 40 40 20 Таблица 6 Зависимость степени десорбции ЖСЗ от природы растворителя на ХМК-С16-250/Fe304 (т. = 0,07 г, скр. = 0,01 г/л, t = 15 мин) Растворитель Метанол Этанол Ацетонитрил Изопропанол Десорбция, % 87 86 71 39 мер молекул самих красителей, поэтому при сорб- ции красителя ЗП, в отличие от сорбции ионных ассоциатов, практически нет различия в эффектив- ности извлечения на исходных и магнитных сор- бентах. Модифицирование сорбентов магнетитом способно уменьшать диаметр пор сорбента, что может вызвать стерические затруднения при сорб- ции частиц большого размера. По эффективности сорбционного извлечения красителей магнитные сорбенты можно располо- жить следующим образом: ХМК-С16-100/Fe304> ХМК-С16-250/Fe304> > ХМК-С16-500/Fe304-Десорбция пищевых анионных красителей. Установлено, что десорбция красителя ЖСЗ (аце- тонитрил, изопропропанол, метанол и этанол) наиболее эффективна при использовании метано- ла и этанола. В качестве десорбирующего агента выбран этанол ввиду его большей безопасности использования (табл. 6). В отличие от сорбции, десорбция в случае магнитных сорбентов прохо- дит более эффективно по сравнению с исходными (табл. 7). Сорбция 2,4-динитрофенола. Модифицирова- ние магнетитом приводит к уменьшению эффек- тивности сорбции больших по размеру молекул ионных ассоциатов красителей. Для молекул не- большого размера влияние модифицирования на сорбционные свойства может быть незначи- тельным. Для проверки этого предположения проведено изучение сорбции 2,4-динитрофено- ла на исходных и модифицированных магнети- том кремнеземах. Из полученных результатов видно, что эффективность сорбции ДНФ на исходных сорбентах практически одинакова для всех ХМК, за исключением ХМК-С16-60, на котором коэффициент распределения в два раза выше. Это может быть связано с боль- шим содержанием алкильных групп, т.е. боль- шей гидрофобностью этого сорбента (табл. 8). Модифицирование сорбентов ХМК-С16-100 и ХМК-С16-60 магнетитом даже улучшает их сорбционные свойства по отношению к ДНФ. Магнитные сорбенты ХМК-С16-500/Fe304 и ХМК-С16-250/Fe304 извлекают ДНФ менее эф- фективно по сравнению с исходными. Практическое применение. Метод магнитной твердофазной экстракции целесообразно исполь- зовать в тех случаях, когда разделение фаз други- ми способами, такими как фильтрование или цен- трифугирование, затруднительно. Например, при анализе молока или напитков, содержащих взве- шенные частицы. На примере ЖСЗ показана возможность определения красителя в растворе с использо- ванием для извлечения магнитных сорбентов и дальнейшего его определения на поверхности сорбента методом спектроскопии диффузно- го отражения. Установлено, что с ростом кон- центрации красителей в растворе наблюдается увеличение интенсивности полосы поглощения"
mindee,D03,TXT_005,2,bbox_iou,1569,2829,21.8748067424456,1,"Рост популярности онлайн-платформ, позволяющих пользователям общаться друг с другом, делиться мнениями
о различных событиях, оставлять комментарии, подтолкнул к развитию алгоритмов обработки естественного
языка. Десятки миллионов сообщений в день, которые публикуют пользователи отдельно взятой социальной
сети, необходимо анализировать в режиме реального времени или близко к тому с целью модерации, чтобы
не допустить распространение различной противозаконной или оскорбительной информации, угроз и других
видов токсичных комментариев. Разумеется такой большой объем информации может быть обработан достаточно
быстро только автоматически. Возникает необходимость научить компьютер «понимать» текст, написанный
человеком, что является нетривиальной задачей, пусть даже под «пониманием» текста подразумевается лишь его
классификация. Бурное развитие технологий машинного обучения обусловило повсеместное внедрение новых
алгоритмов. Многие задачи, в том числе и задачи обработки естественного языка, которые долгие годы считалось
практически невозможно решить, сейчас вполне успешно решаются с использованием технологий глубокого
обучения. В данной статье будут рассмотрены алгоритмы, построенные с использованием технологий глубокого
обучения и нейронных сетей, позволяющие успешно решать задачу распознавания и классификации токсичных
комментариев. Помимо этого, в статье будут приведены результаты тестирования как разработанных алгоритмов,
так и ансамбля данных алгоритмов на большой обучающей выборке, собранной и размеченной специалистами
компаний Google и Jigsaw.","Modeling and Analysis of Information Systems МОДЕЛИРОВАНИЕ И АНАЛИЗ ИНФОРМАЦИОННЫХ СИСТЕМ, ТОМ 27, № 1, 2020 сайт журнала: www.mais-journal.ru COMPUTING METHODOLOGIES AND APPLICATIONS Современные методы детектирования и классификации токсичных комментариев с использованием нейронных сетей С. В. Моржов1 DOI: 10.18255/1818-1015-2020-1-48-61 1 Ярославский государственный университет им. П. Г. Демидова, ул. Советская, 14, г. Ярославль, 150003 Россия. Получена 17 января 2020 г. УДК 004.8 Научная статья После доработки 25 февраля 2020 г. Полный текст на русском языке Принята к публикации 28 февраля 2020 г. Рост популярности онлайн-платформ, позволяющих пользователям общаться друг с другом, делиться мнениями о различных событиях, оставлять комментарии, подтолкнул к развитию алгоритмов обработки естественного языка. Десятки миллионов сообщений в день, которые публикуют пользователи отдельно взятой социальной сети, необходимо анализировать в режиме реального времени или близко к тому с целью модерации, чтобы не допустить распространение различной противозаконной или оскорбительной информации, угроз и других видов токсичных комментариев. Разумеется такой большой объем информации может быть обработан достаточно быстро только автоматически. Возникает необходимость научить компьютер ""понимать"" текст, написанный человеком, что является нетривиальной задачей, пусть даже под ""пониманием"" текста подразумевается лишь его классификация. Бурное развитие технологий машинного обучения обусловило повсеместное внедрение новых алгоритмов. Многие задачи, в том числе и задачи обработки естественного языка, которые долгие годы считалось практически невозможно решить, сейчас вполне успешно решаются с использованием технологий глубокого обучения. В данной статье будут рассмотрены алгоритмы, построенные с использованием технологий глубокого обучения и нейронных сетей, позволяющие успешно решать задачу распознавания и классификации токсичных комментариев. Помимо этого, в статье будут приведены результаты тестирования как разработанных алгоритмов, так и ансамбля данных алгоритмов на большой обучающей выборке, собранной и размеченной специалистами компаний Google и Jigsaw. Ключевые слова: токчисность; обработка естественного языка; NLP; глубокое обучение; векторное представление слов; GloVe; FastText; реккурентные нейронные сети; сверточные нейронные сети; CNN; LSTM; GRU ИНФОРМАЦИЯ ОБ АВТОРАХ Сергей Владимирович Моржов orcid.org/0000-0001-6652-3574. E-mail: smorzhov@gmail.com аспирант. Для цитирования: S. V. Morzhov, ""Modern Approaches to Detect and Classify Comment Toxicity Using Neural Networks"", Modeling and analysis of information systems, vol. 27, no. 1, pp. 48-61, 2020. © Моржов С. В., 2020 Эта статья открытого доступа под лицензией CC BY-NC-ND license (http://creativecommons.org/licenses/by-nc-nd/4.0). 49","Modeling and Analysis of Information Systems МОДЕЛИРОВАНИЕ И АНАЛИЗ ИНФОРМАЦИОННЫХ СИСТЕМ, ТОМ 27, № 1, 2020 сайт журнала: www.mais-journal.ru COMPUTING METHODOLOGIES AND APPLICATIONS Современные методы детектирования и классификации токсичных комментариев с использованием нейронных сетей С. В. Моржов1 DOI: 10.18255/1818-1015-2020-1-48-61 1 Ярославский государственный университет им. П. Г. Демидова, ул. Советская, 14, г. Ярославль, 150003 Россия. Получена 17 января 2020 г. УДК 004.8 Научная статья После доработки 25 февраля 2020 г. Полный текст на русском языке Принята к публикации 28 февраля 2020 г. Рост популярности онлайн-платформ, позволяющих пользователям общаться друг с другом, делиться мнениями о различных событиях, оставлять комментарии, подтолкнул к развитию алгоритмов обработки естественного языка. Десятки миллионов сообщений в день, которые публикуют пользователи отдельно взятой социальной сети, необходимо анализировать в режиме реального времени или близко к тому с целью модерации, чтобы не допустить распространение различной противозаконной или оскорбительной информации, угроз и других видов токсичных комментариев. Разумеется такой большой объем информации может быть обработан достаточно быстро только автоматически. Возникает необходимость научить компьютер ""понимать"" текст, написанный человеком, что является нетривиальной задачей, пусть даже под ""пониманием"" текста подразумевается лишь его классификация. Бурное развитие технологий машинного обучения обусловило повсеместное внедрение новых алгоритмов. Многие задачи, в том числе и задачи обработки естественного языка, которые долгие годы считалось практически невозможно решить, сейчас вполне успешно решаются с использованием технологий глубокого обучения. В данной статье будут рассмотрены алгоритмы, построенные с использованием технологий глубокого обучения и нейронных сетей, позволяющие успешно решать задачу распознавания и классификации токсичных комментариев. Помимо этого, в статье будут приведены результаты тестирования как разработанных алгоритмов, так и ансамбля данных алгоритмов на большой обучающей выборке, собранной и размеченной специалистами компаний Google и Jigsaw. Ключевые слова: токчисность; обработка естественного языка; NLP; глубокое обучение; векторное представление слов; GloVe; FastText; реккурентные нейронные сети; сверточные нейронные сети; CNN; LSTM; GRU ИНФОРМАЦИЯ ОБ АВТОРАХ Сергей Владимирович Моржов orcid.org/0000-0001-6652-3574. E-mail: smorzhov@gmail.com аспирант. Для цитирования: S. V. Morzhov, ""Modern Approaches to Detect and Classify Comment Toxicity Using Neural Networks"", Modeling and analysis of information systems, vol. 27, no. 1, pp. 48-61, 2020. © Моржов С. В., 2020 Эта статья открытого доступа под лицензией CC BY-NC-ND license (http://creativecommons.org/licenses/by-nc-nd/4.0). 49"
mindee,D03,TXT_006,7,bbox_iou,748,1952,4.617059426229509,1,"1. Приведение текста к нижнему регистру.
2. Удаление кусков html-кода, которые присутствуют в некоторых комментариях.
3. Преобразование подстроки вида «w h a t a n i c e d a y» к «what a nice day». Данный вид
искажения текста часто используется для маскировки нецензурных слов.
4. Удаление ссылок, ip-адресов.
5. Удаление чисел и цифр.
6. Удаление всей пунктуации, кроме «’», «.», «!», «?». При этом также удалялись дублирующиеся
знаки, то есть подстрока вида «!!!!!» приводилась к «!».
7. Замена знаков окончания предложения на специальные токены. «!» заменялся на « exclmrk
», «?» — на « qstmrk », «.» — на « eosmkr ». Это было сделано для того, чтобы не потерять
информацию об этих знаках на этапе трансформации текста в векторное представление.","Morzhov S. V. Bad Clean 0.06 Number of occurances 0.05 0.04 0.03 0.02 0.01 0.00 0 20 40 60 80 100 Percent unique words Fig. 6. Percentage of unique words in the total number of words in a comment Рис. 6. Процент уникальных слов от общего количества слов в комментарии Помимо статистических особенностей обучающей выборки необходимо также рассмотреть осо- бенности текстовых данных. Комментарии преимущественно написаны на английском языке (в выборке присутствуют комментарии на других языках, но их количество составляет менее 0.1% от общего числа). Многие комментарии содержат эмодзи, избыточное количество пунктуационных знаков, веб-ссылки, числа, особые начертания слов, грамматические ошибки. Некоторые граммати- ческие ошибки были допущены авторами специально, чтобы ""замаскировать"" оскорбительные или нецензурные высказывания. Все это излишне расширяет размер словаря, что в свою очередь услож- няет анализ комментариев, поэтому подготовка данных из обучающей и тренировочной выборки является важным этапом при решении поставленной задачи. 2. Подготовка данных Для решения задачи использовалась двухэтапная подготовка данных. На первом этапе осу- ществлялись базовые, наиболее простые манипуляции с ними: 1. Приведение текста к нижнему регистру. 2. Удаление кусков html-кода, которые присутствуют в некоторых комментариях. 3. Преобразование подстроки вида ""whataniceday"" к ""what a nice day"". Данный вид искажения текста часто используется для маскировки нецензурных слов. 4. Удаление ссылок, ір-адресов. 5. Удаление чисел и цифр. 6. Удаление всей пунктуации, кроме ""'"", ""."", ""!"", ""?"". При этом также удалялись дублирующиеся знаки, то есть подстрока вида "" !!!! "" приводилась к ""!"". 7. Замена знаков окончания предложения на специальные токены. ""!"" заменялся на "" exclmrk "", ""?"" - на "" qstmrk "", ""."" - на "" eosmkr "". Это было сделано для того, чтобы не потерять информацию об этих знаках на этапе трансформации текста в векторное представление. 54","Morzhov S. V. Bad Clean 0.06 Number of occurances 0.05 0.04 0.03 0.02 0.01 0.00 0 20 40 60 80 100 Percent unique words Fig. 6. Percentage of unique words in the total number of words in a comment Рис. 6. Процент уникальных слов от общего количества слов в комментарии Помимо статистических особенностей обучающей выборки необходимо также рассмотреть осо- бенности текстовых данных. Комментарии преимущественно написаны на английском языке (в выборке присутствуют комментарии на других языках, но их количество составляет менее 0.1% от общего числа). Многие комментарии содержат эмодзи, избыточное количество пунктуационных знаков, веб-ссылки, числа, особые начертания слов, грамматические ошибки. Некоторые граммати- ческие ошибки были допущены авторами специально, чтобы ""замаскировать"" оскорбительные или нецензурные высказывания. Все это излишне расширяет размер словаря, что в свою очередь услож- няет анализ комментариев, поэтому подготовка данных из обучающей и тренировочной выборки является важным этапом при решении поставленной задачи. 2. Подготовка данных Для решения задачи использовалась двухэтапная подготовка данных. На первом этапе осу- ществлялись базовые, наиболее простые манипуляции с ними: 1. Приведение текста к нижнему регистру. 2. Удаление кусков html-кода, которые присутствуют в некоторых комментариях. 3. Преобразование подстроки вида ""whataniceday"" к ""what a nice day"". Данный вид искажения текста часто используется для маскировки нецензурных слов. 4. Удаление ссылок, ір-адресов. 5. Удаление чисел и цифр. 6. Удаление всей пунктуации, кроме ""'"", ""."", ""!"", ""?"". При этом также удалялись дублирующиеся знаки, то есть подстрока вида "" !!!! "" приводилась к ""!"". 7. Замена знаков окончания предложения на специальные токены. ""!"" заменялся на "" exclmrk "", ""?"" - на "" qstmrk "", ""."" - на "" eosmkr "". Это было сделано для того, чтобы не потерять информацию об этих знаках на этапе трансформации текста в векторное представление. 54"
mindee,D04,TXT_007,7,bbox_iou,2215,3379,40.00825693420816,1,"В качестве множества для обучения нейронной сети на основе точных ре-
шений было сформировано 1000 примеров (данное множество будем именовать
обучающим). Для тестирования было сформировано отдельное множество из
500 примеров, не имеющее пересечений с обучающим (далее тестовым). Для ис-
следования влияния шума на результат прогноза в указанные множества искус-
ственно был привнесен шум в размере не более 5 % (далее обучающее+5 % шум,
тестовое + 5 % шум). Для нейронных сетей, соответствующих N = 40, обучаю-
щее множество состояло из 3000 примеров, тестовое — из 1000.
Поясним подробнее, как формировались примеры для обучения и тестиро-
вания. Для построения точных решений прямой задачи (5) воспользуемся фор-
мулой (6). Эти точные решения, соответствующие заданным значениям α и λ,
будут использоваться при обучении.
Алгоритм построения примеров для обучения нейронной сети (для задан-
ного значения N) состоит из следующих шагов.
Шаг 1. Выберем случайным образом с равномерным распределением в ин-
тервале (0, 1) параметры α и λ.
Шаг 2.
Аналогичным образом выберем некоторое количество коэффи-
циентов Cn из интервала (−10, 10) (значения нижнего индекса n не обязательно
выбирать последовательными).
Шаг 3. Подставив выбранные значения в (6), получим функцию u(x, t),
состоящую из конечного числа слагаемых и удовлетворяющую системе (5).
Шаг 4. Для получения входных данных для обратной задачи достаточно
выбрать координату точки измерения x0 ∈(0, 1) и вычислить значения ui =
u(x0, ti) = u(x0, i/N).
Выполнив последовательно шаги 1–4, получим пример для обучения или
тестирования нейронной сети, основанный на точном решении дифференциаль-
ной задачи.
Для формирования зашумленных данных ˜ui во входные данные для нейрон-
ной сети на шаге 4 вносился аддитивный шум: к точному решению ui добавля-
лась некоторая случайная ошибка ξi (˜ui = ui + ξi), равномерно распределенная
на симметричном относительно нуля интервале [−Emaxui, Emaxui].
Значение
определяет максимальный уровень вносимой ошибки. Эти данные необходи-
мы для понимания того, насколько нейронная сеть восприимчива к шуму во
входных данных. Физически он соответствует ошибке измерения функции кон-
центрации вещества в заданной точке наблюдения.","9 Нейросетевой подход к решению обратных задач В качестве множества для обучения нейронной сети на основе точных ре- шений было сформировано 1000 примеров (данное множество будем именовать обучающим). Для тестирования было сформировано отдельное множество из 500 примеров, не имеющее пересечений с обучающим (далее тестовым). Для ис- следования влияния шума на результат прогноза в указанные множества искус- ственно был привнесен шум в размере не более 5 % (далее обучающее +5 % шум, тестовое + 5 % шум). Для нейронных сетей, соответствующих N = 40, обучаю- щее множество состояло из 3000 примеров, тестовое - из 1000. Поясним подробнее, как формировались примеры для обучения и тестиро- вания. Для построения точных решений прямой задачи (5) воспользуемся фор- мулой (6). Эти точные решения, соответствующие заданным значениям а и 1, будут использоваться при обучении. Алгоритм построения примеров для обучения нейронной сети (для задан- ного значения N) состоит из следующих шагов. Шаг 1. Выберем случайным образом с равномерным распределением в ин- тервале (0, 1) параметры а и 1. Шаг 2. Аналогичным образом выберем некоторое количество коэффи- циентов Сп из интервала (-10, 10) (значения нижнего индекса п не обязательно выбирать последовательными). Шаг 3. Подставив выбранные значения в (6), получим функцию и(x, t), состоящую из конечного числа слагаемых и удовлетворяющую системе (5). Шаг 4. Для получения входных данных для обратной задачи достаточно выбрать координату точки измерения хо E (0,1) и вычислить значения ці = u(xo, ti) = u(xo, i/N). Выполнив последовательно шаги 1-4, получим пример для обучения или тестирования нейронной сети, основанный на точном решении дифференциаль- ной задачи. Для формирования зашумленных данных й; во входные данные для нейрон- ной сети на шаге 4 вносился аддитивный шум: к точному решению и; добавля- лась некоторая случайная ошибка {i (ui = ui + {i), равномерно распределенная на симметричном относительно нуля интервале [-Emax Ui, Emax Ui]. Значение определяет максимальный уровень вносимой ошибки. Эти данные необходи- мы для понимания того, насколько нейронная сеть восприимчива к шуму во входных данных. Физически он соответствует ошибке измерения функции кон- центрации вещества в заданной точке наблюдения. 7. Результат обучения нейронных сетей. Результат обучения ней- ронных сетей вида 1-6 (для N = 20) представлен в табл. 5, 6 и на рис. 3. Табл. 5, 6 содержат данные о доле правильно восстановленных значений па- раметров а и 1 (считаем, что параметр был восстановлен нейронной сетью правильно, если ошибка восстановления составила не более 0,1), о средней Е и максимальной Emax ошибках восстановления параметров, а также о диспе- рсии D ошибки для обучающего или тестового множества из К элементов: E=CEn, D == (Ei - E) . Нас интересует абсолютное значение ошибки, поэтому здесь и далее будем считать что ошибка принимает неотрицательное значение. Средняя ошибка восстановления параметра а попадает в интервал [0, 05; 0, 08]. Это означает, что выбранный нами тип нейронных сетей достаточ- но хорошо позволяет восстановить параметр а задачи (5). В то же самое время средняя ошибка восстановления параметра А достаточно высока (больше задан- ного нами порога 0,1 достаточности восстановления), поэтому использование нейронных сетей с рассматриваемыми выходными данными и рассматриваемой структурой вряд ли целесообразно.","9 Нейросетевой подход к решению обратных задач В качестве множества для обучения нейронной сети на основе точных ре- шений было сформировано 1000 примеров (данное множество будем именовать обучающим). Для тестирования было сформировано отдельное множество из 500 примеров, не имеющее пересечений с обучающим (далее тестовым). Для ис- следования влияния шума на результат прогноза в указанные множества искус- ственно был привнесен шум в размере не более 5 % (далее обучающее +5 % шум, тестовое + 5 % шум). Для нейронных сетей, соответствующих N = 40, обучаю- щее множество состояло из 3000 примеров, тестовое - из 1000. Поясним подробнее, как формировались примеры для обучения и тестиро- вания. Для построения точных решений прямой задачи (5) воспользуемся фор- мулой (6). Эти точные решения, соответствующие заданным значениям а и 1, будут использоваться при обучении. Алгоритм построения примеров для обучения нейронной сети (для задан- ного значения N) состоит из следующих шагов. Шаг 1. Выберем случайным образом с равномерным распределением в ин- тервале (0, 1) параметры а и 1. Шаг 2. Аналогичным образом выберем некоторое количество коэффи- циентов Сп из интервала (-10, 10) (значения нижнего индекса п не обязательно выбирать последовательными). Шаг 3. Подставив выбранные значения в (6), получим функцию и(x, t), состоящую из конечного числа слагаемых и удовлетворяющую системе (5). Шаг 4. Для получения входных данных для обратной задачи достаточно выбрать координату точки измерения хо E (0,1) и вычислить значения ці = u(xo, ti) = u(xo, i/N). Выполнив последовательно шаги 1-4, получим пример для обучения или тестирования нейронной сети, основанный на точном решении дифференциаль- ной задачи. Для формирования зашумленных данных й; во входные данные для нейрон- ной сети на шаге 4 вносился аддитивный шум: к точному решению и; добавля- лась некоторая случайная ошибка {i (ui = ui + {i), равномерно распределенная на симметричном относительно нуля интервале [-Emax Ui, Emax Ui]. Значение определяет максимальный уровень вносимой ошибки. Эти данные необходи- мы для понимания того, насколько нейронная сеть восприимчива к шуму во входных данных. Физически он соответствует ошибке измерения функции кон- центрации вещества в заданной точке наблюдения. 7. Результат обучения нейронных сетей. Результат обучения ней- ронных сетей вида 1-6 (для N = 20) представлен в табл. 5, 6 и на рис. 3. Табл. 5, 6 содержат данные о доле правильно восстановленных значений па- раметров а и 1 (считаем, что параметр был восстановлен нейронной сетью правильно, если ошибка восстановления составила не более 0,1), о средней Е и максимальной Emax ошибках восстановления параметров, а также о диспе- рсии D ошибки для обучающего или тестового множества из К элементов: E=CEn, D == (Ei - E) . Нас интересует абсолютное значение ошибки, поэтому здесь и далее будем считать что ошибка принимает неотрицательное значение. Средняя ошибка восстановления параметра а попадает в интервал [0, 05; 0, 08]. Это означает, что выбранный нами тип нейронных сетей достаточ- но хорошо позволяет восстановить параметр а задачи (5). В то же самое время средняя ошибка восстановления параметра А достаточно высока (больше задан- ного нами порога 0,1 достаточности восстановления), поэтому использование нейронных сетей с рассматриваемыми выходными данными и рассматриваемой структурой вряд ли целесообразно."
mindee,D04,TXT_008,9,bbox_iou,1049,2016,8.236524075339863,1,"3. Метод показал себя устойчивым к шуму в начальных данных: в боль-
шинстве рассматриваемых моделей внесение шума в исходные данные обрат-
ной задачи в размере не более 5 % дает 5–7 % снижения точности распознавания
и весьма незначительное увеличение средней ошибки (порядка 0,02–0,03).
Но наиболее неожиданным, на наш взгляд, результатом является то, что
дополнительное знание о расположении измерительного прибора (координа-
та x0) не дает существенного повышения точности определения параметра
дробного дифференцирования α.
Этот факт позволяет выдвинуть гипотезу
о том, что предложенный метод может быть успешно применен для решения
обратной задачи в области Ω′ = {(x, t) : −∞< x < ∞, t ≥0}.
Данные в табл. 5, 6 дают представление о максимальной ошибке восста-
новления параметров задачи (5), но не говорят о том, как часто возникает
ошибка, большая допустимой.
Разобьем отрезок [0, 2] на 11 интервалов [0, 00; 0, 02), [0, 02; 0, 04), [0, 04;
0, 06), [0, 06; 0, 08), [0, 08; 0, 10), [0, 10; 0, 12), [0, 12; 0, 14), [0, 14; 0, 16), [0, 16; 0, 18),","11 Нейросетевой подход к решению обратных задач Таблица 6 Тестирование нейронной сети на тестовом и зашумленном тестовом множестве Тестовое Тестовое + 5% шум Сеть α λ α λ 1 Правильно 65,20 % 0,0997 34,80 % 63,60 % 0,1032 33,00 % 0,1687 Макс. ошибка 0,7490 0,0097 0,6681 0,0145 0,7668 0,0112 0,0143 2 Правильно 77,60 % 76,20 % 0,0843 Средняя ошибка Макс. ошибка 0,8874 0,7064 Дисперсия ошибки 0,0068 0,0092 3 Правильно 73,80 % Средняя ошибка 0,0895 Макс. ошибка 0,9298 0,0102 71,00 % 0,0939 0,9716 0,0118 4 Правильно 75,00 % 38,40 % 75,00 % 39,20 % Средняя ошибка 0,0756 0,1626 0,0782 0,1625 Макс. ошибка 0,6543 0,8313 0,8898 Дисперсия ошибки 0,0062 0,8854 0,0170 0,0075 0,0165 5 Правильно 82,80 % 80,60 % Средняя ошибка 0,0688 0,0780 Макс. ошибка 0,9258 0,9773 Дисперсия ошибки 0,0066 0,0111 6 Правильно 74,80 % Средняя ошибка 0,0838 73,40 % 0,0837 Макс. ошибка 0,7624 0,7641 Дисперсия ошибки 0,0080 0,0079 3. Метод показал себя устойчивым к шуму в начальных данных: в боль- шинстве рассматриваемых моделей внесение шума в исходные данные обрат- ной задачи в размере не более 5 % дает 5-7% снижения точности распознавания и весьма незначительное увеличение средней ошибки (порядка 0,02-0,03). Но наиболее неожиданным, на наш взгляд, результатом является то, что дополнительное знание о расположении измерительного прибора (координа- та хо) не дает существенного повышения точности определения параметра дробного дифференцирования а. Этот факт позволяет выдвинуть гипотезу о том, что предложенный метод может быть успешно применен для решения обратной задачи в области (' ={(x,t) :- ><x<co,t20}. Данные в табл. 5, 6 дают представление о максимальной ошибке восста- новления параметров задачи (5), но не говорят о том, как часто возникает ошибка, большая допустимой. Разобьем отрезок [0, 2] на 11 интервалов [0, 00; 0, 02), [0, 02; 0, 04), [0, 04; 0, 06), [0, 06; 0, 08), [0, 08; 0, 10), [0, 10; 0, 12), [0,12;0, 14), [0, 14;0, 16), [0, 16; 0, 18), Средняя ошибка 0,1682 0,6675 Дисперсия ошибки 0,0789 Дисперсия ошибки","11 Нейросетевой подход к решению обратных задач Таблица 6 Тестирование нейронной сети на тестовом и зашумленном тестовом множестве Тестовое Тестовое + 5% шум Сеть α λ α λ 1 Правильно 65,20 % 0,0997 34,80 % 63,60 % 0,1032 33,00 % 0,1687 Макс. ошибка 0,7490 0,0097 0,6681 0,0145 0,7668 0,0112 0,0143 2 Правильно 77,60 % 76,20 % 0,0843 Средняя ошибка Макс. ошибка 0,8874 0,7064 Дисперсия ошибки 0,0068 0,0092 3 Правильно 73,80 % Средняя ошибка 0,0895 Макс. ошибка 0,9298 0,0102 71,00 % 0,0939 0,9716 0,0118 4 Правильно 75,00 % 38,40 % 75,00 % 39,20 % Средняя ошибка 0,0756 0,1626 0,0782 0,1625 Макс. ошибка 0,6543 0,8313 0,8898 Дисперсия ошибки 0,0062 0,8854 0,0170 0,0075 0,0165 5 Правильно 82,80 % 80,60 % Средняя ошибка 0,0688 0,0780 Макс. ошибка 0,9258 0,9773 Дисперсия ошибки 0,0066 0,0111 6 Правильно 74,80 % Средняя ошибка 0,0838 73,40 % 0,0837 Макс. ошибка 0,7624 0,7641 Дисперсия ошибки 0,0080 0,0079 3. Метод показал себя устойчивым к шуму в начальных данных: в боль- шинстве рассматриваемых моделей внесение шума в исходные данные обрат- ной задачи в размере не более 5 % дает 5-7% снижения точности распознавания и весьма незначительное увеличение средней ошибки (порядка 0,02-0,03). Но наиболее неожиданным, на наш взгляд, результатом является то, что дополнительное знание о расположении измерительного прибора (координа- та хо) не дает существенного повышения точности определения параметра дробного дифференцирования а. Этот факт позволяет выдвинуть гипотезу о том, что предложенный метод может быть успешно применен для решения обратной задачи в области (' ={(x,t) :- ><x<co,t20}. Данные в табл. 5, 6 дают представление о максимальной ошибке восста- новления параметров задачи (5), но не говорят о том, как часто возникает ошибка, большая допустимой. Разобьем отрезок [0, 2] на 11 интервалов [0, 00; 0, 02), [0, 02; 0, 04), [0, 04; 0, 06), [0, 06; 0, 08), [0, 08; 0, 10), [0, 10; 0, 12), [0,12;0, 14), [0, 14;0, 16), [0, 16; 0, 18), Средняя ошибка 0,1682 0,6675 Дисперсия ошибки 0,0789 Дисперсия ошибки"
mindee,D05,TXT_009,10,bbox_iou,1428,6432,2.4972792288557217,1,"5.2. Поверхностные электронные состояния 
Поверхностные электронные состояния (ПЭС) играют 
важную роль в теории полупроводников, так как именно 
они определяют контактные электронные свойства [34]. 
Реальная поверхность любого металла покрыта оксид­
ной пленкой, свойства которой ближе к полупроводни­
ковым, то же самое можно сказать и о л ю б о м металличе­
ском электроде. П о определению П Э С связаны только с 
узкой областью вблизи поверхности, где свойства кри­
сталла сильно отличаются от свойств бесконечной кри­
сталлической решетки. В этой области возникает нерав­
н о м е р н о е распределение з а р я д о в как по н о р м а л и к 
поверхности, так и вдоль нее; имеются специфические 
центры адсорбции электронов, связанные с дефектами 
кристаллической решетки, геометрическими неоднород-
н о с т я м и и т.д. В качестве п р и м е р а приведем схему 
распределения поверхностных электронов на границе 
кристалла кремния, покрытого оксидной пленкой S i 0 2 
(рис. 10) [34]. Из рисунка видно, что по мере продвижения 
от свободной поверхности (т.е. оксида кремния) к кри­
сталлу кремния П Э С изменяются, последовательно пере­
ходя от локализованных состояний 7, 2 (обусловленных 
наличием ловушек, образованных за счет адсорбции 
молекул воды с последующим формированием связей 
S i - О Н . . . Н О - S i ) к состояниям медленных 3 и быстрых 
4 поверхностных электронов и, наконец, к рекомбина-
ционным состояниям 5.","298 А.И. ЖАКИН [УФН 2006 По существу, практически во всех теоретических работах последних десятилетий основное внимание уделялось выводу формулы (30) исходя из микрострук- туры жидкости. Идея теоретических построений до- вольно проста: необходимо учесть влияние раствори- теля (в электрохимических терминах - сольватацию иона) и воздействие тепловых флуктуаций (по существу фононов) на электронные переходы. На этом пути были получены обобщающие результаты применительно к реакциям в полярных растворителях, с которыми можно ознакомиться в упрощенной форме в моногра- фии [49] и в более обстоятельном виде, на основе квантово-механических расчетов - в обзорах [50, 51]. Однако, как и любой первый шаг, эти результаты являются ограниченными, так как не учитывают реаль- ную структуру поверхности электрода и химические свойства реагента. Несмотря на тот очевидный факт, что электронный переход происходит при непосредствен- ном контакте иона с поверхностью (поэтому ион и является хемосорбированным), тем не менее, суще- ствует такое крайнее суждение, вполне соответствующее модельным представлениям электрохимиков [45, с. 93]: ""Представление об ""электронных переходах"" при хемо- сорбции как о переходах с адсорбата на адсорбент должно быть изгнано из работ по хемосорбции и катализу подобно тому, как в свое время представление об электронных орбитах было изгнано из теории атома"". Подобная точка зрения обусловлена прежде всего иными подходами при исследовании поверхностных процессов и основана на представлениях зонной модели проводи- мости, в которой вводятся такие понятия, как поверх- ностный энергетический уровень (вместо иона) и задача об электронном переходе из электрода на ион (или наоборот) трактуется как переход из объемной зоны проводимости на поверхностное энергетическое состоя- ние [34, 44, 45]. На наш взгляд, физический подход является более целесообразным, поскольку позволяет полнее учесть особенности структуры поверхности и электронные свойства как электрода, так и реагента. Например, если переходы осуществляются из зоны проводимости, целесообразно использовать методы физической кинетики, вводя такие понятия, как длина свободного пробега, сечение захвата и т.д. С другой стороны, при анализе переходов для локализированных состояний больше подходят квантово-механические (по существу химические) методы. Наконец, электронные переходы для поверхностных состояний, когда элект- роны могут свободно перемещаться вдоль поверхности, либо переходы в газовой фазе целесообразно рассматри- вать только с позиций физической кинетики [44]. Естественно поставить вопрос: что можно использо- вать из хорошо разработанных и апробированных методов расчета поверхностных электронных переходов применительно к проводимости в высоковольтных полях как в плотных слабопроводящих газах, так и в жидких диэлектриках? По-видимому, ответ на этот вопрос не прост, поскольку наличие высоковольтного поля не только порождает новые процессы, такие как холодная эмиссия электронов, появление новых поверх- ностных электронных состояний (см. раздел 5.2) и т.д., но и может перестраивать геометрическую структуру поверхности, что убедительно показано в обзоре [27]. Как уже отмечалось в разделе 5.1, эти процессы имеют место и в классической электрохимии (например, элект-рополировка поверхности может быть объяснена только тем, что электрохимические реакции интенсивнее всего происходят на микроостриях шероховатого электрода). Не будет преувеличением сказать, что классическое представление о плоской поверхности с образующимся на ней ДЭС является ограниченным и, по существу, бесплодным для объяснения электронных процессов в высоковольтных полях. Нам представляется, что комби- нация классического подхода с учетом геометрической неоднородности поверхности будет дальнейшим шагом в понимании электрофизических поверхностных процес- сов. Именно эти соображения положены в основу модели поверхности, схематически представленной на рис. 3. Одним из результатов такого подхода является вывод о том, что распределение зарядов в приэлектродной обла- сти в высоковольтном поле качественно отличается от представлений классической электрохимии и количест- венно описывается совершенно другими параметрами. В связи с вышеизложенным, возникает важный вопрос о физическом смысле констант скоростей элект- ронных переходов в реакциях (4), (13) и их зависимости от напряженности внешнего поля, инициирующего эти переходы. Чтобы ответить на этот вопрос, необходимо вначале провести исследование электронной структуры поверхности твердого тела в высоковольтном поле, а затем перейти к расчетам вероятности электронных переходов. 5.2. Поверхностные электронные состояния Поверхностные электронные состояния (ПЭС) играют важную роль в теории полупроводников, так как именно они определяют контактные электронные свойства [34]. Реальная поверхность любого металла покрыта оксид- ной пленкой, свойства которой ближе к полупроводни- ковым, то же самое можно сказать и о любом металличе- ском электроде. По определению ПЭС связаны только с узкой областью вблизи поверхности, где свойства кри- сталла сильно отличаются от свойств бесконечной кри- сталлической решетки. В этой области возникает нерав- номерное распределение зарядов как по нормали к поверхности, так и вдоль нее; имеются специфические центры адсорбции электронов, связанные с дефектами кристаллической решетки, геометрическими неоднород- ностями и т.д. В качестве примера приведем схему распределения поверхностных электронов на границе кристалла кремния, покрытого оксидной пленкой SiO2 (рис. 10) [34]. Из рисунка видно, что по мере продвижения от свободной поверхности (т.е. оксида кремния) к кри- сталлу кремния ПЭС изменяются, последовательно пере- ходя от локализованных состояний 1, 2 (обусловленных наличием ловушек, образованных за счет адсорбции молекул воды с последующим формированием связей Si- ОН ... HO-Si) к состояниям медленных 3 и быстрых 4 поверхностных электронов и, наконец, к рекомбина- ционным состояниям 5. Следует отметить, что окисление металлической поверхности является довольно быстрым процессом и в экспериментах с типичными металлами (Al, Cu, а также нержавеющая сталь) наличие оксидных пленок является неизбежным фактором. Например, по данным [61 -63] выдерживание на воздухе первоначально неокисленных электродов (Al, нержавеющая сталь) даже в течение 15 мин создает оксидную пленку, значительно снижаю- щую пробивное напряжение. Согласно [64], оксидная","298 А.И. ЖАКИН [УФН 2006 По существу, практически во всех теоретических работах последних десятилетий основное внимание уделялось выводу формулы (30) исходя из микрострук- туры жидкости. Идея теоретических построений до- вольно проста: необходимо учесть влияние раствори- теля (в электрохимических терминах - сольватацию иона) и воздействие тепловых флуктуаций (по существу фононов) на электронные переходы. На этом пути были получены обобщающие результаты применительно к реакциям в полярных растворителях, с которыми можно ознакомиться в упрощенной форме в моногра- фии [49] и в более обстоятельном виде, на основе квантово-механических расчетов - в обзорах [50, 51]. Однако, как и любой первый шаг, эти результаты являются ограниченными, так как не учитывают реаль- ную структуру поверхности электрода и химические свойства реагента. Несмотря на тот очевидный факт, что электронный переход происходит при непосредствен- ном контакте иона с поверхностью (поэтому ион и является хемосорбированным), тем не менее, суще- ствует такое крайнее суждение, вполне соответствующее модельным представлениям электрохимиков [45, с. 93]: ""Представление об ""электронных переходах"" при хемо- сорбции как о переходах с адсорбата на адсорбент должно быть изгнано из работ по хемосорбции и катализу подобно тому, как в свое время представление об электронных орбитах было изгнано из теории атома"". Подобная точка зрения обусловлена прежде всего иными подходами при исследовании поверхностных процессов и основана на представлениях зонной модели проводи- мости, в которой вводятся такие понятия, как поверх- ностный энергетический уровень (вместо иона) и задача об электронном переходе из электрода на ион (или наоборот) трактуется как переход из объемной зоны проводимости на поверхностное энергетическое состоя- ние [34, 44, 45]. На наш взгляд, физический подход является более целесообразным, поскольку позволяет полнее учесть особенности структуры поверхности и электронные свойства как электрода, так и реагента. Например, если переходы осуществляются из зоны проводимости, целесообразно использовать методы физической кинетики, вводя такие понятия, как длина свободного пробега, сечение захвата и т.д. С другой стороны, при анализе переходов для локализированных состояний больше подходят квантово-механические (по существу химические) методы. Наконец, электронные переходы для поверхностных состояний, когда элект- роны могут свободно перемещаться вдоль поверхности, либо переходы в газовой фазе целесообразно рассматри- вать только с позиций физической кинетики [44]. Естественно поставить вопрос: что можно использо- вать из хорошо разработанных и апробированных методов расчета поверхностных электронных переходов применительно к проводимости в высоковольтных полях как в плотных слабопроводящих газах, так и в жидких диэлектриках? По-видимому, ответ на этот вопрос не прост, поскольку наличие высоковольтного поля не только порождает новые процессы, такие как холодная эмиссия электронов, появление новых поверх- ностных электронных состояний (см. раздел 5.2) и т.д., но и может перестраивать геометрическую структуру поверхности, что убедительно показано в обзоре [27]. Как уже отмечалось в разделе 5.1, эти процессы имеют место и в классической электрохимии (например, элект-рополировка поверхности может быть объяснена только тем, что электрохимические реакции интенсивнее всего происходят на микроостриях шероховатого электрода). Не будет преувеличением сказать, что классическое представление о плоской поверхности с образующимся на ней ДЭС является ограниченным и, по существу, бесплодным для объяснения электронных процессов в высоковольтных полях. Нам представляется, что комби- нация классического подхода с учетом геометрической неоднородности поверхности будет дальнейшим шагом в понимании электрофизических поверхностных процес- сов. Именно эти соображения положены в основу модели поверхности, схематически представленной на рис. 3. Одним из результатов такого подхода является вывод о том, что распределение зарядов в приэлектродной обла- сти в высоковольтном поле качественно отличается от представлений классической электрохимии и количест- венно описывается совершенно другими параметрами. В связи с вышеизложенным, возникает важный вопрос о физическом смысле констант скоростей элект- ронных переходов в реакциях (4), (13) и их зависимости от напряженности внешнего поля, инициирующего эти переходы. Чтобы ответить на этот вопрос, необходимо вначале провести исследование электронной структуры поверхности твердого тела в высоковольтном поле, а затем перейти к расчетам вероятности электронных переходов. 5.2. Поверхностные электронные состояния Поверхностные электронные состояния (ПЭС) играют важную роль в теории полупроводников, так как именно они определяют контактные электронные свойства [34]. Реальная поверхность любого металла покрыта оксид- ной пленкой, свойства которой ближе к полупроводни- ковым, то же самое можно сказать и о любом металличе- ском электроде. По определению ПЭС связаны только с узкой областью вблизи поверхности, где свойства кри- сталла сильно отличаются от свойств бесконечной кри- сталлической решетки. В этой области возникает нерав- номерное распределение зарядов как по нормали к поверхности, так и вдоль нее; имеются специфические центры адсорбции электронов, связанные с дефектами кристаллической решетки, геометрическими неоднород- ностями и т.д. В качестве примера приведем схему распределения поверхностных электронов на границе кристалла кремния, покрытого оксидной пленкой SiO2 (рис. 10) [34]. Из рисунка видно, что по мере продвижения от свободной поверхности (т.е. оксида кремния) к кри- сталлу кремния ПЭС изменяются, последовательно пере- ходя от локализованных состояний 1, 2 (обусловленных наличием ловушек, образованных за счет адсорбции молекул воды с последующим формированием связей Si- ОН ... HO-Si) к состояниям медленных 3 и быстрых 4 поверхностных электронов и, наконец, к рекомбина- ционным состояниям 5. Следует отметить, что окисление металлической поверхности является довольно быстрым процессом и в экспериментах с типичными металлами (Al, Cu, а также нержавеющая сталь) наличие оксидных пленок является неизбежным фактором. Например, по данным [61 -63] выдерживание на воздухе первоначально неокисленных электродов (Al, нержавеющая сталь) даже в течение 15 мин создает оксидную пленку, значительно снижаю- щую пробивное напряжение. Согласно [64], оксидная"
adobe_extract,D01,TXT_001,15,bbox_iou,2010,939,49.2466643145808,3,"Измерение 
электрических 
сопротивлений 
представляет 
весьма 
развитую область измерительной техники как в отношении методов 
измерений, так и используемой аппаратуры. Измерение сопротивлений 
является обязательной процедурой при всех видах испытаний и 
исследований 
электротехнического 
и 
электронного 
оборудования. 
Широко используются разнообразные приемы измерения сопротивления в 
медицинских исследованиях, для клинических анализов,  в биологии, 
агротехнике и экологическом мониторинге, где чаще всего приходится 
измерять электропроводность растворов, почвы, крови, кожного покрова. 
К измерению сопротивления сводятся многие задачи измерения таких 
физических величин, как деформация,  ускорение, давление, сила, 
температура и многих других. 
Электрическое 
сопротивление 
представляет 
собой 
пассивную 
физическую величину, которая в отличие от тока или напряжения не 
является носителем энергии. Напротив, электрическое сопротивление, как 
свойство тел, веществ, растворов проявляет себя только при прохождении 
через него тока, и о значении этого сопротивления мы можем судить по 
напряжению, которое на нем падает. При выборе силы этого тока следует 
иметь в виду, что сопротивление нагревается, а значит в связи с этим его 
значение изменяется. Может даже оказаться, что при слишком большом 
токе измеряемое сопротивление может разрушиться. В тех случаях, когда 
измерению подлежит электропроводность биологических растворов и 
смесей, крови, лимфатической жидкости, проб жидких промышленных 
выбросов и других подобных веществ, проходящий через них ток 
вызывает электролиз, и состав исследуемых объектов меняется. Поэтому 
измерения сопротивления этих веществ выполняются на переменном токе. 
В результате взаимодействия между средством измерений и объектом 
измерений возникает погрешность, которая является методической. Для  
того, чтобы предохранить объект от разрушения и снизить методическую 
погрешность, необходимо ограничивать ток через объект до минимально 
возможного значения.","Электрическое сопротивление представляет собой пассивную физическую величину, которая в отличие от тока или напряжения не является носителем энергии. Напротив, электрическое сопротивление, как свойство тел, веществ, растворов проявляет себя только при прохождении через него тока, и о значении этого сопротивления мы можем судить по напряжению, которое на нем падает. При выборе силы этого тока следует иметь в виду, что сопротивление нагревается, а значит в связи с этим его значение изменяется. Может даже оказаться, что при слишком большом токе измеряемое сопротивление может разрушиться. В тех случаях, когда измерению подлежит электропроводность биологических растворов и смесей, крови, лимфатической жидкости, проб жидких промышленных выбросов и других подобных веществ, проходящий через них ток вызывает электролиз, и состав исследуемых объектов меняется. Поэтому измерения сопротивления этих веществ выполняются на переменном токе.","Измерение электрических сопротивлений представляет весьма развитую область измерительной техники как в отношении методов измерений, так и используемой аппаратуры. Измерение сопротивлений является обязательной процедурой при всех видах испытаний и исследований электротехнического и электронного оборудования. Широко используются разнообразные приемы измерения сопротивления в медицинских исследованиях, для клинических анализов, в биологии, агротехнике и экологическом мониторинге, где чаще всего приходится измерять электропроводность растворов, почвы, крови, кожного покрова. К измерению сопротивления сводятся многие задачи измерения таких физических величин, как деформация, ускорение, давление, сила, температура и многих других. Электрическое сопротивление представляет собой пассивную физическую величину, которая в отличие от тока или напряжения не является носителем энергии. Напротив, электрическое сопротивление, как свойство тел, веществ, растворов проявляет себя только при прохождении через него тока, и о значении этого сопротивления мы можем судить по напряжению, которое на нем падает. При выборе силы этого тока следует иметь в виду, что сопротивление нагревается, а значит в связи с этим его значение изменяется. Может даже оказаться, что при слишком большом токе измеряемое сопротивление может разрушиться. В тех случаях, когда измерению подлежит электропроводность биологических растворов и смесей, крови, лимфатической жидкости, проб жидких промышленных выбросов и других подобных веществ, проходящий через них ток вызывает электролиз, и состав исследуемых объектов меняется. Поэтому измерения сопротивления этих веществ выполняются на переменном токе. В результате взаимодействия между средством измерений и объектом измерений возникает погрешность, которая является методической. Для того, чтобы предохранить объект от разрушения и снизить методическую погрешность, необходимо ограничивать ток через объект до минимально возможного значения."
adobe_extract,D01,TXT_002,27,bbox_iou,755,399,53.51156444906445,2,"Измеряемое  напряжение подают на  входные зажимы ""С"" – сигнал, 
высокопотенциальный зажим (красного цвета) и ""0"" - нуль, низкопотенци-
альный зажим (белого цвета). Зажим  защитного экрана ""Э""  используют 
при измерении малых токов и напряжений с  целью защиты от продольной 
помехи (помехи общего вида). Контакт К для присоединения к корпусу 
прибора находится на его задней панели, он обозначен символом  “⊥“. 
Если измеряемое напряжение передается по экранированной паре 
проводов и нигде низкопотенциальный провод не соединен с экраном, 
этот зажим “Э” соединяется с низкопотенциальным зажимом “0”. 
Основная 
относительная 
инструментальная 
погрешность 
прибора 
нормирована двучленной формулой: 
  
 
 
[
]
γ В
K
X
U
U
=
+
−
0 04
0 02
1
,
,
(
/
) %.","Измеряемое напряжение подают на входные зажимы ""С"" – сигнал, высокопотенциальный зажим (красного цвета) и ""0"" - нуль, низкопотенци-альный зажим (белого цвета). Зажим защитного экрана ""Э"" используют при измерении малых токов и напряжений с целью защиты от продольной помехи (помехи общего вида). Контакт К для присоединения к корпусу прибора находится на его задней панели, он обозначен символом ""⊥"".","Измеряемое напряжение подают на входные зажимы ""С"" – сигнал, высокопотенциальный зажим (красного цвета) и ""0"" - нуль, низкопотенци-альный зажим (белого цвета). Зажим защитного экрана ""Э"" используют при измерении малых токов и напряжений с целью защиты от продольной помехи (помехи общего вида). Контакт К для присоединения к корпусу прибора находится на его задней панели, он обозначен символом ""⊥"". Если измеряемое напряжение передается по экранированной паре проводов и нигде низкопотенциальный провод не соединен с экраном, этот зажим ""Э"" соединяется с низкопотенциальным зажимом ""0"". Основная относительная инструментальная погрешность прибора нормирована двучленной формулой:"
adobe_extract,D02,TXT_003,3,bbox_iou,2356,783,33.24562218642878,4,"Методика получения магнитных наноча-
стиц Fe3O4. Наноразмерные частицы Fe3O4 по-
лучали путем химического осаждения по моди-
фицированной методике Массара [4]. К 40 мл 
0,5 М водного раствора аммиака постепенно до-
бавляли смесь растворов FeCl3·6H2O (1,0 мл 1 M 
раствора в 2 M HCl) и FeSO4·(NH4)2SO4·6H2O 
(1,0 мл 0,5 M раствора). После чего полученную 
суспензию перемешивали в течение 30 мин на 
электромеханическом шейкере при комнатной 
температуре. Концентрация Fe3O4 составила 
2,75 мг/мл, средний диаметр частиц 16 нм.
Определение железа в образцах магнитных 
сорбентов. Магнитный сорбент (0,07 г) обра-
батывали 5,0 мл 0,5 М раствора HCl в течение 
24 ч. Далее проводили спектрофотометрическое 
определение содержания общего железа по ме-
тодике [5]. Для этого 4 мл полученного раствора 
помещали в мерную колбу объемом 25 мл и раз-
бавляли до метки дистиллированной водой, алик-
вотную часть полученного раствора (5–10 мл) 
вносили в мерную колбу емкостью 25 мл и далее 
проводили определение общего содержания же-
леза по методике построения градуировочного 
графика.
Методика построения градуировочного гра-
фика. В мерные колбы емкостью 25 мл вноси-
ли стандартный раствор Fe(III), 2,5 мл 10%-го 
раствора сульфосалициловой кислоты, 2,5 мл 
10%-го раствора аммиака и доводили до метки 
дистиллированной водой. Тщательно перемеши-
вали и оставляли на 5 мин для развития окраски. 
Оптическую плотность полученного раствора 
измеряли при длине волны λ = 416 нм (l = 1 см). 
Диапазон линейности градуировочного графика 
составлял 1–10 мкг/мл.
Методика проведения сорбции азокрасите-
лей ЖСЗ, ТАРТ, П-4R. В 10,0 мл водного рас-
твора, полученного смешением 1,0 мл раствора 
красителя (0,1 г/мл), 0,5 мл 9,2·10–3 М раствора 
ЦТАБ, помещали 0,07 г сорбента, предваритель-
но обработанного этанолом (3×50 мкл). Сорбент 
перемешивали на шейкере до установления 
сорбционного равновесия, после чего отделяли от 
раствора фильтрованием или магнитной сепараци-
ей (в случае магнитных сорбентов), высушивали 
на воздухе и регистрировали спектры диффузного 
отражения. Содержание красителя в водной фазе 
определяли по градуировочным зависимостям при 
максимальной длине волны поглощения (λТАР = 
426 нм, λЖСЗ = 480 нм, λП-4R = 506 нм). Содержание 
красителя на сорбенте рассчитывали по разности 
значений исходной и равновесной концентрации 
в водной фазе.","Методика проведения сорбции азокрасителей ЖСЗ, ТАРТ, П-4R. В 10,0 мл водного раствора, полученного смешением 1,0 мл раствора красителя (0,1 г/мл), 0,5 мл 9,2·10–3 М раствора ЦТАБ, помещали 0,07 г сорбента, предварительно обработанного этанолом (3×50 мкл). Сорбент перемешивали на шейкере до установления сорбционного равновесия, после чего отделяли от раствора фильтрованием или магнитной сепарацией (в случае магнитных сорбентов), высушивали на воздухе и регистрировали спектры диффузного отражения. Содержание красителя в водной фазе определяли по градуировочным зависимостям при максимальной длине волны поглощения (λТАР = 426 нм, λЖСЗ = 480 нм, λП-4R = 506 нм). Содержание красителя на сорбенте рассчитывали по разности значений исходной и равновесной концентрации в водной фазе.","Методика получения магнитных наноча-стиц Fe3O4. Наноразмерные частицы Fe3O4 получали путем химического осаждения по модифицированной методике Массара [4]. К 40 мл 0,5 М водного раствора аммиака постепенно добавляли смесь растворов FeCl3·6H2O (1,0 мл 1 M раствора в 2 M HCl) и FeSO4·(NH4)2SO4·6H2O (1,0 мл 0,5 M раствора). После чего полученную суспензию перемешивали в течение 30 мин на электромеханическом шейкере при комнатной температуре. Концентрация Fe3O4 составила 2,75 мг/мл, средний диаметр частиц 16 нм. Определение железа в образцах магнитных сорбентов. Магнитный сорбент (0,07 г) обрабатывали 5,0 мл 0,5 М раствора HCl в течение 24 ч. Далее проводили спектрофотометрическое определение содержания общего железа по методике [5]. Для этого 4 мл полученного раствора помещали в мерную колбу объемом 25 мл и разбавляли до метки дистиллированной водой, алик-вотную часть полученного раствора (5–10 мл) вносили в мерную колбу емкостью 25 мл и далее проводили определение общего содержания железа по методике построения градуировочного графика. Методика построения градуировочного графика. В мерные колбы емкостью 25 мл вносили стандартный раствор Fe(III), 2,5 мл 10%-го раствора сульфосалициловой кислоты, 2,5 мл 10%-го раствора аммиака и доводили до метки дистиллированной водой. Тщательно перемешивали и оставляли на 5 мин для развития окраски. Оптическую плотность полученного раствора измеряли при длине волны λ = 416 нм (l = 1 см). Диапазон линейности градуировочного графика составлял 1–10 мкг/мл. Методика проведения сорбции азокрасителей ЖСЗ, ТАРТ, П-4R. В 10,0 мл водного раствора, полученного смешением 1,0 мл раствора красителя (0,1 г/мл), 0,5 мл 9,2·10–3 М раствора ЦТАБ, помещали 0,07 г сорбента, предварительно обработанного этанолом (3×50 мкл). Сорбент перемешивали на шейкере до установления сорбционного равновесия, после чего отделяли от раствора фильтрованием или магнитной сепарацией (в случае магнитных сорбентов), высушивали на воздухе и регистрировали спектры диффузного отражения. Содержание красителя в водной фазе определяли по градуировочным зависимостям при максимальной длине волны поглощения (λТАР = 426 нм, λЖСЗ = 480 нм, λП-4R = 506 нм). Содержание красителя на сорбенте рассчитывали по разности значений исходной и равновесной концентрации в водной фазе."
adobe_extract,D02,TXT_004,5,bbox_iou,727,412,58.48715890850722,2,"Десорбция пищевых анионных красителей. 
Установлено, что десорбция красителя ЖСЗ (аце-
тонитрил, изопропропанол, метанол и этанол) 
наиболее эффективна при использовании метано-
ла и этанола. В качестве десорбирующего агента 
выбран этанол ввиду его большей безопасности 
использования (табл. 6). В отличие от сорбции, 
десорбция в случае магнитных сорбентов прохо-
дит более эффективно по сравнению с исходными 
(табл. 7).
Сорбция 2,4-динитрофенола. Модифицирова-
ние магнетитом приводит к уменьшению эффек-
тивности сорбции больших по размеру молекул 
ионных ассоциатов красителей. Для молекул не-
большого размера влияние модифицирования 
на сорбционные свойства может быть незначи-
тельным. Для проверки этого предположения","Десорбция пищевых анионных красителей. Установлено, что десорбция красителя ЖСЗ (аце-тонитрил, изопропропанол, метанол и этанол) наиболее эффективна при использовании метанола и этанола. В качестве десорбирующего агента выбран этанол ввиду его большей безопасности использования (табл. 6). В отличие от сорбции, десорбция в случае магнитных сорбентов проходит более эффективно по сравнению с исходными (табл. 7).","Десорбция пищевых анионных красителей. Установлено, что десорбция красителя ЖСЗ (аце-тонитрил, изопропропанол, метанол и этанол) наиболее эффективна при использовании метанола и этанола. В качестве десорбирующего агента выбран этанол ввиду его большей безопасности использования (табл. 6). В отличие от сорбции, десорбция в случае магнитных сорбентов проходит более эффективно по сравнению с исходными (табл. 7). Сорбция 2,4-динитрофенола. Модифицирова-ние магнетитом приводит к уменьшению эффек-тивности сорбции больших по размеру молекул ионных ассоциатов красителей. Для молекул небольшого размера влияние модифицирования на сорбционные свойства может быть незначительным. Для проверки этого предположения"
adobe_extract,D03,TXT_005,2,bbox_iou,1569,1528,93.47548978856652,1,"Рост популярности онлайн-платформ, позволяющих пользователям общаться друг с другом, делиться мнениями
о различных событиях, оставлять комментарии, подтолкнул к развитию алгоритмов обработки естественного
языка. Десятки миллионов сообщений в день, которые публикуют пользователи отдельно взятой социальной
сети, необходимо анализировать в режиме реального времени или близко к тому с целью модерации, чтобы
не допустить распространение различной противозаконной или оскорбительной информации, угроз и других
видов токсичных комментариев. Разумеется такой большой объем информации может быть обработан достаточно
быстро только автоматически. Возникает необходимость научить компьютер «понимать» текст, написанный
человеком, что является нетривиальной задачей, пусть даже под «пониманием» текста подразумевается лишь его
классификация. Бурное развитие технологий машинного обучения обусловило повсеместное внедрение новых
алгоритмов. Многие задачи, в том числе и задачи обработки естественного языка, которые долгие годы считалось
практически невозможно решить, сейчас вполне успешно решаются с использованием технологий глубокого
обучения. В данной статье будут рассмотрены алгоритмы, построенные с использованием технологий глубокого
обучения и нейронных сетей, позволяющие успешно решать задачу распознавания и классификации токсичных
комментариев. Помимо этого, в статье будут приведены результаты тестирования как разработанных алгоритмов,
так и ансамбля данных алгоритмов на большой обучающей выборке, собранной и размеченной специалистами
компаний Google и Jigsaw.","Рост популности онлайн-платформ, позволщих пользовател общатьс друг с другом, делитьс мнении о различных событи, оставль комментарии, подтолкнул к развитию алгоритмов обработки естественного ыка. Дески миллионов сообщений в день, которые публикуют пользователи отдельно взой социальной сети, необходимо анализировать в режиме реального времени или близко к тому с целью модерации, чтобы не допустить распространение различной противозаконной или оскорбительной информации, угроз и других видов токсичных комментариев. Разумеетс такой большой объем информации может быть обработан достаточно быстро только автоматически. Возникает необходимость научить компьютер ""понимать"" текст, написанный человеком, что лтс нетривиальной задачей, пусть даже под ""пониманием"" текста подразумеваетс лишь его классификаци Бурное развитие технологий машинного обучени обусловило повсеместное внедрение новых алгоритмов. Многие задачи, в том числе и задачи обработки естественного ыка, которые долгие годы считалось практически невозможно решить, сейчас вполне успешно решаютс с использованием технологий глубокого обучени В данной статье будут рассмотрены алгоритмы, построенные с использованием технологий глубокого обучени и нейронных сетей, позволщие успешно решать задачу распознавани и классификации токсичных комментариев. Помимо этого, в статье будут приведены результаты тестировани как разработанных алгоритмов, так и ансамбл данных алгоритмов на большой обучающей выборке, собранной и размеченной специалистами компаний Google и Jigsaw.","Рост популности онлайн-платформ, позволщих пользовател общатьс друг с другом, делитьс мнении о различных событи, оставль комментарии, подтолкнул к развитию алгоритмов обработки естественного ыка. Дески миллионов сообщений в день, которые публикуют пользователи отдельно взой социальной сети, необходимо анализировать в режиме реального времени или близко к тому с целью модерации, чтобы не допустить распространение различной противозаконной или оскорбительной информации, угроз и других видов токсичных комментариев. Разумеетс такой большой объем информации может быть обработан достаточно быстро только автоматически. Возникает необходимость научить компьютер ""понимать"" текст, написанный человеком, что лтс нетривиальной задачей, пусть даже под ""пониманием"" текста подразумеваетс лишь его классификаци Бурное развитие технологий машинного обучени обусловило повсеместное внедрение новых алгоритмов. Многие задачи, в том числе и задачи обработки естественного ыка, которые долгие годы считалось практически невозможно решить, сейчас вполне успешно решаютс с использованием технологий глубокого обучени В данной статье будут рассмотрены алгоритмы, построенные с использованием технологий глубокого обучени и нейронных сетей, позволщие успешно решать задачу распознавани и классификации токсичных комментариев. Помимо этого, в статье будут приведены результаты тестировани как разработанных алгоритмов, так и ансамбл данных алгоритмов на большой обучающей выборке, собранной и размеченной специалистами компаний Google и Jigsaw."
adobe_extract,D03,TXT_006,7,bbox_iou,748,250,32.77928133559411,14,"1. Приведение текста к нижнему регистру.
2. Удаление кусков html-кода, которые присутствуют в некоторых комментариях.
3. Преобразование подстроки вида «w h a t a n i c e d a y» к «what a nice day». Данный вид
искажения текста часто используется для маскировки нецензурных слов.
4. Удаление ссылок, ip-адресов.
5. Удаление чисел и цифр.
6. Удаление всей пунктуации, кроме «’», «.», «!», «?». При этом также удалялись дублирующиеся
знаки, то есть подстрока вида «!!!!!» приводилась к «!».
7. Замена знаков окончания предложения на специальные токены. «!» заменялся на « exclmrk
», «?» — на « qstmrk », «.» — на « eosmkr ». Это было сделано для того, чтобы не потерять
информацию об этих знаках на этапе трансформации текста в векторное представление.","Замена знаков окончани предложени на специальные токены. ""!"" заменс на "" exclmrk "", ""?"" — на "" qstmrk "", ""."" — на "" eosmkr "". Это было сделано дл того, чтобы не потерь информацию об этих знаках на этапе трансформации текста в векторное представление.","1. Приведение текста к нижнему регистру. 2. Удаление кусков html-кода, которые присутствуют в некоторых комментари. 3. Преобразование подстроки вида ""w h a t a n i c e d a y"" к ""what a nice day"". Данный вид искажени текста часто используетс дл маскировки нецензурных слов. 4. Удаление ссылок, ip-адресов. 5. Удаление чисел и цифр. 6. Удаление всей пунктуации, кроме ""'"", ""."", ""!"", ""?"". При этом также удались дублирующиес знаки, то есть подстрока вида ""!!!!!"" приводилась к ""!"". 7. Замена знаков окончани предложени на специальные токены. ""!"" заменс на "" exclmrk "", ""?"" — на "" qstmrk "", ""."" — на "" eosmkr "". Это было сделано дл того, чтобы не потерь информацию об этих знаках на этапе трансформации текста в векторное представление."
adobe_extract,D04,TXT_007,7,bbox_iou,2215,547,23.797515035031928,9,"В качестве множества для обучения нейронной сети на основе точных ре-
шений было сформировано 1000 примеров (данное множество будем именовать
обучающим). Для тестирования было сформировано отдельное множество из
500 примеров, не имеющее пересечений с обучающим (далее тестовым). Для ис-
следования влияния шума на результат прогноза в указанные множества искус-
ственно был привнесен шум в размере не более 5 % (далее обучающее+5 % шум,
тестовое + 5 % шум). Для нейронных сетей, соответствующих N = 40, обучаю-
щее множество состояло из 3000 примеров, тестовое — из 1000.
Поясним подробнее, как формировались примеры для обучения и тестиро-
вания. Для построения точных решений прямой задачи (5) воспользуемся фор-
мулой (6). Эти точные решения, соответствующие заданным значениям α и λ,
будут использоваться при обучении.
Алгоритм построения примеров для обучения нейронной сети (для задан-
ного значения N) состоит из следующих шагов.
Шаг 1. Выберем случайным образом с равномерным распределением в ин-
тервале (0, 1) параметры α и λ.
Шаг 2.
Аналогичным образом выберем некоторое количество коэффи-
циентов Cn из интервала (−10, 10) (значения нижнего индекса n не обязательно
выбирать последовательными).
Шаг 3. Подставив выбранные значения в (6), получим функцию u(x, t),
состоящую из конечного числа слагаемых и удовлетворяющую системе (5).
Шаг 4. Для получения входных данных для обратной задачи достаточно
выбрать координату точки измерения x0 ∈(0, 1) и вычислить значения ui =
u(x0, ti) = u(x0, i/N).
Выполнив последовательно шаги 1–4, получим пример для обучения или
тестирования нейронной сети, основанный на точном решении дифференциаль-
ной задачи.
Для формирования зашумленных данных ˜ui во входные данные для нейрон-
ной сети на шаге 4 вносился аддитивный шум: к точному решению ui добавля-
лась некоторая случайная ошибка ξi (˜ui = ui + ξi), равномерно распределенная
на симметричном относительно нуля интервале [−Emaxui, Emaxui].
Значение
определяет максимальный уровень вносимой ошибки. Эти данные необходи-
мы для понимания того, насколько нейронная сеть восприимчива к шуму во
входных данных. Физически он соответствует ошибке измерения функции кон-
центрации вещества в заданной точке наблюдения.","Для формирования зашумленных данных u˜i во входные данные для нейронной сети на шаге 4 вносился аддитивный шум: к точному решению ui добавлялась некоторая случайная ошибка ξi (˜ui = ui + ξi), равномерно распределенная на симметричном относительно нуля интервале [−Emaxui,Emaxui]. Значение определяет максимальный уровень вносимой ошибки. Эти данные необходимы для понимания того, насколько нейронная сеть восприимчива к шуму во входных данных. Физически он соответствует ошибке измерения функции кон-центрации вещества в заданной точке наблюдения.","Вкачестве множества для обучения нейронной сети на основе точных решений было сформировано 1000 примеров (данное множество будем именовать обучающим). Для тестирования было сформировано отдельное множество из 500 примеров, не имеющее пересечений с обучающим (далее тестовым). Для исследования влияния шума на результат прогноза в указанные множества искусственно был привнесен шум в размере не более 5% (далее обучающее+5 % шум, тестовое +5 % шум). Для нейронных сетей, соответствующих N = 40, обучаю-щее множество состояло из 3000 примеров, тестовое — из 1000. Поясним подробнее, как формировались примеры для обучения и тестирования. Для построения точных решений прямой задачи (5) воспользуемся формулой (6). Эти точные решения, соответствующие заданным значениям α и λ, будут использоваться при обучении. Алгоритм построения примеров для обучения нейронной сети (для заданного значения N) состоит из следующих шагов. Шаг 1. Выберем случайным образом с равномерным распределением в интервале (0,1) параметры α и λ. Шаг 2. Аналогичным образом выберем некоторое количество коэффициентов Cn из интервала (−10,10) (значения нижнего индекса nне обязательно выбирать последовательными). Шаг 3. Подставив выбранные значения в (6), получим функцию u(x,t), состоящую из конечного числа слагаемых и удовлетворяющую системе (5). Шаг 4. Для получения входных данных для обратной задачи достаточно выбрать координату точки измерения x0 ∈ (0,1) и вычислить значения ui = u(x0,ti)= u(x0,i/N). Выполнив последовательно шаги 1–4, получим пример для обучения или тестирования нейронной сети, основанный на точном решении дифференциальной задачи. Для формирования зашумленных данных u˜i во входные данные для нейронной сети на шаге 4 вносился аддитивный шум: к точному решению ui добавлялась некоторая случайная ошибка ξi (˜ui = ui + ξi), равномерно распределенная на симметричном относительно нуля интервале [−Emaxui,Emaxui]. Значение определяет максимальный уровень вносимой ошибки. Эти данные необходимы для понимания того, насколько нейронная сеть восприимчива к шуму во входных данных. Физически он соответствует ошибке измерения функции кон-центрации вещества в заданной точке наблюдения."
adobe_extract,D04,TXT_008,9,bbox_iou,1049,345,29.78575700615174,4,"3. Метод показал себя устойчивым к шуму в начальных данных: в боль-
шинстве рассматриваемых моделей внесение шума в исходные данные обрат-
ной задачи в размере не более 5 % дает 5–7 % снижения точности распознавания
и весьма незначительное увеличение средней ошибки (порядка 0,02–0,03).
Но наиболее неожиданным, на наш взгляд, результатом является то, что
дополнительное знание о расположении измерительного прибора (координа-
та x0) не дает существенного повышения точности определения параметра
дробного дифференцирования α.
Этот факт позволяет выдвинуть гипотезу
о том, что предложенный метод может быть успешно применен для решения
обратной задачи в области Ω′ = {(x, t) : −∞< x < ∞, t ≥0}.
Данные в табл. 5, 6 дают представление о максимальной ошибке восста-
новления параметров задачи (5), но не говорят о том, как часто возникает
ошибка, большая допустимой.
Разобьем отрезок [0, 2] на 11 интервалов [0, 00; 0, 02), [0, 02; 0, 04), [0, 04;
0, 06), [0, 06; 0, 08), [0, 08; 0, 10), [0, 10; 0, 12), [0, 12; 0, 14), [0, 14; 0, 16), [0, 16; 0, 18),","Но наиболее неожиданным, на наш взгляд, результатом является то, что дополнительное знание о расположении измерительного прибора (координата x0) не дает существенного повышения точности определения параметра дробного дифференцирования α. Этот факт позволяет выдвинуть гипотезу отом, что предложенный метод может быть успешно применен для решения","3. Метод показал себя устойчивым к шуму в начальных данных: в боль-шинстве рассматриваемых моделей внесение шума в исходные данные обратной задачи в размере не более 5% дает 5–7 % снижения точности распознавания и весьма незначительное увеличение средней ошибки (порядка 0,02–0,03). Но наиболее неожиданным, на наш взгляд, результатом является то, что дополнительное знание о расположении измерительного прибора (координата x0) не дает существенного повышения точности определения параметра дробного дифференцирования α. Этот факт позволяет выдвинуть гипотезу отом, что предложенный метод может быть успешно применен для решения обратной задачи в области Ω∗ = {(x,t): −∞ <x<∞,t≥ 0}. Данные в табл.5,6 дают представление о максимальной ошибке восстановления параметров задачи (5), но не говорят о том, как часто возникает ошибка, большая допустимой. Разобьем отрезок [0,2] на 11 интервалов [0,00; 0,02), [0,02; 0,04), [0,04; 0,06), [0,06; 0,08), [0,08; 0,10), [0,10; 0,12), [0,12; 0,14), [0,14; 0,16), [0,16; 0,18),"
adobe_extract,D05,TXT_009,10,bbox_iou,1428,1296,82.13268920373028,2,"5.2. Поверхностные электронные состояния 
Поверхностные электронные состояния (ПЭС) играют 
важную роль в теории полупроводников, так как именно 
они определяют контактные электронные свойства [34]. 
Реальная поверхность любого металла покрыта оксид­
ной пленкой, свойства которой ближе к полупроводни­
ковым, то же самое можно сказать и о л ю б о м металличе­
ском электроде. П о определению П Э С связаны только с 
узкой областью вблизи поверхности, где свойства кри­
сталла сильно отличаются от свойств бесконечной кри­
сталлической решетки. В этой области возникает нерав­
н о м е р н о е распределение з а р я д о в как по н о р м а л и к 
поверхности, так и вдоль нее; имеются специфические 
центры адсорбции электронов, связанные с дефектами 
кристаллической решетки, геометрическими неоднород-
н о с т я м и и т.д. В качестве п р и м е р а приведем схему 
распределения поверхностных электронов на границе 
кристалла кремния, покрытого оксидной пленкой S i 0 2 
(рис. 10) [34]. Из рисунка видно, что по мере продвижения 
от свободной поверхности (т.е. оксида кремния) к кри­
сталлу кремния П Э С изменяются, последовательно пере­
ходя от локализованных состояний 7, 2 (обусловленных 
наличием ловушек, образованных за счет адсорбции 
молекул воды с последующим формированием связей 
S i - О Н . . . Н О - S i ) к состояниям медленных 3 и быстрых 
4 поверхностных электронов и, наконец, к рекомбина-
ционным состояниям 5.","Поверхностные электронные состояния (ПЭС) играют важную роль в теории полупроводников, так как именно они определяют контактные электронные свойства [34]. Реальная поверхность любого металла покрыта оксидной пленкой, свойства которой ближе к полупроводниКОВЫМ, ТО же самое можно сказать и о любом металлическом электроде. По определению ПЭС связаны только с узкой областью вблизи поверхности, где свойства кристалла сильно отличаются от свойств бесконечной кристаллической решетки. В этой области возникает неравномерное распределение зарядов как по нормали к поверхности, так и вдоль нее; имеются специфические центры адсорбции электронов, связанные с дефектами кристаллической решетки, геометрическими неоднородностями и т.д. В качестве примера приведем схему распределения поверхностных электронов на границе кристалла кремния, покрытого оксидной пленкой SiO. (рис. 1 О) [34]. Из рисунка видно, что по мере продвижения от свободной поверхности (т.е. оксида кремния) к кристаллу кремния ПЭС изменяются, последовательно переходя от локализованных состояний /, 2 (обусловленных наличием ловушек, образованных за счет адсорбции молекул воды с последующим формированием связей Si-ОН...НО-Si) к состояниям медленных 3 и быстрых 4 поверхностных электронов и, наконец, к рекомбинационным состояниям 5.","5.2. Поверхностные электронные состояния Поверхностные электронные состояния (ПЭС) играют важную роль в теории полупроводников, так как именно они определяют контактные электронные свойства [34]. Реальная поверхность любого металла покрыта оксидной пленкой, свойства которой ближе к полупроводниКОВЫМ, ТО же самое можно сказать и о любом металлическом электроде. По определению ПЭС связаны только с узкой областью вблизи поверхности, где свойства кристалла сильно отличаются от свойств бесконечной кристаллической решетки. В этой области возникает неравномерное распределение зарядов как по нормали к поверхности, так и вдоль нее; имеются специфические центры адсорбции электронов, связанные с дефектами кристаллической решетки, геометрическими неоднородностями и т.д. В качестве примера приведем схему распределения поверхностных электронов на границе кристалла кремния, покрытого оксидной пленкой SiO. (рис. 1 О) [34]. Из рисунка видно, что по мере продвижения от свободной поверхности (т.е. оксида кремния) к кристаллу кремния ПЭС изменяются, последовательно переходя от локализованных состояний /, 2 (обусловленных наличием ловушек, образованных за счет адсорбции молекул воды с последующим формированием связей Si-ОН...НО-Si) к состояниям медленных 3 и быстрых 4 поверхностных электронов и, наконец, к рекомбинационным состояниям 5."
llamaparse,D01,TXT_001,15,bbox_iou,2010,939,49.2466643145808,3,"Измерение 
электрических 
сопротивлений 
представляет 
весьма 
развитую область измерительной техники как в отношении методов 
измерений, так и используемой аппаратуры. Измерение сопротивлений 
является обязательной процедурой при всех видах испытаний и 
исследований 
электротехнического 
и 
электронного 
оборудования. 
Широко используются разнообразные приемы измерения сопротивления в 
медицинских исследованиях, для клинических анализов,  в биологии, 
агротехнике и экологическом мониторинге, где чаще всего приходится 
измерять электропроводность растворов, почвы, крови, кожного покрова. 
К измерению сопротивления сводятся многие задачи измерения таких 
физических величин, как деформация,  ускорение, давление, сила, 
температура и многих других. 
Электрическое 
сопротивление 
представляет 
собой 
пассивную 
физическую величину, которая в отличие от тока или напряжения не 
является носителем энергии. Напротив, электрическое сопротивление, как 
свойство тел, веществ, растворов проявляет себя только при прохождении 
через него тока, и о значении этого сопротивления мы можем судить по 
напряжению, которое на нем падает. При выборе силы этого тока следует 
иметь в виду, что сопротивление нагревается, а значит в связи с этим его 
значение изменяется. Может даже оказаться, что при слишком большом 
токе измеряемое сопротивление может разрушиться. В тех случаях, когда 
измерению подлежит электропроводность биологических растворов и 
смесей, крови, лимфатической жидкости, проб жидких промышленных 
выбросов и других подобных веществ, проходящий через них ток 
вызывает электролиз, и состав исследуемых объектов меняется. Поэтому 
измерения сопротивления этих веществ выполняются на переменном токе. 
В результате взаимодействия между средством измерений и объектом 
измерений возникает погрешность, которая является методической. Для  
того, чтобы предохранить объект от разрушения и снизить методическую 
погрешность, необходимо ограничивать ток через объект до минимально 
возможного значения.","Электрическое сопротивление представляет собой пассивную физическую величину, которая в отличие от тока или напряжения не является носителем энергии. Напротив, электрическое сопротивление, как свойство тел, веществ, растворов проявляет себя только при прохождении через него тока, и о значении этого сопротивления мы можем судить по напряжению, которое на нем падает. При выборе силы этого тока следует иметь в виду, что сопротивление нагревается, а значит в связи с этим его значение изменяется. Может даже оказаться, что при слишком большом токе измеряемое сопротивление может разрушиться. В тех случаях, когда измерению подлежит электропроводность биологических растворов и смесей, крови, лимфатической жидкости, проб жидких промышленных выбросов и других подобных веществ, проходящий через них ток вызывает электролиз, и состав исследуемых объектов меняется. Поэтому измерения сопротивления этих веществ выполняются на переменном токе.","Измерение электрических сопротивлений представляет весьма развитую область измерительной техники как в отношении методов измерений, так и используемой аппаратуры. Измерение сопротивлений является обязательной процедурой при всех видах испытаний и исследований электротехнического и электронного оборудования. Широко используются разнообразные приемы измерения сопротивления в медицинских исследованиях, для клинических анализов, в биологии, агротехнике и экологическом мониторинге, где чаще всего приходится измерять электропроводность растворов, почвы, крови, кожного покрова. К измерению сопротивления сводятся многие задачи измерения таких физических величин, как деформация, ускорение, давление, сила, температура и многих других. Электрическое сопротивление представляет собой пассивную физическую величину, которая в отличие от тока или напряжения не является носителем энергии. Напротив, электрическое сопротивление, как свойство тел, веществ, растворов проявляет себя только при прохождении через него тока, и о значении этого сопротивления мы можем судить по напряжению, которое на нем падает. При выборе силы этого тока следует иметь в виду, что сопротивление нагревается, а значит в связи с этим его значение изменяется. Может даже оказаться, что при слишком большом токе измеряемое сопротивление может разрушиться. В тех случаях, когда измерению подлежит электропроводность биологических растворов и смесей, крови, лимфатической жидкости, проб жидких промышленных выбросов и других подобных веществ, проходящий через них ток вызывает электролиз, и состав исследуемых объектов меняется. Поэтому измерения сопротивления этих веществ выполняются на переменном токе. В результате взаимодействия между средством измерений и объектом измерений возникает погрешность, которая является методической. Для того, чтобы предохранить объект от разрушения и снизить методическую погрешность, необходимо ограничивать ток через объект до минимально возможного значения."
llamaparse,D01,TXT_002,27,bbox_iou,755,398,53.08787496287497,3,"Измеряемое  напряжение подают на  входные зажимы ""С"" – сигнал, 
высокопотенциальный зажим (красного цвета) и ""0"" - нуль, низкопотенци-
альный зажим (белого цвета). Зажим  защитного экрана ""Э""  используют 
при измерении малых токов и напряжений с  целью защиты от продольной 
помехи (помехи общего вида). Контакт К для присоединения к корпусу 
прибора находится на его задней панели, он обозначен символом  “⊥“. 
Если измеряемое напряжение передается по экранированной паре 
проводов и нигде низкопотенциальный провод не соединен с экраном, 
этот зажим “Э” соединяется с низкопотенциальным зажимом “0”. 
Основная 
относительная 
инструментальная 
погрешность 
прибора 
нормирована двучленной формулой: 
  
 
 
[
]
γ В
K
X
U
U
=
+
−
0 04
0 02
1
,
,
(
/
) %.","Измеряемое напряжение подают на входные зажимы ""С"" – сигнал, высокопотенциальный зажим (красного цвета) и ""0"" - нуль, низкопотенциальный зажим (белого цвета). Зажим защитного экрана ""Э"" используют при измерении малых токов и напряжений с целью защиты от продольной помехи (помехи общего вида). Контакт К для присоединения к корпусу прибора находится на его задней панели, он обозначен символом ""⊥"".","Измеряемое напряжение подают на входные зажимы ""С"" – сигнал, высокопотенциальный зажим (красного цвета) и ""0"" - нуль, низкопотенциальный зажим (белого цвета). Зажим защитного экрана ""Э"" используют при измерении малых токов и напряжений с целью защиты от продольной помехи (помехи общего вида). Контакт К для присоединения к корпусу прибора находится на его задней панели, он обозначен символом ""⊥"". Если измеряемое напряжение передается по экранированной паре проводов и нигде низкопотенциальный провод не соединен с экраном, этот зажим ""Э"" соединяется с низкопотенциальным зажимом ""0"". Основная относительная инструментальная погрешность прибора нормирована двучленной формулой: $$ \gamma_B = [0,04 + 0,02(U_K / U_X - 1)]\% . $$"
llamaparse,D02,TXT_003,3,bbox_iou,2356,827,31.576890513360595,4,"Методика получения магнитных наноча-
стиц Fe3O4. Наноразмерные частицы Fe3O4 по-
лучали путем химического осаждения по моди-
фицированной методике Массара [4]. К 40 мл 
0,5 М водного раствора аммиака постепенно до-
бавляли смесь растворов FeCl3·6H2O (1,0 мл 1 M 
раствора в 2 M HCl) и FeSO4·(NH4)2SO4·6H2O 
(1,0 мл 0,5 M раствора). После чего полученную 
суспензию перемешивали в течение 30 мин на 
электромеханическом шейкере при комнатной 
температуре. Концентрация Fe3O4 составила 
2,75 мг/мл, средний диаметр частиц 16 нм.
Определение железа в образцах магнитных 
сорбентов. Магнитный сорбент (0,07 г) обра-
батывали 5,0 мл 0,5 М раствора HCl в течение 
24 ч. Далее проводили спектрофотометрическое 
определение содержания общего железа по ме-
тодике [5]. Для этого 4 мл полученного раствора 
помещали в мерную колбу объемом 25 мл и раз-
бавляли до метки дистиллированной водой, алик-
вотную часть полученного раствора (5–10 мл) 
вносили в мерную колбу емкостью 25 мл и далее 
проводили определение общего содержания же-
леза по методике построения градуировочного 
графика.
Методика построения градуировочного гра-
фика. В мерные колбы емкостью 25 мл вноси-
ли стандартный раствор Fe(III), 2,5 мл 10%-го 
раствора сульфосалициловой кислоты, 2,5 мл 
10%-го раствора аммиака и доводили до метки 
дистиллированной водой. Тщательно перемеши-
вали и оставляли на 5 мин для развития окраски. 
Оптическую плотность полученного раствора 
измеряли при длине волны λ = 416 нм (l = 1 см). 
Диапазон линейности градуировочного графика 
составлял 1–10 мкг/мл.
Методика проведения сорбции азокрасите-
лей ЖСЗ, ТАРТ, П-4R. В 10,0 мл водного рас-
твора, полученного смешением 1,0 мл раствора 
красителя (0,1 г/мл), 0,5 мл 9,2·10–3 М раствора 
ЦТАБ, помещали 0,07 г сорбента, предваритель-
но обработанного этанолом (3×50 мкл). Сорбент 
перемешивали на шейкере до установления 
сорбционного равновесия, после чего отделяли от 
раствора фильтрованием или магнитной сепараци-
ей (в случае магнитных сорбентов), высушивали 
на воздухе и регистрировали спектры диффузного 
отражения. Содержание красителя в водной фазе 
определяли по градуировочным зависимостям при 
максимальной длине волны поглощения (λТАР = 
426 нм, λЖСЗ = 480 нм, λП-4R = 506 нм). Содержание 
красителя на сорбенте рассчитывали по разности 
значений исходной и равновесной концентрации 
в водной фазе.","Методика проведения сорбции азокрасителей ЖСЗ, ТАРТ, П-4R. В 10,0 мл водного раствора, полученного смешением 1,0 мл раствора красителя (0,1 г/мл), 0,5 мл 9,2·10<sup>–3</sup> М раствора ЦТАБ, помещали 0,07 г сорбента, предварительно обработанного этанолом (3×50 мкл). Сорбент перемешивали на шейкере до установления сорбционного равновесия, после чего отделяли от раствора фильтрованием или магнитной сепарацией (в случае магнитных сорбентов), высушивали на воздухе и регистрировали спектры диффузного отражения. Содержание красителя в водной фазе определяли по градуировочным зависимостям при максимальной длине волны поглощения (λ<sub>ТАР</sub> = 426 нм, λ<sub>ЖСЗ</sub> = 480 нм, λ<sub>П-4R</sub> = 506 нм). Содержание красителя на сорбенте рассчитывали по разности значений исходной и равновесной концентрации в водной фазе.","Методика получения магнитных наночастиц Fe<sub>3</sub>O<sub>4</sub>. Наноразмерные частицы Fe<sub>3</sub>O<sub>4</sub> получали путем химического осаждения по модифицированной методике Массара [4]. К 40 мл 0,5 М водного раствора аммиака постепенно добавляли смесь растворов FeCl<sub>3</sub>·6H<sub>2</sub>O (1,0 мл 1 M раствора в 2 M HCl) и FeSO<sub>4</sub>·(NH<sub>4</sub>)<sub>2</sub>SO<sub>4</sub>·6H<sub>2</sub>O (1,0 мл 0,5 M раствора). После чего полученную суспензию перемешивали в течение 30 мин на электромеханическом шейкере при комнатной температуре. Концентрация Fe<sub>3</sub>O<sub>4</sub> составила 2,75 мг/мл, средний диаметр частиц 16 нм. Определение железа в образцах магнитных сорбентов. Магнитный сорбент (0,07 г) обрабатывали 5,0 мл 0,5 М раствора HCl в течение 24 ч. Далее проводили спектрофотометрическое определение содержания общего железа по методике [5]. Для этого 4 мл полученного раствора помещали в мерную колбу объемом 25 мл и разбавляли до метки дистиллированной водой, аликвотную часть полученного раствора (5–10 мл) вносили в мерную колбу емкостью 25 мл и далее проводили определение общего содержания железа по методике построения градуировочного графика. Методика построения градуировочного графика. В мерные колбы емкостью 25 мл вносили стандартный раствор Fe(III), 2,5 мл 10%-го раствора сульфосалициловой кислоты, 2,5 мл 10%-го раствора аммиака и доводили до метки дистиллированной водой. Тщательно перемешивали и оставляли на 5 мин для развития окраски. Оптическую плотность полученного раствора измеряли при длине волны λ = 416 нм (l = 1 см). Диапазон линейности градуировочного графика составлял 1–10 мкг/мл. Методика проведения сорбции азокрасителей ЖСЗ, ТАРТ, П-4R. В 10,0 мл водного раствора, полученного смешением 1,0 мл раствора красителя (0,1 г/мл), 0,5 мл 9,2·10<sup>–3</sup> М раствора ЦТАБ, помещали 0,07 г сорбента, предварительно обработанного этанолом (3×50 мкл). Сорбент перемешивали на шейкере до установления сорбционного равновесия, после чего отделяли от раствора фильтрованием или магнитной сепарацией (в случае магнитных сорбентов), высушивали на воздухе и регистрировали спектры диффузного отражения. Содержание красителя в водной фазе определяли по градуировочным зависимостям при максимальной длине волны поглощения (λ<sub>ТАР</sub> = 426 нм, λ<sub>ЖСЗ</sub> = 480 нм, λ<sub>П-4R</sub> = 506 нм). Содержание красителя на сорбенте рассчитывали по разности значений исходной и равновесной концентрации в водной фазе."
llamaparse,D02,TXT_004,5,bbox_iou,727,411,57.95294943820225,2,"Десорбция пищевых анионных красителей. 
Установлено, что десорбция красителя ЖСЗ (аце-
тонитрил, изопропропанол, метанол и этанол) 
наиболее эффективна при использовании метано-
ла и этанола. В качестве десорбирующего агента 
выбран этанол ввиду его большей безопасности 
использования (табл. 6). В отличие от сорбции, 
десорбция в случае магнитных сорбентов прохо-
дит более эффективно по сравнению с исходными 
(табл. 7).
Сорбция 2,4-динитрофенола. Модифицирова-
ние магнетитом приводит к уменьшению эффек-
тивности сорбции больших по размеру молекул 
ионных ассоциатов красителей. Для молекул не-
большого размера влияние модифицирования 
на сорбционные свойства может быть незначи-
тельным. Для проверки этого предположения","Десорбция пищевых анионных красителей. Установлено, что десорбция красителя ЖСЗ (ацетонитрил, изопропропанол, метанол и этанол) наиболее эффективна при использовании метанола и этанола. В качестве десорбирующего агента выбран этанол ввиду его большей безопасности использования (табл. 6). В отличие от сорбции, десорбция в случае магнитных сорбентов проходит более эффективно по сравнению с исходными (табл. 7).","Десорбция пищевых анионных красителей. Установлено, что десорбция красителя ЖСЗ (ацетонитрил, изопропропанол, метанол и этанол) наиболее эффективна при использовании метанола и этанола. В качестве десорбирующего агента выбран этанол ввиду его большей безопасности использования (табл. 6). В отличие от сорбции, десорбция в случае магнитных сорбентов проходит более эффективно по сравнению с исходными (табл. 7). Сорбция 2,4-динитрофенола. Модифицирование магнетитом приводит к уменьшению эффективности сорбции больших по размеру молекул ионных ассоциатов красителей. Для молекул небольшого размера влияние модифицирования на сорбционные свойства может быть незначительным. Для проверки этого предположения"
llamaparse,D03,TXT_005,2,bbox_iou,1569,1569,100.0,1,"Рост популярности онлайн-платформ, позволяющих пользователям общаться друг с другом, делиться мнениями
о различных событиях, оставлять комментарии, подтолкнул к развитию алгоритмов обработки естественного
языка. Десятки миллионов сообщений в день, которые публикуют пользователи отдельно взятой социальной
сети, необходимо анализировать в режиме реального времени или близко к тому с целью модерации, чтобы
не допустить распространение различной противозаконной или оскорбительной информации, угроз и других
видов токсичных комментариев. Разумеется такой большой объем информации может быть обработан достаточно
быстро только автоматически. Возникает необходимость научить компьютер «понимать» текст, написанный
человеком, что является нетривиальной задачей, пусть даже под «пониманием» текста подразумевается лишь его
классификация. Бурное развитие технологий машинного обучения обусловило повсеместное внедрение новых
алгоритмов. Многие задачи, в том числе и задачи обработки естественного языка, которые долгие годы считалось
практически невозможно решить, сейчас вполне успешно решаются с использованием технологий глубокого
обучения. В данной статье будут рассмотрены алгоритмы, построенные с использованием технологий глубокого
обучения и нейронных сетей, позволяющие успешно решать задачу распознавания и классификации токсичных
комментариев. Помимо этого, в статье будут приведены результаты тестирования как разработанных алгоритмов,
так и ансамбля данных алгоритмов на большой обучающей выборке, собранной и размеченной специалистами
компаний Google и Jigsaw.","Рост популярности онлайн-платформ, позволяющих пользователям общаться друг с другом, делиться мнениями о различных событиях, оставлять комментарии, подтолкнул к развитию алгоритмов обработки естественного языка. Десятки миллионов сообщений в день, которые публикуют пользователи отдельно взятой социальной сети, необходимо анализировать в режиме реального времени или близко к тому с целью модерации, чтобы не допустить распространение различной противозаконной или оскорбительной информации, угроз и других видов токсичных комментариев. Разумеется такой большой объем информации может быть обработан достаточно быстро только автоматически. Возникает необходимость научить компьютер ""понимать"" текст, написанный человеком, что является нетривиальной задачей, пусть даже под ""пониманием"" текста подразумевается лишь его классификация. Бурное развитие технологий машинного обучения обусловило повсеместное внедрение новых алгоритмов. Многие задачи, в том числе и задачи обработки естественного языка, которые долгие годы считалось практически невозможно решить, сейчас вполне успешно решаются с использованием технологий глубокого обучения. В данной статье будут рассмотрены алгоритмы, построенные с использованием технологий глубокого обучения и нейронных сетей, позволяющие успешно решать задачу распознавания и классификации токсичных комментариев. Помимо этого, в статье будут приведены результаты тестирования как разработанных алгоритмов, так и ансамбля данных алгоритмов на большой обучающей выборке, собранной и размеченной специалистами компаний Google и Jigsaw.","Рост популярности онлайн-платформ, позволяющих пользователям общаться друг с другом, делиться мнениями о различных событиях, оставлять комментарии, подтолкнул к развитию алгоритмов обработки естественного языка. Десятки миллионов сообщений в день, которые публикуют пользователи отдельно взятой социальной сети, необходимо анализировать в режиме реального времени или близко к тому с целью модерации, чтобы не допустить распространение различной противозаконной или оскорбительной информации, угроз и других видов токсичных комментариев. Разумеется такой большой объем информации может быть обработан достаточно быстро только автоматически. Возникает необходимость научить компьютер ""понимать"" текст, написанный человеком, что является нетривиальной задачей, пусть даже под ""пониманием"" текста подразумевается лишь его классификация. Бурное развитие технологий машинного обучения обусловило повсеместное внедрение новых алгоритмов. Многие задачи, в том числе и задачи обработки естественного языка, которые долгие годы считалось практически невозможно решить, сейчас вполне успешно решаются с использованием технологий глубокого обучения. В данной статье будут рассмотрены алгоритмы, построенные с использованием технологий глубокого обучения и нейронных сетей, позволяющие успешно решать задачу распознавания и классификации токсичных комментариев. Помимо этого, в статье будут приведены результаты тестирования как разработанных алгоритмов, так и ансамбля данных алгоритмов на большой обучающей выборке, собранной и размеченной специалистами компаний Google и Jigsaw."
llamaparse,D03,TXT_006,7,bbox_iou,748,754,98.9989219705244,1,"1. Приведение текста к нижнему регистру.
2. Удаление кусков html-кода, которые присутствуют в некоторых комментариях.
3. Преобразование подстроки вида «w h a t a n i c e d a y» к «what a nice day». Данный вид
искажения текста часто используется для маскировки нецензурных слов.
4. Удаление ссылок, ip-адресов.
5. Удаление чисел и цифр.
6. Удаление всей пунктуации, кроме «’», «.», «!», «?». При этом также удалялись дублирующиеся
знаки, то есть подстрока вида «!!!!!» приводилась к «!».
7. Замена знаков окончания предложения на специальные токены. «!» заменялся на « exclmrk
», «?» — на « qstmrk », «.» — на « eosmkr ». Это было сделано для того, чтобы не потерять
информацию об этих знаках на этапе трансформации текста в векторное представление.","1. Приведение текста к нижнему регистру.

2. Удаление кусков html-кода, которые присутствуют в некоторых комментариях.

3. Преобразование подстроки вида ""w h a t a n i c e d a y"" к ""what a nice day"". Данный вид искажения текста часто используется для маскировки нецензурных слов.

4. Удаление ссылок, ip-адресов.

5. Удаление чисел и цифр.

6. Удаление всей пунктуации, кроме ""'"", ""."", ""!"", ""?"". При этом также удалялись дублирующиеся знаки, то есть подстрока вида ""!!!!!"" приводилась к ""!"".

7. Замена знаков окончания предложения на специальные токены. ""!"" заменялся на "" exclmrk "", ""?"" — на "" qstmrk "", ""."" — на "" eosmkr "". Это было сделано для того, чтобы не потерять информацию об этих знаках на этапе трансформации текста в векторное представление.","1. Приведение текста к нижнему регистру.

2. Удаление кусков html-кода, которые присутствуют в некоторых комментариях.

3. Преобразование подстроки вида ""w h a t a n i c e d a y"" к ""what a nice day"". Данный вид искажения текста часто используется для маскировки нецензурных слов.

4. Удаление ссылок, ip-адресов.

5. Удаление чисел и цифр.

6. Удаление всей пунктуации, кроме ""'"", ""."", ""!"", ""?"". При этом также удалялись дублирующиеся знаки, то есть подстрока вида ""!!!!!"" приводилась к ""!"".

7. Замена знаков окончания предложения на специальные токены. ""!"" заменялся на "" exclmrk "", ""?"" — на "" qstmrk "", ""."" — на "" eosmkr "". Это было сделано для того, чтобы не потерять информацию об этих знаках на этапе трансформации текста в векторное представление."
llamaparse,D04,TXT_007,7,bbox_iou,2215,562,24.479938843587842,9,"В качестве множества для обучения нейронной сети на основе точных ре-
шений было сформировано 1000 примеров (данное множество будем именовать
обучающим). Для тестирования было сформировано отдельное множество из
500 примеров, не имеющее пересечений с обучающим (далее тестовым). Для ис-
следования влияния шума на результат прогноза в указанные множества искус-
ственно был привнесен шум в размере не более 5 % (далее обучающее+5 % шум,
тестовое + 5 % шум). Для нейронных сетей, соответствующих N = 40, обучаю-
щее множество состояло из 3000 примеров, тестовое — из 1000.
Поясним подробнее, как формировались примеры для обучения и тестиро-
вания. Для построения точных решений прямой задачи (5) воспользуемся фор-
мулой (6). Эти точные решения, соответствующие заданным значениям α и λ,
будут использоваться при обучении.
Алгоритм построения примеров для обучения нейронной сети (для задан-
ного значения N) состоит из следующих шагов.
Шаг 1. Выберем случайным образом с равномерным распределением в ин-
тервале (0, 1) параметры α и λ.
Шаг 2.
Аналогичным образом выберем некоторое количество коэффи-
циентов Cn из интервала (−10, 10) (значения нижнего индекса n не обязательно
выбирать последовательными).
Шаг 3. Подставив выбранные значения в (6), получим функцию u(x, t),
состоящую из конечного числа слагаемых и удовлетворяющую системе (5).
Шаг 4. Для получения входных данных для обратной задачи достаточно
выбрать координату точки измерения x0 ∈(0, 1) и вычислить значения ui =
u(x0, ti) = u(x0, i/N).
Выполнив последовательно шаги 1–4, получим пример для обучения или
тестирования нейронной сети, основанный на точном решении дифференциаль-
ной задачи.
Для формирования зашумленных данных ˜ui во входные данные для нейрон-
ной сети на шаге 4 вносился аддитивный шум: к точному решению ui добавля-
лась некоторая случайная ошибка ξi (˜ui = ui + ξi), равномерно распределенная
на симметричном относительно нуля интервале [−Emaxui, Emaxui].
Значение
определяет максимальный уровень вносимой ошибки. Эти данные необходи-
мы для понимания того, насколько нейронная сеть восприимчива к шуму во
входных данных. Физически он соответствует ошибке измерения функции кон-
центрации вещества в заданной точке наблюдения.","В качестве множества для обучения нейронной сети на основе точных решений было сформировано 1000 примеров (данное множество будем именовать обучающим). Для тестирования было сформировано отдельное множество из 500 примеров, не имеющее пересечений с обучающим (далее тестовым). Для исследования влияния шума на результат прогноза в указанные множества искусственно был привнесен шум в размере не более 5% (далее обучающее+5% шум, тестовое + 5% шум). Для нейронных сетей, соответствующих $N = 40$, обучающее множество состояло из 3000 примеров, тестовое — из 1000.","В качестве множества для обучения нейронной сети на основе точных решений было сформировано 1000 примеров (данное множество будем именовать обучающим). Для тестирования было сформировано отдельное множество из 500 примеров, не имеющее пересечений с обучающим (далее тестовым). Для исследования влияния шума на результат прогноза в указанные множества искусственно был привнесен шум в размере не более 5% (далее обучающее+5% шум, тестовое + 5% шум). Для нейронных сетей, соответствующих $N = 40$, обучающее множество состояло из 3000 примеров, тестовое — из 1000. Поясним подробнее, как формировались примеры для обучения и тестирования. Для построения точных решений прямой задачи (5) воспользуемся формулой (6). Эти точные решения, соответствующие заданным значениям $\alpha$ и $\lambda$, будут использоваться при обучении. Алгоритм построения примеров для обучения нейронной сети (для заданного значения $N$) состоит из следующих шагов. Шаг 1. Выберем случайным образом с равномерным распределением в интервале (0, 1) параметры $\alpha$ и $\lambda$. Шаг 2. Аналогичным образом выберем некоторое количество коэффициентов $C_n$ из интервала $(-10, 10)$ (значения нижнего индекса $n$ не обязательно выбирать последовательными). Шаг 3. Подставив выбранные значения в (6), получим функцию $u(x, t)$, состоящую из конечного числа слагаемых и удовлетворяющую системе (5). Шаг 4. Для получения входных данных для обратной задачи достаточно выбрать координату точки измерения $x_0 \in (0, 1)$ и вычислить значения $u_i = u(x_0, t_i) = u(x_0, i/N)$. Выполнив последовательно шаги 1–4, получим пример для обучения или тестирования нейронной сети, основанный на точном решении дифференциальной задачи. Для формирования зашумленных данных $\tilde{u}_i$ во входные данные для нейронной сети на шаге 4 вносился аддитивный шум: к точному решению $u_i$ добавлялась некоторая случайная ошибка $\xi_i$ ($\tilde{u}_i = u_i + \xi_i$), равномерно распределенная на симметричном относительно нуля интервале $[-E_{max}u_i, E_{max}u_i]$. Значение определяет максимальный уровень вносимой ошибки. Эти данные необходимы для понимания того, насколько нейронная сеть восприимчива к шуму во входных данных. Физически он соответствует ошибке измерения функции концентрации вещества в заданной точке наблюдения."
llamaparse,D04,TXT_008,9,bbox_iou,1049,437,33.60496411483253,4,"3. Метод показал себя устойчивым к шуму в начальных данных: в боль-
шинстве рассматриваемых моделей внесение шума в исходные данные обрат-
ной задачи в размере не более 5 % дает 5–7 % снижения точности распознавания
и весьма незначительное увеличение средней ошибки (порядка 0,02–0,03).
Но наиболее неожиданным, на наш взгляд, результатом является то, что
дополнительное знание о расположении измерительного прибора (координа-
та x0) не дает существенного повышения точности определения параметра
дробного дифференцирования α.
Этот факт позволяет выдвинуть гипотезу
о том, что предложенный метод может быть успешно применен для решения
обратной задачи в области Ω′ = {(x, t) : −∞< x < ∞, t ≥0}.
Данные в табл. 5, 6 дают представление о максимальной ошибке восста-
новления параметров задачи (5), но не говорят о том, как часто возникает
ошибка, большая допустимой.
Разобьем отрезок [0, 2] на 11 интервалов [0, 00; 0, 02), [0, 02; 0, 04), [0, 04;
0, 06), [0, 06; 0, 08), [0, 08; 0, 10), [0, 10; 0, 12), [0, 12; 0, 14), [0, 14; 0, 16), [0, 16; 0, 18),","Но наиболее неожиданным, на наш взгляд, результатом является то, что дополнительное знание о расположении измерительного прибора (координата $x_0$) не дает существенного повышения точности определения параметра дробного дифференцирования $\alpha$. Этот факт позволяет выдвинуть гипотезу о том, что предложенный метод может быть успешно применен для решения обратной задачи в области $\Omega' = \{(x, t): -\infty < x < \infty, t \ge 0\}$.","3. Метод показал себя устойчивым к шуму в начальных данных: в большинстве рассматриваемых моделей внесение шума в исходные данные обратной задачи в размере не более 5% дает 5–7 % снижения точности распознавания и весьма незначительное увеличение средней ошибки (порядка 0,02–0,03). Но наиболее неожиданным, на наш взгляд, результатом является то, что дополнительное знание о расположении измерительного прибора (координата $x_0$) не дает существенного повышения точности определения параметра дробного дифференцирования $\alpha$. Этот факт позволяет выдвинуть гипотезу о том, что предложенный метод может быть успешно применен для решения обратной задачи в области $\Omega' = \{(x, t): -\infty < x < \infty, t \ge 0\}$. Данные в табл. 5, 6 дают представление о максимальной ошибке восстановления параметров задачи (5), но не говорят о том, как часто возникает ошибка, большая допустимой. Разобьем отрезок $[0, 2]$ на 11 интервалов $[0, 00; 0, 02)$, $[0, 02; 0, 04)$, $[0, 04; 0, 06)$, $[0, 06; 0, 08)$, $[0, 08; 0, 10)$, $[0, 10; 0, 12)$, $[0, 12; 0, 14)$, $[0, 14; 0, 16)$, $[0, 16; 0, 18)$,"
llamaparse,D05,TXT_009,10,bbox_iou,1428,1306,82.57815702500513,2,"5.2. Поверхностные электронные состояния 
Поверхностные электронные состояния (ПЭС) играют 
важную роль в теории полупроводников, так как именно 
они определяют контактные электронные свойства [34]. 
Реальная поверхность любого металла покрыта оксид­
ной пленкой, свойства которой ближе к полупроводни­
ковым, то же самое можно сказать и о л ю б о м металличе­
ском электроде. П о определению П Э С связаны только с 
узкой областью вблизи поверхности, где свойства кри­
сталла сильно отличаются от свойств бесконечной кри­
сталлической решетки. В этой области возникает нерав­
н о м е р н о е распределение з а р я д о в как по н о р м а л и к 
поверхности, так и вдоль нее; имеются специфические 
центры адсорбции электронов, связанные с дефектами 
кристаллической решетки, геометрическими неоднород-
н о с т я м и и т.д. В качестве п р и м е р а приведем схему 
распределения поверхностных электронов на границе 
кристалла кремния, покрытого оксидной пленкой S i 0 2 
(рис. 10) [34]. Из рисунка видно, что по мере продвижения 
от свободной поверхности (т.е. оксида кремния) к кри­
сталлу кремния П Э С изменяются, последовательно пере­
ходя от локализованных состояний 7, 2 (обусловленных 
наличием ловушек, образованных за счет адсорбции 
молекул воды с последующим формированием связей 
S i - О Н . . . Н О - S i ) к состояниям медленных 3 и быстрых 
4 поверхностных электронов и, наконец, к рекомбина-
ционным состояниям 5.","Поверхностные электронные состояния (ПЭС) играют важную роль в теории полупроводников, так как именно они определяют контактные электронные свойства [34]. Реальная поверхность любого металла покрыта оксидной пленкой, свойства которой ближе к полупроводниковым, то же самое можно сказать и о любом металлическом электроде. По определению ПЭС связаны только с узкой областью вблизи поверхности, где свойства кристалла сильно отличаются от свойств бесконечной кристаллической решетки. В этой области возникает неравномерное распределение зарядов как по нормали к поверхности, так и вдоль нее; имеются специфические центры адсорбции электронов, связанные с дефектами кристаллической решетки, геометрическими неоднородностями и т.д. В качестве примера приведем схему распределения поверхностных электронов на границе кристалла кремния, покрытого оксидной пленкой SiO<sub>2</sub> (рис. 10) [34]. Из рисунка видно, что по мере продвижения от свободной поверхности (т.е. оксида кремния) к кристаллу кремния ПЭС изменяются, последовательно переходя от локализованных состояний 1, 2 (обусловленных наличием ловушек, образованных за счет адсорбции молекул воды с последующим формированием связей Si–OH...HO–Si) к состояниям медленных 3 и быстрых 4 поверхностных электронов и, наконец, к рекомбинационным состояниям 5.","5.2. Поверхностные электронные состояния Поверхностные электронные состояния (ПЭС) играют важную роль в теории полупроводников, так как именно они определяют контактные электронные свойства [34]. Реальная поверхность любого металла покрыта оксидной пленкой, свойства которой ближе к полупроводниковым, то же самое можно сказать и о любом металлическом электроде. По определению ПЭС связаны только с узкой областью вблизи поверхности, где свойства кристалла сильно отличаются от свойств бесконечной кристаллической решетки. В этой области возникает неравномерное распределение зарядов как по нормали к поверхности, так и вдоль нее; имеются специфические центры адсорбции электронов, связанные с дефектами кристаллической решетки, геометрическими неоднородностями и т.д. В качестве примера приведем схему распределения поверхностных электронов на границе кристалла кремния, покрытого оксидной пленкой SiO<sub>2</sub> (рис. 10) [34]. Из рисунка видно, что по мере продвижения от свободной поверхности (т.е. оксида кремния) к кристаллу кремния ПЭС изменяются, последовательно переходя от локализованных состояний 1, 2 (обусловленных наличием ловушек, образованных за счет адсорбции молекул воды с последующим формированием связей Si–OH...HO–Si) к состояниям медленных 3 и быстрых 4 поверхностных электронов и, наконец, к рекомбинационным состояниям 5."
